beta,gamma,Az,Az_over_gamma,C_sail,C_sail_eq,dC_from_eq,T_nd,T_days,x0,x_eq,dx_over_gamma,vy0,nu_max,lambda_max,delta,stable,is_fold,seeded_by
0.032000,0.0151338167,0.0007566908,0.05000000,2.9360180495,2.9360957298,-7.7680248750e-05,4.4914066256,261.091499,0.981538920966,0.984863180280,0.21965770,0.011226882436,162.357687,324.712295,0.10502122,0,0,bootstrap
0.032000,0.0151338167,0.0010170971,0.06720691,2.9360167809,2.9360957298,-7.8948891686e-05,4.4917085913,261.109053,0.981530442235,0.984863180280,0.22021795,0.011263388526,161.201577,322.400052,0.10539610,0,0,bootstrap
0.032000,0.0151338167,0.0012582590,0.08314221,2.9360152759,2.9360957298,-8.0453823049e-05,4.4920648651,261.129763,0.981520408119,0.984863180280,0.22088097,0.011306549635,159.839780,319.676432,0.10583909,0,0,bootstrap
0.032000,0.0151338167,0.0015467829,0.10220706,2.9360130606,2.9360957298,-8.2669209684e-05,4.4925855087,261.160029,0.981505682718,0.984863180280,0.22185399,0.011369806614,157.854003,315.704838,0.10648789,0,0,bootstrap
0.032000,0.0151338167,0.0018115604,0.11970281,2.9360106322,2.9360957298,-8.5097566005e-05,4.4931509402,261.192898,0.981489602247,0.984863180280,0.22291654,0.011438769580,155.702922,311.402633,0.10719457,0,0,bootstrap
0.032000,0.0151338167,0.0021278009,0.14059909,2.9360072399,2.9360957298,-8.8489871950e-05,4.4939315689,261.238277,0.981467239772,0.984863180280,0.22439419,0.011534469631,152.742227,305.481180,0.10817410,0,0,bootstrap
0.032000,0.0151338167,0.0024191725,0.15985211,2.9360036445,2.9360957298,-9.2085294323e-05,4.4947470808,261.285684,0.981443660592,0.984863180280,0.22595223,0.011635113660,149.659734,299.316127,0.10920271,0,0,bootstrap
0.032000,0.0151338167,0.0027697525,0.18301744,2.9359987274,2.9360957298,-9.7002363676e-05,4.4958424628,261.349360,0.981411604210,0.984863180280,0.22807043,0.011771496792,145.534848,291.066261,0.11059395,0,0,bootstrap
0.032000,0.0151338167,0.0030960028,0.20457515,2.9359935783,2.9360957298,-1.0215147224e-04,4.4969646609,261.414595,0.981378252865,0.984863180280,0.23027419,0.011912830516,141.325203,282.646868,0.11203230,0,0,bootstrap
0.032000,0.0151338167,0.0034932296,0.23082278,2.9359865728,2.9360957298,-1.0915697027e-04,4.4984501234,261.500947,0.981333200760,0.984863180280,0.23325111,0.012102816009,135.773559,271.543436,0.11395991,0,0,bootstrap
0.032000,0.0151338167,0.0039771354,0.26279791,2.9359769630,2.9360957298,-1.1876676817e-04,4.5004092493,261.614834,0.981271930650,0.984863180280,0.23729966,0.012359415236,128.476261,256.948630,0.11655177,0,0,bootstrap
0.032000,0.0151338167,0.0045705750,0.30201073,2.9359635945,2.9360957298,-1.3213528378e-04,4.5029806680,261.764314,0.981187533564,0.984863180280,0.24287639,0.012709392191,118.908112,237.812020,0.12006294,0,0,bootstrap
0.032000,0.0151338167,0.0053110608,0.35093994,2.9359445164,2.9360957298,-1.5121338316e-04,4.5063319804,261.959130,0.981068329575,0.984863180280,0.25075305,0.013196597135,106.352039,212.699376,0.12489899,0,0,bootstrap
0.032000,0.0151338167,0.0062727838,0.41448790,2.9359158388,2.9360957298,-1.7989093318e-04,4.5106392768,262.209519,0.980890677537,0.984863180280,0.26249180,0.013906873166,89.679792,179.354009,0.13182462,0,0,bootstrap
0.032000,0.0151338167,0.0075818699,0.50098862,2.9358697442,2.9360957298,-2.2598558017e-04,4.5156202991,262.499072,0.980605326067,0.984863180280,0.28134702,0.015008607626,67.639910,135.272428,0.14222637,0,0,bootstrap
0.032000,0.0151338167,0.0084051136,0.55538624,2.9358364457,2.9360957298,-2.5928409056e-04,4.5176272359,262.615738,0.980396844640,0.984863180280,0.29512288,0.015784970559,54.772652,109.536174,0.14927989,0,0,bootstrap
0.032000,0.0151338167,0.0090701095,0.59932730,2.9358069199,2.9360957298,-2.8880986126e-04,4.5182055194,262.649355,0.980208950977,0.984863180280,0.30753837,0.016466149373,45.149852,90.288629,0.15527309,0,0,bootstrap
0.032000,0.0151338167,0.0098992008,0.65411132,2.9357663941,2.9360957298,-3.2933568198e-04,4.5170025395,262.579424,0.979944774425,0.984863180280,0.32499441,0.017398144213,34.246313,68.478023,0.16318609,0,0,bootstrap
0.032000,0.0151338167,0.0104943106,0.69343450,2.9357342960,2.9360957298,-3.6143376897e-04,4.5142394723,262.418803,0.979729213900,0.984863180280,0.33923804,0.018139947663,27.208037,54.397691,0.16927069,0,0,bootstrap
0.032000,0.0151338167,0.0108852208,0.71926475,2.9357115292,2.9360957298,-3.8420053080e-04,4.5111947293,262.241808,0.979572395669,0.984863180280,0.34960015,0.018670992311,22.946415,45.871030,0.17353032,0,0,bootstrap
0.032000,0.0151338167,0.0112550522,0.74370216,2.9356884718,2.9360957298,-4.0725791296e-04,4.5070854405,262.002930,0.979409902889,0.984863180280,0.36033722,0.019215030085,19.173808,38.321521,0.17783126,0,0,bootstrap
0.032000,0.0151338167,0.0116082948,0.76704344,2.9356647134,2.9360957298,-4.3101636356e-04,4.5016360188,261.686147,0.979238279284,0.984863180280,0.37167762,0.019784206360,15.797044,31.562404,0.18228867,0,0,bootstrap
0.032000,0.0151338167,0.0118937525,0.78590568,2.9356438955,2.9360957298,-4.5183428206e-04,4.4957022114,261.341207,0.979084144956,0.984863180280,0.38186238,0.020291906909,13.219723,26.401569,0.18625553,0,0,bootstrap
0.032000,0.0151338167,0.0121159233,0.80058610,2.9356263516,2.9360957298,-4.6937820071e-04,4.4897334976,260.994238,0.978951366564,0.984863180280,0.39063601,0.020727585234,11.297843,22.551344,0.18967628,0,0,bootstrap
0.032000,0.0151338167,0.0122938335,0.81234190,2.9356111612,2.9360957298,-4.8456851766e-04,4.4837436715,260.646041,0.978834174652,0.984863180280,0.39837972,0.021111530000,9.803232,19.555327,0.19272271,0,0,bootstrap
0.032000,0.0151338167,0.0124387765,0.82191933,2.9355977703,2.9360957298,-4.9795946056e-04,4.4777399112,260.297034,0.978729097499,0.984863180280,0.40532292,0.021455855424,8.606727,17.155163,0.19549607,0,0,bootstrap
0.032000,0.0151338167,0.0125580965,0.82980366,2.9355858137,2.9360957298,-5.0991608544e-04,4.4717263808,259.947460,0.978633848477,0.984863180280,0.41161671,0.021768479065,7.628195,15.190560,0.19806169,0,0,bootstrap
0.032000,0.0151338167,0.0126568843,0.83633128,2.9355750353,2.9360957298,-5.2069447688e-04,4.4657056904,259.597469,0.978546822298,0.984863180280,0.41736715,0.022054916170,6.814622,13.555473,0.20046437,0,0,bootstrap
0.032000,0.0151338167,0.0127388402,0.84174670,2.9355652469,2.9360957298,-5.3048286977e-04,4.4596795727,259.247163,0.978466836989,0.984863180280,0.42265236,0.022319195703,6.129230,12.176333,0.20273630,0,0,bootstrap
0.032000,0.0151338167,0.0128067531,0.84623419,2.9355563051,2.9360957298,-5.3942470174e-04,4.4536492309,258.896611,0.978392989436,0.984863180280,0.42753199,0.022564371600,5.545552,11.000197,0.20490145,0,0,bootstrap
0.032000,0.0151338167,0.0128627863,0.84993671,2.9355480973,2.9360957298,-5.4763244322e-04,4.4476155302,258.545864,0.978324568865,0.984863180280,0.43205303,0.022792828126,5.043979,9.987836,0.20697820,0,0,bootstrap
0.032000,0.0151338167,0.0129086578,0.85296776,2.9355405334,2.9360957298,-5.5519635102e-04,4.4415791116,258.194959,0.978261002168,0.984863180280,0.43625334,0.023006472246,4.609632,9.109488,0.20898090,0,0,bootstrap
0.032000,0.0151338167,0.0129457577,0.85541922,2.9355335395,2.9360957298,-5.6219025465e-04,4.4355404611,257.843924,0.978201817851,0.984863180280,0.44016407,0.023206860188,4.230999,8.342124,0.21092103,0,0,bootstrap
0.032000,0.0151338167,0.0129752294,0.85736662,2.9355270542,2.9360957298,-5.6867552136e-04,4.4294999550,257.492781,0.978146621375,0.984863180280,0.44381130,0.023395283736,3.899023,7.667628,0.21280791,0,0,bootstrap
0.032000,0.0151338167,0.0129980259,0.85887296,2.9355210259,2.9360957298,-5.7470385698e-04,4.4234578898,257.141548,0.978095077787,0.984863180280,0.44721716,0.023572830879,3.606476,7.071540,0.21464918,0,0,bootstrap
0.032000,0.0151338167,0.0130149510,0.85999132,2.9355154104,2.9360957298,-5.8031933641e-04,4.4174145022,256.790237,0.978046899158,0.984863180280,0.45040067,0.023740429543,3.347517,6.542179,0.21645118,0,0,bootstrap
0.032000,0.0151338167,0.0130266890,0.86076693,2.9355101699,2.9360957298,-5.8555990914e-04,4.4113699841,256.438861,0.978001835293,0.984863180280,0.45337836,0.023898879844,3.117375,6.070006,0.21821927,0,0,bootstrap
0.032000,0.0151338167,0.0130338279,0.86123865,2.9355052712,2.9360957298,-5.9045853777e-04,4.4053244927,256.087429,0.977959666725,0.984863180280,0.45616474,0.024048878346,2.912118,5.647156,0.21995796,0,0,bootstrap
0.032000,0.0151338167,0.0130368765,0.86144010,2.9355006857,2.9360957298,-5.9504407392e-04,4.3992781580,255.735947,0.977920199343,0.984863180280,0.45877263,0.024191036620,2.728473,5.267087,0.22167110,0,0,bootstrap
0.032000,0.0151338167,0.0130362783,0.86140056,2.9354963878,2.9360957298,-5.9934194280e-04,4.3932310887,255.384423,0.977883260196,0.984863180280,0.46121347,0.024325895668,2.563697,4.924319,0.22336202,0,1,bootstrap
0.032000,0.0151338167,0.0130324217,0.86114573,2.9354923551,2.9360957298,-6.0337468545e-04,4.3871833761,255.032861,0.977848694189,0.984863180280,0.46349749,0.024453937281,2.415474,4.614226,0.22503358,0,0,bootstrap
0.032000,0.0151338167,0.0130256491,0.86069822,2.9354885674,2.9360957298,-6.0716239375e-04,4.3811350977,254.681267,0.977816361424,0.984863180280,0.46563395,0.024575593113,2.281837,4.332881,0.22668828,0,0,bootstrap
0.032000,0.0151338167,0.0130162636,0.86007805,2.9354850067,2.9360957298,-6.1072306326e-04,4.3750863197,254.329643,0.977786135064,0.984863180280,0.46763122,0.024691251987,2.161106,4.076929,0.22832830,0,0,bootstrap
0.032000,0.0151338167,0.0130045345,0.85930302,2.9354816569,2.9360957298,-6.1407288239e-04,4.3690370988,253.977994,0.977757899571,0.984863180280,0.46949694,0.024801265866,2.051835,3.843490,0.22995554,0,0,bootstrap
0.032000,0.0151338167,0.0129907020,0.85838901,2.9354785033,2.9360957298,-6.1722647151e-04,4.3629874841,253.626322,0.977731549258,0.984863180280,0.47123810,0.024905954754,1.952777,3.630077,0.23157171,0,0,bootstrap
0.032000,0.0151338167,0.0129749813,0.85735024,2.9354755327,2.9360957298,-6.2019708244e-04,4.3569375180,253.274629,0.977706987084,0.984863180280,0.47286110,0.025005610774,1.862848,3.434536,0.23317829,0,0,bootstrap
0.032000,0.0151338167,0.0129575657,0.85619946,2.9354727330,2.9360957298,-6.2299676611e-04,4.3508872377,252.922918,0.977684123635,0.984863180280,0.47437185,0.025100501580,1.781106,3.254991,0.23477661,0,0,bootstrap
0.032000,0.0151338167,0.0129386291,0.85494818,2.9354700932,2.9360957298,-6.2563651447e-04,4.3448366756,252.571191,0.977662876269,0.984863180280,0.47577582,0.025190873226,1.706723,3.089801,0.23636785,0,0,bootstrap
0.032000,0.0151338167,0.0129183285,0.85360678,2.9354676034,2.9360957298,-6.2812638145e-04,4.3387858603,252.219449,0.977643168380,0.984863180280,0.47707806,0.025276952611,1.638975,2.937527,0.23795307,0,0,bootstrap
0.032000,0.0151338167,0.0128968064,0.85218465,2.9354652542,2.9360957298,-6.3047558662e-04,4.3327348168,251.867694,0.977624928775,0.984863180280,0.47828328,0.025358949563,1.577220,2.796902,0.23953321,0,0,bootstrap
0.032000,0.0151338167,0.0128741915,0.85069033,2.9354630372,2.9360957298,-6.3269260460e-04,4.3266835674,251.515926,0.977608091126,0.984863180280,0.47939586,0.025437058632,1.520893,2.666807,0.24110913,0,0,bootstrap
0.032000,0.0151338167,0.0128506011,0.84913154,2.9354609445,2.9360957298,-6.3478524243e-04,4.3206321319,251.164148,0.977592593507,0.984863180280,0.48041990,0.025511460638,1.469491,2.546248,0.24268160,0,0,bootstrap
0.032000,0.0151338167,0.0128261421,0.84751536,2.9354589691,2.9360957298,-6.3676070707e-04,4.3145805278,250.812360,0.977578377975,0.984863180280,0.48135923,0.025582324017,1.422566,2.434344,0.24425130,0,0,bootstrap
0.032000,0.0151338167,0.0128009117,0.84584821,2.9354571041,2.9360957298,-6.3862566432e-04,4.3085287708,250.460564,0.977565390217,0.984863180280,0.48221742,0.025649805996,1.379718,2.330307,0.24581885,0,0,bootstrap
0.032000,0.0151338167,0.0127749989,0.84413596,2.9354553435,2.9360957298,-6.4038629064e-04,4.3024768751,250.108759,0.977553579229,0.984863180280,0.48299786,0.025714053626,1.340588,2.233435,0.24738484,0,0,bootstrap
0.032000,0.0151338167,0.0127484851,0.84238400,2.9354536814,2.9360957298,-6.4204831877e-04,4.2964248531,249.756947,0.977542897037,0.984863180280,0.48370371,0.025775204686,1.304855,2.143095,0.24894978,0,0,bootstrap
0.032000,0.0151338167,0.0127214448,0.84059725,2.9354521127,2.9360957298,-6.4361707814e-04,4.2903727162,249.405128,0.977533298449,0.984863180280,0.48433795,0.025833388487,1.272229,2.058719,0.25051413,0,0,bootstrap
0.032000,0.0151338167,0.0126939464,0.83878024,2.9354506322,2.9360957298,-6.4509753074e-04,4.2843204747,249.053303,0.977524740830,0.984863180280,0.48490342,0.025888726588,1.242450,1.979797,0.25207833,0,0,bootstrap
0.032000,0.0151338167,0.0126660527,0.83693710,2.9354492355,2.9360957298,-6.4649430306e-04,4.2782681377,248.701472,0.977517183904,0.984863180280,0.48540276,0.025941333425,1.215281,1.905865,0.25364276,0,0,bootstrap
0.032000,0.0151338167,0.0126378214,0.83507165,2.9354479180,2.9360957298,-6.4781171460e-04,4.2722157136,248.349637,0.977510589578,0.984863180280,0.48583849,0.025991316884,1.190508,1.836501,0.25520779,0,0,bootstrap
0.032000,0.0151338167,0.0126093056,0.83318741,2.9354466760,2.9360957298,-6.4905380348e-04,4.2661632099,247.997797,0.977504921779,0.984863180280,0.48621300,0.026038778808,1.167937,1.771324,0.25677373,0,0,bootstrap
0.032000,0.0151338167,0.0125805544,0.83128761,2.9354455054,2.9360957298,-6.5022434933e-04,4.2601106335,247.645952,0.977500146308,0.984863180280,0.48652855,0.026083815453,1.147391,1.709981,0.25834091,0,0,bootstrap
0.032000,0.0151338167,0.0125516127,0.82937523,2.9354444029,2.9360957298,-6.5132689403e-04,4.2540579906,247.294104,0.977496230710,0.984863180280,0.48678729,0.026126517906,1.128711,1.652150,0.25990958,0,0,bootstrap
0.032000,0.0151338167,0.0125225223,0.82745302,2.9354433650,2.9360957298,-6.5236476031e-04,4.2480052870,246.942252,0.977493144154,0.984863180280,0.48699124,0.026166972453,1.111749,1.597533,0.26148001,0,0,bootstrap
0.032000,0.0151338167,0.0124933215,0.82552351,2.9354423887,2.9360957298,-6.5334106868e-04,4.2419525277,246.590397,0.977490857326,0.984863180280,0.48714234,0.026205260922,1.096371,1.545849,0.26305242,0,0,bootstrap
0.032000,0.0151338167,0.0124640459,0.82358906,2.9354414710,2.9360957298,-6.5425875268e-04,4.2358997175,246.238539,0.977489342325,0.984863180280,0.48724245,0.026241460988,1.082456,1.496836,0.26462705,0,0,bootstrap
0.032000,0.0151338167,0.0124347282,0.82165183,2.9354406092,2.9360957298,-6.5512057283e-04,4.2298468608,245.886679,0.977488572576,0.984863180280,0.48729331,0.026275646457,1.069890,1.450239,0.26620407,0,0,bootstrap
0.032000,0.0151338167,0.0124053989,0.81971383,2.9354398006,2.9360957298,-6.5592912922e-04,4.2237939614,245.534815,0.977488522746,0.984863180280,0.48729661,0.026307887518,1.058572,1.405810,0.26778370,0,0,bootstrap
0.032000,0.0151338167,0.0123760859,0.81777691,2.9354390429,2.9360957298,-6.5668687308e-04,4.2177410230,245.182950,0.977489168668,0.984863180280,0.48725393,0.026338250982,1.048406,1.363295,0.26936608,0,0,bootstrap
0.032000,0.0151338167,0.0123468154,0.81584280,2.9354383336,2.9360957298,-6.5739611730e-04,4.2116880490,244.831082,0.977490487267,0.984863180280,0.48716680,0.026366800493,1.039306,1.322426,0.27095138,0,0,bootstrap
0.032000,0.0151338167,0.0123176115,0.81391309,2.9354376707,2.9360957298,-6.5805904607e-04,4.2056350423,244.479213,0.977492456500,0.984863180280,0.48703668,0.026393596729,1.031193,1.282903,0.27253975,0,0,bootstrap
0.032000,0.0151338167,0.0122884964,0.81198924,2.9354370520,2.9360957298,-6.5867772370e-04,4.1995820059,244.127342,0.977495055293,0.984863180280,0.48686495,0.026418697580,1.023992,1.244354,0.27413133,0,0,bootstrap
0.032000,0.0151338167,0.0122594908,0.81007263,2.9354364757,2.9360957298,-6.5925410271e-04,4.1935289421,243.775469,0.977498263486,0.984863180280,0.48665297,0.026442158318,1.017636,1.206273,0.27572624,0,0,bootstrap
0.032000,0.0151338167,0.0122306139,0.80816453,2.9354359397,2.9360957298,-6.5979003129e-04,4.1874758536,243.423595,0.977502061782,0.984863180280,0.48640199,0.026464031752,1.012064,1.167863,0.27732461,0,0,bootstrap
0.032000,0.0151338167,0.0122018837,0.80626612,2.9354354425,2.9360957298,-6.6028725689e-04,4.1814227423,243.071720,0.977506431766,0.984863180280,0.48611323,0.026484368167,1.007217,1.127573,0.27892653,0,0,bootstrap
0.032000,0.0151338167,0.0121733163,0.80437847,2.9354349823,2.9360957298,-6.6074744583e-04,4.1753696105,242.719843,0.977511355587,0.984863180280,0.48578788,0.026503216280,1.003042,1.081100,0.28053212,0,0,bootstrap
0.032000,0.0151338167,0.0121449273,0.80250260,2.9354345576,2.9360957298,-6.6117216875e-04,4.1693164598,242.367965,0.977516816336,0.984863180280,0.48542705,0.026520622106,0.999490,1.000000,0.28214147,1,0,bootstrap
0.032000,0.0151338167,0.0121167307,0.80063945,2.9354341668,2.9360957298,-6.6156291985e-04,4.1632632921,242.016086,0.977522797721,0.984863180280,0.48503181,0.026536629928,0.996516,1.000000,0.28375467,1,0,bootstrap
0.032000,0.0151338167,0.0120887398,0.79878989,2.9354338086,2.9360957298,-6.6192111836e-04,4.1572101089,241.664207,0.977529284106,0.984863180280,0.48460321,0.026551282182,0.994078,1.000000,0.28537181,1,0,bootstrap
0.032000,0.0151338167,0.0120609668,0.79695473,2.9354334816,2.9360957298,-6.6224811311e-04,4.1511569118,241.312326,0.977536260478,0.984863180280,0.48414223,0.026564619557,0.992137,1.000000,0.28699297,1,0,bootstrap
0.032000,0.0151338167,0.0120334229,0.79513471,2.9354331846,2.9360957298,-6.6254518682e-04,4.1451037020,240.960445,0.977543712410,0.984863180280,0.48364983,0.026576681088,0.990657,1.000000,0.28861821,1,0,bootstrap
0.032000,0.0151338167,0.0120061188,0.79333053,2.9354329162,2.9360957298,-6.6281356003e-04,4.1390504809,240.608563,0.977551626041,0.984863180280,0.48312692,0.026587504240,0.989605,1.000000,0.29024761,1,0,bootstrap
0.032000,0.0151338167,0.0119790641,0.79154283,2.9354326754,2.9360957298,-6.6305439483e-04,4.1329972496,240.256681,0.977559988039,0.984863180280,0.48257438,0.026597124993,0.988949,1.000000,0.29188124,1,0,bootstrap
0.032000,0.0151338167,0.0119522679,0.78977221,2.9354324610,2.9360957298,-6.6326879826e-04,4.1269440092,239.904798,0.977568785582,0.984863180280,0.48199306,0.026605577910,0.988661,1.000000,0.29351915,1,0,bootstrap
0.032000,0.0151338167,0.0119257385,0.78801922,2.9354322719,2.9360957298,-6.6345782547e-04,4.1208907607,239.552914,0.977578006331,0.984863180280,0.48138378,0.026612896213,0.988715,1.000000,0.29516140,1,0,bootstrap
0.032000,0.0151338167,0.0118994836,0.78628437,2.9354321073,2.9360957298,-6.6362248272e-04,4.1148375050,239.201030,0.977587638406,0.984863180280,0.48074732,0.026619111847,0.989085,1.000000,0.29680805,1,0,bootstrap
0.032000,0.0151338167,0.0118735105,0.78456815,2.9354319660,2.9360957298,-6.6376373014e-04,4.1087842431,238.849146,0.977597670369,0.984863180280,0.48008444,0.026624255541,0.989749,1.000000,0.29845915,1,0,bootstrap
0.032000,0.0151338167,0.0118478258,0.78287097,2.9354318473,2.9360957298,-6.6388248430e-04,4.1027309757,238.497261,0.977608091199,0.984863180280,0.47939586,0.026628356868,0.990686,1.000000,0.30011475,1,0,bootstrap
0.032000,0.0151338167,0.0118224356,0.78119326,2.9354317501,2.9360957298,-6.6397962064e-04,4.0966777036,238.145377,0.977618890275,0.984863180280,0.47868229,0.026631444298,0.991875,1.000000,0.30177489,1,0,bootstrap
0.032000,0.0151338167,0.0117973456,0.77953538,2.9354316738,2.9360957298,-6.6405597569e-04,4.0906244275,237.793492,0.977630057359,0.984863180280,0.47794440,0.026633545250,0.993298,1.000000,0.30343962,1,0,bootstrap
0.032000,0.0151338167,0.0117725610,0.77789769,2.9354316174,2.9360957298,-6.6411234923e-04,4.0845711479,237.441606,0.977641582577,0.984863180280,0.47718284,0.026634686140,0.994939,1.000000,0.30510898,1,0,bootstrap
0.032000,0.0151338167,0.0117480867,0.77628050,2.9354315803,2.9360957298,-6.6414950619e-04,4.0785178657,237.089721,0.977653456405,0.984863180280,0.47639825,0.026634892429,0.996780,1.000000,0.30678301,1,0,bootstrap
0.032000,0.0151338167,0.0117239272,0.77468410,2.9354315616,2.9360957298,-6.6416817859e-04,4.0724645812,236.737835,0.977665669653,0.984863180280,0.47559124,0.026634188661,0.998803,1.000000,0.30846174,1,0,bootstrap
0.032000,0.0151338167,0.0117000864,0.77310877,2.9354315607,2.9360957298,-6.6416906720e-04,4.0664112950,236.385950,0.977678213451,0.984863180280,0.47476238,0.026632598507,1.001022,1.046243,0.31014521,0,0,bootstrap
0.032000,0.0151338167,0.0116765683,0.77155476,2.9354315769,2.9360957298,-6.6415284320e-04,4.0603580077,236.034064,0.977691079235,0.984863180280,0.47391224,0.026630144804,1.003376,1.085621,0.31183346,0,0,bootstrap
0.032000,0.0151338167,0.0116533762,0.77002229,2.9354316096,2.9360957298,-6.6412014970e-04,4.0543047196,235.682178,0.977704258734,0.984863180280,0.47304138,0.026626849590,1.005884,1.114524,0.31352651,0,0,bootstrap
0.032000,0.0151338167,0.0116305133,0.76851158,2.9354316582,2.9360957298,-6.6407160318e-04,4.0482514312,235.330292,0.977717743959,0.984863180280,0.47215031,0.026622734136,1.008529,1.139414,0.31522439,0,0,bootstrap
0.032000,0.0151338167,0.0116079826,0.76702281,2.9354317220,2.9360957298,-6.6400779484e-04,4.0421981429,234.978407,0.977731527192,0.984863180280,0.47123956,0.026617818982,1.011301,1.162062,0.31692715,0,0,bootstrap
0.032000,0.0151338167,0.0115857867,0.76555617,2.9354318005,2.9360957298,-6.6392929187e-04,4.0361448551,234.626521,0.977745600971,0.984863180280,0.47030960,0.026612123966,1.014189,1.183243,0.31863480,0,0,bootstrap
0.032000,0.0151338167,0.0115639281,0.76411181,2.9354318931,2.9360957298,-6.6383663862e-04,4.0300915681,234.274635,0.977759958086,0.984863180280,0.46936092,0.026605668253,1.017185,1.203372,0.32034737,0,0,bootstrap
0.032000,0.0151338167,0.0115424088,0.76268988,2.9354319994,2.9360957298,-6.6373035778e-04,4.0240382822,233.922749,0.977774591563,0.984863180280,0.46839398,0.026598470364,1.020280,1.222696,0.32206488,0,0,bootstrap
0.032000,0.0151338167,0.0115212310,0.76129051,2.9354321188,2.9360957298,-6.6361095139e-04,4.0179849978,233.570864,0.977789494658,0.984863180280,0.46740923,0.026590548198,1.023467,1.241378,0.32378737,0,0,bootstrap
0.032000,0.0151338167,0.0115003965,0.75991382,2.9354322509,2.9360957298,-6.6347890186e-04,4.0119317150,233.218978,0.977804660849,0.984863180280,0.46640709,0.026581919064,1.026738,1.259528,0.32551485,0,0,bootstrap
0.032000,0.0151338167,0.0114799068,0.75855992,2.9354323951,2.9360957298,-6.6333467293e-04,4.0058784343,232.867093,0.977820083824,0.984863180280,0.46538798,0.026572599697,1.030086,1.277225,0.32724735,0,0,bootstrap
0.032000,0.0151338167,0.0114597634,0.75722890,2.9354325511,2.9360957298,-6.6317871054e-04,3.9998251558,232.515208,0.977835757476,0.984863180280,0.46435231,0.026562606285,1.033505,1.294529,0.32898489,0,0,bootstrap
0.032000,0.0151338167,0.0114399676,0.75592085,2.9354327183,2.9360957298,-6.6301144367e-04,3.9937718797,232.163323,0.977851675895,0.984863180280,0.46330047,0.026551954488,1.036989,1.311484,0.33072749,0,0,bootstrap
0.032000,0.0151338167,0.0114205206,0.75463585,2.9354328965,2.9360957298,-6.6283328516e-04,3.9877186063,231.811438,0.977867833359,0.984863180280,0.46223283,0.026540659462,1.040533,1.328124,0.33247517,0,0,bootstrap
0.032000,0.0151338167,0.0114014234,0.75337396,2.9354330851,2.9360957298,-6.6264463245e-04,3.9816653358,231.459553,0.977884224327,0.984863180280,0.46114976,0.026528735871,1.044131,1.344479,0.33422795,0,0,bootstrap
0.032000,0.0151338167,0.0113826769,0.75213524,2.9354332839,2.9360957298,-6.6244586829e-04,3.9756120684,231.107669,0.977900843436,0.984863180280,0.46005162,0.026516197915,1.047778,1.360570,0.33598586,0,0,bootstrap
0.032000,0.0151338167,0.0113642819,0.75091975,2.9354334924,2.9360957298,-6.6223736142e-04,3.9695588042,230.755784,0.977917685489,0.984863180280,0.45893874,0.026503059339,1.051470,1.376417,0.33774890,0,0,bootstrap
0.032000,0.0151338167,0.0113462390,0.74972753,2.9354337103,2.9360957298,-6.6201946722e-04,3.9635055434,230.403900,0.977934745454,0.984863180280,0.45781147,0.026489333454,1.055203,1.392033,0.33951711,0,0,bootstrap
0.032000,0.0151338167,0.0113285488,0.74855861,2.9354339372,2.9360957298,-6.6179252829e-04,3.9574522862,230.052016,0.977952018456,0.984863180280,0.45667012,0.026475033152,1.058973,1.407434,0.34129049,0,0,bootstrap
0.032000,0.0151338167,0.0113112118,0.74741303,2.9354341729,2.9360957298,-6.6155687504e-04,3.9513990328,229.700132,0.977969499770,0.984863180280,0.45551500,0.026460170921,1.062776,1.422629,0.34306906,0,0,bootstrap
0.032000,0.0151338167,0.0112942284,0.74629081,2.9354344169,2.9360957298,-6.6131282625e-04,3.9453457831,229.348249,0.977987184820,0.984863180280,0.45434642,0.026444758861,1.066609,1.437628,0.34485285,0,0,bootstrap
0.032000,0.0151338167,0.0112775987,0.74519197,2.9354346691,2.9360957298,-6.6106068955e-04,3.9392925375,228.996366,0.978005069169,0.984863180280,0.45316467,0.026428808694,1.070469,1.452441,0.34664186,0,0,bootstrap
0.032000,0.0151338167,0.0112613231,0.74411653,2.9354349290,2.9360957298,-6.6080076196e-04,3.9332392960,228.644482,0.978023148518,0.984863180280,0.45197004,0.026412331781,1.074352,1.467075,0.34843612,0,0,bootstrap
0.032000,0.0151338167,0.0112454017,0.74306448,2.9354351964,2.9360957298,-6.6053333032e-04,3.9271860587,228.292600,0.978041418699,0.984863180280,0.45076280,0.026395339133,1.078255,1.481535,0.35023563,0,0,bootstrap
0.032000,0.0151338167,0.0112298346,0.74203585,2.9354354711,2.9360957298,-6.6025867174e-04,3.9211328258,227.940717,0.978059875671,0.984863180280,0.44954321,0.026377841423,1.082177,1.495829,0.35204042,0,0,bootstrap
0.032000,0.0151338167,0.0112146217,0.74103063,2.9354357527,2.9360957298,-6.5997705403e-04,3.9150795973,227.588835,0.978078515517,0.984863180280,0.44831155,0.026359848999,1.086115,1.509962,0.35385051,0,0,bootstrap
0.032000,0.0151338167,0.0111997631,0.74004882,2.9354360410,2.9360957298,-6.5968873610e-04,3.9090263733,227.236953,0.978097334440,0.984863180280,0.44706804,0.026341371892,1.090066,1.523938,0.35566589,0,0,bootstrap
0.032000,0.0151338167,0.0111852587,0.73909040,2.9354363358,2.9360957298,-6.5939396836e-04,3.9029731540,226.885071,0.978116328757,0.984863180280,0.44581295,0.026322419829,1.094029,1.537763,0.35748660,0,0,bootstrap
0.032000,0.0151338167,0.0111711083,0.73815538,2.9354366368,2.9360957298,-6.5909299303e-04,3.8969199393,226.533189,0.978135494896,0.984863180280,0.44454651,0.026303002242,1.098001,1.551440,0.35931265,0,0,bootstrap
0.032000,0.0151338167,0.0111573116,0.73724374,2.9354369437,2.9360957298,-6.5878604456e-04,3.8908667295,226.181308,0.978154829396,0.984863180280,0.44326894,0.026283128279,1.101981,1.564973,0.36114405,0,0,bootstrap
0.032000,0.0151338167,0.0111438686,0.73635546,2.9354372564,2.9360957298,-6.5847334989e-04,3.8848135246,225.829427,0.978174328896,0.984863180280,0.44198047,0.026262806812,1.105966,1.578366,0.36298081,0,0,bootstrap
0.032000,0.0151338167,0.0111307789,0.73549053,2.9354375746,2.9360957298,-6.5815512882e-04,3.8787603246,225.477547,0.978193990141,0.984863180280,0.44068131,0.026242046446,1.109956,1.591622,0.36482295,0,0,bootstrap
0.032000,0.0151338167,0.0111180422,0.73464893,2.9354378982,2.9360957298,-6.5783159428e-04,3.8727071296,225.125666,0.978213809971,0.984863180280,0.43937167,0.026220855526,1.113948,1.604745,0.36667049,0,0,bootstrap
0.032000,0.0151338167,0.0111056582,0.73383063,2.9354382268,2.9360957298,-6.5750295264e-04,3.8666539398,224.773786,0.978233785322,0.984863180280,0.43805175,0.026199242151,1.117942,1.617736,0.36852343,0,0,bootstrap
0.032000,0.0151338167,0.0110936266,0.73303561,2.9354385604,2.9360957298,-6.5716940396e-04,3.8606007550,224.421907,0.978253913223,0.984863180280,0.43672176,0.026177214173,1.121936,1.630600,0.37038180,0,0,bootstrap
0.032000,0.0151338167,0.0110819469,0.73226385,2.9354388986,2.9360957298,-6.5683114225e-04,3.8545475755,224.070027,0.978274190793,0.984863180280,0.43538187,0.026154779211,1.125928,1.643339,0.37224561,0,0,bootstrap
0.032000,0.0151338167,0.0110706188,0.73151532,2.9354392414,2.9360957298,-6.5648835575e-04,3.8484944013,223.718148,0.978294615234,0.984863180280,0.43403228,0.026131944657,1.129918,1.655955,0.37411487,0,0,bootstrap
0.032000,0.0151338167,0.0110596417,0.73078999,2.9354395885,2.9360957298,-6.5614122715e-04,3.8424412325,223.366269,0.978315183838,0.984863180280,0.43267317,0.026108717682,1.133905,1.668451,0.37598959,0,0,bootstrap
0.032000,0.0151338167,0.0110490154,0.73008783,2.9354399398,2.9360957298,-6.5578993382e-04,3.8363880690,223.014391,0.978335893974,0.984863180280,0.43130470,0.026085105240,1.137887,1.680829,0.37786979,0,0,bootstrap
0.032000,0.0151338167,0.0110387392,0.72940881,2.9354402951,2.9360957298,-6.5543464803e-04,3.8303349109,222.662512,0.978356743093,0.984863180280,0.42992705,0.026061114081,1.141863,1.693090,0.37975549,0,0,bootstrap
0.032000,0.0151338167,0.0110288128,0.72875290,2.9354406542,2.9360957298,-6.5507553714e-04,3.8242817584,222.310634,0.978377728723,0.984863180280,0.42854038,0.026036750750,1.145833,1.705238,0.38164669,0,0,bootstrap
0.032000,0.0151338167,0.0110192357,0.72812007,2.9354410170,2.9360957298,-6.5471276385e-04,3.8182286114,221.958757,0.978398848465,0.984863180280,0.42714485,0.026012021599,1.149796,1.717275,0.38354342,0,0,bootstrap
0.032000,0.0151338167,0.0110100072,0.72751028,2.9354413833,2.9360957298,-6.5434648636e-04,3.8121754700,221.606880,0.978420099996,0.984863180280,0.42574060,0.025986932786,1.153751,1.729201,0.38544568,0,0,bootstrap
0.032000,0.0151338167,0.0110011271,0.72692350,2.9354417529,2.9360957298,-6.5397685852e-04,3.8061223343,221.255003,0.978441481062,0.984863180280,0.42432780,0.025961490286,1.157698,1.741020,0.38735350,0,0,bootstrap
0.032000,0.0151338167,0.0109925947,0.72635971,2.9354421257,2.9360957298,-6.5360403010e-04,3.8000692042,220.903126,0.978462989477,0.984863180280,0.42290659,0.025935699896,1.161635,1.752732,0.38926688,0,0,bootstrap
0.032000,0.0151338167,0.0109844095,0.72581885,2.9354425016,2.9360957298,-6.5322814685e-04,3.7940160799,220.551250,0.978484623124,0.984863180280,0.42147710,0.025909567234,1.165562,1.764339,0.39118584,0,0,bootstrap
0.032000,0.0151338167,0.0109765710,0.72530091,2.9354428804,2.9360957298,-6.5284935075e-04,3.7879629614,220.199374,0.978506379951,0.984863180280,0.42003947,0.025883097752,1.169478,1.775843,0.39311039,0,0,bootstrap
0.032000,0.0151338167,0.0109690787,0.72480584,2.9354432620,2.9360957298,-6.5246778014e-04,3.7819098487,219.847498,0.978528257969,0.984863180280,0.41859383,0.025856296734,1.173383,1.787246,0.39504056,0,0,bootstrap
0.032000,0.0151338167,0.0109619322,0.72433361,2.9354436462,2.9360957298,-6.5208356983e-04,3.7758567419,219.495623,0.978550255250,0.984863180280,0.41714031,0.025829169303,1.177276,1.798548,0.39697635,0,0,bootstrap
0.032000,0.0151338167,0.0109551307,0.72388420,2.9354440329,2.9360957298,-6.5169685130e-04,3.7698036410,219.143748,0.978572369929,0.984863180280,0.41567904,0.025801720427,1.181157,1.809752,0.39891778,0,0,bootstrap
0.032000,0.0151338167,0.0109486740,0.72345755,2.9354444220,2.9360957298,-6.5130775284e-04,3.7637505460,218.791874,0.978594600197,0.984863180280,0.41421012,0.025773954920,1.185025,1.820858,0.40086486,0,0,bootstrap
0.032000,0.0151338167,0.0109425614,0.72305365,2.9354448134,2.9360957298,-6.5091639961e-04,3.7576974571,218.440000,0.978616944305,0.984863180280,0.41273369,0.025745877447,1.188880,1.831869,0.40281761,0,0,bootstrap
0.032000,0.0151338167,0.0109367924,0.72267245,2.9354452068,2.9360957298,-6.5052291387e-04,3.7516443742,218.088126,0.978639400556,0.984863180280,0.41124984,0.025717492529,1.192721,1.842784,0.40477605,0,0,bootstrap
0.032000,0.0151338167,0.0109313666,0.72231393,2.9354456023,2.9360957298,-6.5012741503e-04,3.7455912974,217.736252,0.978661967312,0.984863180280,0.40975869,0.025688804544,1.196547,1.853605,0.40674019,0,0,bootstrap
0.032000,0.0151338167,0.0109262835,0.72197805,2.9354459997,2.9360957298,-6.4973001979e-04,3.7395382267,217.384379,0.978684642985,0.984863180280,0.40826035,0.025659817735,1.200359,1.864334,0.40871005,0,0,bootstrap
0.032000,0.0151338167,0.0109215426,0.72166479,2.9354463989,2.9360957298,-6.4933084230e-04,3.7334851622,217.032506,0.978707426040,0.984863180280,0.40675491,0.025630536206,1.204156,1.874971,0.41068564,0,0,bootstrap
0.032000,0.0151338167,0.0109171434,0.72137410,2.9354467998,2.9360957298,-6.4892999418e-04,3.7274321040,216.680634,0.978730314994,0.984863180280,0.40524247,0.025600963934,1.207938,1.885517,0.41266697,0,0,bootstrap
0.032000,0.0151338167,0.0109130856,0.72110597,2.9354472022,2.9360957298,-6.4852758473e-04,3.7213790520,216.328762,0.978753308412,0.984863180280,0.40372313,0.025571104766,1.211703,1.895973,0.41465408,0,0,bootstrap
0.032000,0.0151338167,0.0109093685,0.72086036,2.9354476060,2.9360957298,-6.4812372095e-04,3.7153260062,215.976890,0.978776404907,0.984863180280,0.40219698,0.025540962422,1.215453,1.906340,0.41664697,0,0,bootstrap
0.032000,0.0151338167,0.0109059919,0.72063724,2.9354480113,2.9360957298,-6.4771850768e-04,3.7092729669,215.625019,0.978799603142,0.984863180280,0.40066411,0.025510540504,1.219185,1.916618,0.41864566,0,0,bootstrap
0.032000,0.0151338167,0.0109029553,0.72043659,2.9354484177,2.9360957298,-6.4731204772e-04,3.7032199340,215.273148,0.978822901823,0.984863180280,0.39912459,0.025479842489,1.222901,1.926809,0.42065016,0,0,bootstrap
0.032000,0.0151338167,0.0109002583,0.72025838,2.9354488253,2.9360957298,-6.4690444188e-04,3.6971669074,214.921277,0.978846299704,0.984863180280,0.39757853,0.025448871741,1.226599,1.936913,0.42266050,0,0,bootstrap
0.032000,0.0151338167,0.0108979005,0.72010259,2.9354492340,2.9360957298,-6.4649578908e-04,3.6911138874,214.569407,0.978869795583,0.984863180280,0.39602599,0.025417631508,1.230280,1.946931,0.42467669,0,0,bootstrap
0.032000,0.0151338167,0.0108958817,0.71996918,2.9354496436,2.9360957298,-6.4608618647e-04,3.6850608740,214.217538,0.978893388299,0.984863180280,0.39446705,0.025386124926,1.233942,1.956862,0.42669875,0,0,bootstrap
0.032000,0.0151338167,0.0108942013,0.71985815,2.9354500540,2.9360957298,-6.4567572948e-04,3.6790078671,213.865668,0.978917076738,0.984863180280,0.39290178,0.025354355022,1.237586,1.966709,0.42872670,0,0,bootstrap
0.032000,0.0151338167,0.0108928592,0.71976947,2.9354504652,2.9360957298,-6.4526451192e-04,3.6729548668,213.513799,0.978940859824,0.984863180280,0.39133026,0.025322324713,1.241211,1.976470,0.43076056,0,0,bootstrap
0.032000,0.0151338167,0.0108918550,0.71970311,2.9354508771,2.9360957298,-6.4485262607e-04,3.6669018733,213.161930,0.978964736523,0.984863180280,0.38975256,0.025290036814,1.244817,1.986146,0.43280035,0,0,bootstrap
0.032000,0.0151338167,0.0108911883,0.71965906,2.9354512896,2.9360957298,-6.4444016274e-04,3.6608488864,212.810062,0.978988705843,0.984863180280,0.38816873,0.025257494035,1.248403,1.995738,0.43484608,0,0,bootstrap
0.032000,0.0151338167,0.0108908591,0.71963731,2.9354517025,2.9360957298,-6.4402721137e-04,3.6547959064,212.458194,0.979012766828,0.984863180280,0.38657885,0.025224698985,1.251969,2.005246,0.43689777,0,0,bootstrap
0.032000,0.0151338167,0.0108908670,0.71963783,2.9354521159,2.9360957298,-6.4361386008e-04,3.6487429332,212.106327,0.979036918565,0.984863180280,0.38498297,0.025191654172,1.255514,2.014669,0.43895545,0,1,bootstrap
0.032000,0.0151338167,0.0108912118,0.71966061,2.9354525296,2.9360957298,-6.4320019575e-04,3.6426899669,211.754460,0.979061160176,0.984863180280,0.38338115,0.025158362010,1.259039,2.024009,0.44101914,0,0,bootstrap
0.032000,0.0151338167,0.0108918933,0.71970564,2.9354529435,2.9360957298,-6.4278630412e-04,3.6366370076,211.402593,0.979085490820,0.984863180280,0.38177345,0.025124824814,1.262542,2.033264,0.44308886,0,0,bootstrap
0.032000,0.0151338167,0.0108929114,0.71977292,2.9354533575,2.9360957298,-6.4237226982e-04,3.6305840552,211.050727,0.979109909696,0.984863180280,0.38015992,0.025091044806,1.266024,2.042435,0.44516462,0,0,bootstrap
0.032000,0.0151338167,0.0108942659,0.71986242,2.9354537716,2.9360957298,-6.4195817646e-04,3.6245311100,210.698861,0.979134416036,0.984863180280,0.37854061,0.025057024114,1.269483,2.051522,0.44724645,0,0,bootstrap
0.032000,0.0151338167,0.0108959567,0.71997414,2.9354541857,2.9360957298,-6.4154410670e-04,3.6184781718,210.346996,0.979159009109,0.984863180280,0.37691557,0.025022764777,1.272919,2.060525,0.44933437,0,0,bootstrap
0.032000,0.0151338167,0.0108979838,0.72010809,2.9354545996,2.9360957298,-6.4113014229e-04,3.6124252409,209.995131,0.979183688220,0.984863180280,0.37528484,0.024988268743,1.276332,2.069442,0.45142841,0,0,bootstrap
0.032000,0.0151338167,0.0109003471,0.72026424,2.9354550134,2.9360957298,-6.4071636418e-04,3.6063723172,209.643266,0.979208452707,0.984863180280,0.37364848,0.024953537871,1.279721,2.078274,0.45352858,0,0,bootstrap
0.032000,0.0151338167,0.0109030465,0.72044261,2.9354554269,2.9360957298,-6.4030285255e-04,3.6003194008,209.291402,0.979233301943,0.984863180280,0.37200651,0.024918573935,1.283086,2.087020,0.45563491,0,0,bootstrap
0.032000,0.0151338167,0.0109060821,0.72064320,2.9354558401,2.9360957298,-6.3988968688e-04,3.5942664919,208.939538,0.979258235334,0.984863180280,0.37035898,0.024883378621,1.286426,2.095680,0.45774743,0,0,bootstrap
0.032000,0.0151338167,0.0109094539,0.72086600,2.9354562528,2.9360957298,-6.3947694600e-04,3.5882135903,208.587675,0.979283252320,0.984863180280,0.36870593,0.024847953531,1.289741,2.104253,0.45986615,0,0,bootstrap
0.032000,0.0151338167,0.0109131619,0.72111102,2.9354566651,2.9360957298,-6.3906470818e-04,3.5821606963,208.235812,0.979308352374,0.984863180280,0.36704739,0.024812300184,1.293029,2.112738,0.46199111,0,0,bootstrap
0.032000,0.0151338167,0.0109172064,0.72137826,2.9354570767,2.9360957298,-6.3865305117e-04,3.5761078099,207.883950,0.979333535001,0.984863180280,0.36538339,0.024776420015,1.296290,2.121135,0.46412233,0,0,bootstrap
0.032000,0.0151338167,0.0109215874,0.72166775,2.9354574877,2.9360957298,-6.3824205226e-04,3.5700549312,207.532088,0.979358799737,0.984863180280,0.36371397,0.024740314380,1.299524,2.129442,0.46625982,0,0,bootstrap
0.032000,0.0151338167,0.0109263051,0.72197948,2.9354578980,2.9360957298,-6.3783178834e-04,3.5640020602,207.180226,0.979384146152,0.984863180280,0.36203915,0.024703984552,1.302730,2.137658,0.46840363,0,0,bootstrap
0.032000,0.0151338167,0.0109313597,0.72231347,2.9354583074,2.9360957298,-6.3742233598e-04,3.5579491970,206.828365,0.979409573846,0.984863180280,0.36035896,0.024667431725,1.305907,2.145783,0.47055378,0,0,bootstrap
0.032000,0.0151338167,0.0109367515,0.72266975,2.9354587160,2.9360957298,-6.3701377143e-04,3.5518963417,206.476504,0.979435082451,0.984863180280,0.35867342,0.024630657013,1.309054,2.153815,0.47271029,0,0,bootstrap
0.032000,0.0151338167,0.0109424807,0.72304832,2.9354591236,2.9360957298,-6.3660617076e-04,3.5458434944,206.124644,0.979460671629,0.984863180280,0.35698256,0.024593661454,1.312170,2.161752,0.47487319,0,0,bootstrap
0.032000,0.0151338167,0.0109485477,0.72344921,2.9354595302,2.9360957298,-6.3619960986e-04,3.5397906552,205.772785,0.979486341074,0.984863180280,0.35528640,0.024556446006,1.315255,2.169594,0.47704251,0,0,bootstrap
0.032000,0.0151338167,0.0109549529,0.72387244,2.9354599356,2.9360957298,-6.3579416449e-04,3.5337378241,205.420925,0.979512090508,0.984863180280,0.35358495,0.024519011551,1.318307,2.177338,0.47921828,0,0,bootstrap
0.032000,0.0151338167,0.0109616965,0.72431805,2.9354603399,2.9360957298,-6.3538991038e-04,3.5276850013,205.069067,0.979537919685,0.984863180280,0.35187823,0.024481358894,1.321326,2.184983,0.48140054,0,0,bootstrap
0.032000,0.0151338167,0.0109687792,0.72478605,2.9354607428,2.9360957298,-6.3498692328e-04,3.5216321868,204.717208,0.979563828390,0.984863180280,0.35016625,0.024443488766,1.324311,2.192527,0.48358930,0,0,bootstrap
0.032000,0.0151338167,0.0109762014,0.72527649,2.9354611445,2.9360957298,-6.3458527897e-04,3.5155793808,204.365351,0.979589816437,0.984863180280,0.34844904,0.024405401819,1.327260,2.199968,0.48578460,0,0,bootstrap
0.032000,0.0151338167,0.0109839637,0.72578939,2.9354615447,2.9360957298,-6.3418505337e-04,3.5095265832,204.013493,0.979615883669,0.984863180280,0.34672659,0.024367098634,1.330173,2.207304,0.48798648,0,0,bootstrap
0.032000,0.0151338167,0.0109920665,0.72632481,2.9354619434,2.9360957298,-6.3378632259e-04,3.5034737943,203.661637,0.979642029959,0.984863180280,0.34499891,0.024328579713,1.333048,2.214532,0.49019497,0,0,bootstrap
0.032000,0.0151338167,0.0110005106,0.72688277,2.9354623406,2.9360957298,-6.3338916296e-04,3.4974210142,203.309780,0.979668255211,0.984863180280,0.34326602,0.024289845487,1.335883,2.221651,0.49241009,0,0,bootstrap
0.032000,0.0151338167,0.0110092966,0.72746332,2.9354627361,2.9360957298,-6.3299365111e-04,3.4913682428,202.957925,0.979694559357,0.984863180280,0.34152792,0.024250896312,1.338679,2.228657,0.49463189,0,0,bootstrap
0.032000,0.0151338167,0.0110184253,0.72806652,2.9354631299,2.9360957298,-6.3259986403e-04,3.4853154804,202.606070,0.979720942359,0.984863180280,0.33978460,0.024211732467,1.341432,2.235547,0.49686040,0,0,bootstrap
0.032000,0.0151338167,0.0110278974,0.72869241,2.9354635219,2.9360957298,-6.3220787914e-04,3.4792627271,202.254215,0.979747404208,0.984863180280,0.33803608,0.024172354161,1.344143,2.242319,0.49909565,0,0,bootstrap
0.032000,0.0151338167,0.0110377138,0.72934105,2.9354639120,2.9360957298,-6.3181777430e-04,3.4732099829,201.902361,0.979773944927,0.984863180280,0.33628234,0.024132761526,1.346809,2.248969,0.50133769,0,0,bootstrap
0.032000,0.0151338167,0.0110478754,0.73001250,2.9354643001,2.9360957298,-6.3142962794e-04,3.4671572480,201.550507,0.979800564565,0.984863180280,0.33452339,0.024092954623,1.349428,2.255495,0.50358654,0,0,bootstrap
0.032000,0.0151338167,0.0110583831,0.73070682,2.9354646862,2.9360957298,-6.3104351907e-04,3.4611045225,201.198654,0.979827263203,0.984863180280,0.33275922,0.024052933436,1.352000,2.261891,0.50584225,0,0,bootstrap
0.032000,0.0151338167,0.0110692378,0.73142407,2.9354650702,2.9360957298,-6.3065952739e-04,3.4550518065,200.846802,0.979854040950,0.984863180280,0.33098982,0.024012697876,1.354521,2.268156,0.50810486,0,0,bootstrap
0.032000,0.0151338167,0.0110804408,0.73216433,2.9354654520,2.9360957298,-6.3027773329e-04,3.4489991002,200.494950,0.979880897948,0.984863180280,0.32921519,0.023972247780,1.356991,2.274284,0.51037440,0,0,bootstrap
0.032000,0.0151338167,0.0110919930,0.73292767,2.9354658315,2.9360957298,-6.2989821799e-04,3.4429464037,200.143098,0.979907834364,0.984863180280,0.32743531,0.023931582911,1.359407,2.280270,0.51265092,0,0,bootstrap
0.032000,0.0151338167,0.0111038956,0.73371416,2.9354662087,2.9360957298,-6.2952106355e-04,3.4368937172,199.791247,0.979934850400,0.984863180280,0.32565016,0.023890702955,1.361768,2.286112,0.51493447,0,0,bootstrap
0.032000,0.0151338167,0.0111161500,0.73452390,2.9354665834,2.9360957298,-6.2914635295e-04,3.4308410407,199.439397,0.979961946284,0.984863180280,0.32385974,0.023849607525,1.364070,2.291803,0.51722507,0,0,bootstrap
0.032000,0.0151338167,0.0111287574,0.73535696,2.9354669556,2.9360957298,-6.2877417020e-04,3.4247883744,199.087548,0.979989122278,0.984863180280,0.32206403,0.023808296156,1.366312,2.297339,0.51952279,0,0,bootstrap
0.032000,0.0151338167,0.0111417192,0.73621344,2.9354673252,2.9360957298,-6.2840460035e-04,3.4187357185,198.735699,0.980016378673,0.984863180280,0.32026300,0.023766768309,1.368492,2.302713,0.52182765,0,0,bootstrap
0.032000,0.0151338167,0.0111550368,0.73709343,2.9354676920,2.9360957298,-6.2803772961e-04,3.4126830731,198.383850,0.980043715790,0.984863180280,0.31845664,0.023725023368,1.370606,2.307921,0.52413972,0,0,bootstrap
0.032000,0.0151338167,0.0111687118,0.73799703,2.9354680561,2.9360957298,-6.2767364540e-04,3.4066304384,198.032002,0.980071133984,0.984863180280,0.31664493,0.023683060637,1.372651,2.312955,0.52645903,0,0,bootstrap
0.032000,0.0151338167,0.0111827457,0.73892435,2.9354684173,2.9360957298,-6.2731243645e-04,3.4005778145,197.680155,0.980098633639,0.984863180280,0.31482783,0.023640879346,1.374626,2.317809,0.52878565,0,0,bootstrap
0.032000,0.0151338167,0.0111971403,0.73987550,2.9354687756,2.9360957298,-6.2695419286e-04,3.3945252016,197.328309,0.980126215172,0.984863180280,0.31300532,0.023598478642,1.376526,2.322477,0.53111960,0,0,bootstrap
0.032000,0.0151338167,0.0112118971,0.74085060,2.9354691308,2.9360957298,-6.2659900618e-04,3.3884725999,196.976463,0.980153879032,0.984863180280,0.31117737,0.023555857594,1.378349,2.326950,0.53346096,0,0,bootstrap
0.032000,0.0151338167,0.0112270182,0.74184975,2.9354694828,2.9360957298,-6.2624696953e-04,3.3824200096,196.624618,0.980181625701,0.984863180280,0.30934395,0.023513015191,1.380090,2.331221,0.53580977,0,0,bootstrap
0.032000,0.0151338167,0.0112425054,0.74287310,2.9354698316,2.9360957298,-6.2589817762e-04,3.3763674309,196.272773,0.980209455695,0.984863180280,0.30750502,0.023469950340,1.381748,2.335281,0.53816608,0,0,bootstrap
0.032000,0.0151338167,0.0112583606,0.74392077,2.9354701770,2.9360957298,-6.2555272694e-04,3.3703148638,195.920929,0.980237369561,0.984863180280,0.30566055,0.023426661864,1.383316,2.339121,0.54052996,0,0,bootstrap
0.032000,0.0151338167,0.0112745860,0.74499290,2.9354705190,2.9360957298,-6.2521071573e-04,3.3642623087,195.569086,0.980265367883,0.984863180280,0.30381050,0.023383148502,1.384792,2.342732,0.54290145,0,0,bootstrap
0.032000,0.0151338167,0.0112911838,0.74608964,2.9354708575,2.9360957298,-6.2487224420e-04,3.3582097658,195.217244,0.980293451279,0.984863180280,0.30195483,0.023339408911,1.386171,2.346102,0.54528062,0,0,bootstrap
0.032000,0.0151338167,0.0113081562,0.74721112,2.9354711923,2.9360957298,-6.2453741455e-04,3.3521572351,194.865402,0.980321620401,0.984863180280,0.30009349,0.023295441656,1.387448,2.349222,0.54766753,0,0,bootstrap
0.032000,0.0151338167,0.0113255055,0.74835752,2.9354715234,2.9360957298,-6.2420633109e-04,3.3461047171,194.513561,0.980349875938,0.984863180280,0.29822644,0.023251245217,1.388618,2.352080,0.55006223,0,0,bootstrap
0.032000,0.0151338167,0.0113432343,0.74952898,2.9354718507,2.9360957298,-6.2387910037e-04,3.3400522118,194.161721,0.980378218616,0.984863180280,0.29635364,0.023206817986,1.389676,2.354662,0.55246480,0,0,bootstrap
0.032000,0.0151338167,0.0113613450,0.75072569,2.9354721739,2.9360957298,-6.2355583128e-04,3.3339997196,193.809881,0.980406649197,0.984863180280,0.29447503,0.023162158259,1.390616,2.356956,0.55487530,0,0,bootstrap
0.032000,0.0151338167,0.0113798405,0.75194782,2.9354724931,2.9360957298,-6.2323663516e-04,3.3279472406,193.458042,0.980435168482,0.984863180280,0.29259055,0.023117264243,1.391433,2.358947,0.55729379,0,0,bootstrap
0.032000,0.0151338167,0.0113987235,0.75319555,2.9354728081,2.9360957298,-6.2292162593e-04,3.3218947751,193.106204,0.980463777312,0.984863180280,0.29070016,0.023072134048,1.392119,2.360620,0.55972034,0,0,bootstrap
0.032000,0.0151338167,0.0114179968,0.75446908,2.9354731188,2.9360957298,-6.2261092022e-04,3.3158423234,192.754367,0.980492476565,0.984863180280,0.28880380,0.023026765687,1.392668,2.361959,0.56215504,0,0,bootstrap
0.032000,0.0151338167,0.0114376635,0.75576860,2.9354734251,2.9360957298,-6.2230463751e-04,3.3097898857,192.402531,0.980521267162,0.984863180280,0.28690139,0.022981157074,1.393073,2.362944,0.56459793,0,0,bootstrap
0.032000,0.0151338167,0.0114577267,0.75709432,2.9354737269,2.9360957298,-6.2200290024e-04,3.3037374622,192.050695,0.980550150065,0.984863180280,0.28499289,0.022935306023,1.393325,2.363559,0.56704912,0,0,bootstrap
0.032000,0.0151338167,0.0114781898,0.75844647,2.9354740239,2.9360957298,-6.2170583398e-04,3.2976850534,191.698861,0.980579126278,0.984863180280,0.28307823,0.022889210240,1.393416,2.363781,0.56950866,0,0,bootstrap
0.032000,0.0151338167,0.0114990561,0.75982525,2.9354743162,2.9360957298,-6.2141356758e-04,3.2916326594,191.347027,0.980608196851,0.984863180280,0.28115733,0.022842867330,1.393337,2.363588,0.57197664,0,0,bootstrap
0.032000,0.0151338167,0.0115203291,0.76123091,2.9354746035,2.9360957298,-6.2112623333e-04,3.2855802806,190.995194,0.980637362876,0.984863180280,0.27923012,0.022796274785,1.393078,2.362957,0.57445314,0,0,bootstrap
0.032000,0.0151338167,0.0115420127,0.76266370,2.9354748858,2.9360957298,-6.2084396711e-04,3.2795279172,190.643362,0.980666625493,0.984863180280,0.27729653,0.022749429986,1.392628,2.361862,0.57693825,0,0,bootstrap
0.032000,0.0151338167,0.0115641104,0.76412386,2.9354751629,2.9360957298,-6.2056690859e-04,3.2734755697,190.291531,0.980695985889,0.984863180280,0.27535647,0.022702330199,1.391977,2.360274,0.57943206,0,0,bootstrap
0.032000,0.0151338167,0.0115866265,0.76561166,2.9354754346,2.9360957298,-6.2029520136e-04,3.2674232383,189.939701,0.980725445299,0.984863180280,0.27340988,0.022654972573,1.391111,2.358162,0.58193464,0,0,bootstrap
0.032000,0.0151338167,0.0116095650,0.76712737,2.9354757008,2.9360957298,-6.2002899322e-04,3.2613709234,189.587872,0.980755005010,0.984863180280,0.27145666,0.022607354134,1.390016,2.355493,0.58444610,0,0,bootstrap
0.032000,0.0151338167,0.0116329302,0.76867128,2.9354759613,2.9360957298,-6.1976843629e-04,3.2553186253,189.236043,0.980784666360,0.984863180280,0.26949672,0.022559471782,1.388680,2.352231,0.58696652,0,0,bootstrap
0.032000,0.0151338167,0.0116567267,0.77024368,2.9354762161,2.9360957298,-6.1951368725e-04,3.2492663445,188.884216,0.980814430739,0.984863180280,0.26752997,0.022511322290,1.387084,2.348335,0.58949602,0,0,bootstrap
0.032000,0.0151338167,0.0116809590,0.77184488,2.9354764649,2.9360957298,-6.1926490758e-04,3.2432140813,188.532390,0.980844299595,0.984863180280,0.26555632,0.022462902297,1.385213,2.343762,0.59203468,0,0,bootstrap
0.032000,0.0151338167,0.0117056320,0.77347521,2.9354767075,2.9360957298,-6.1902226378e-04,3.2371618360,188.180565,0.980874274431,0.984863180280,0.26357567,0.022414208304,1.383047,2.338462,0.59458261,0,0,bootstrap
0.032000,0.0151338167,0.0117307509,0.77513499,2.9354769438,2.9360957298,-6.1878592765e-04,3.2311096093,187.828741,0.980904356808,0.984863180280,0.26158791,0.022365236671,1.380565,2.332383,0.59713992,0,0,bootstrap
0.032000,0.0151338167,0.0117563208,0.77682458,2.9354771737,2.9360957298,-6.1855607649e-04,3.2250574013,187.476918,0.980934548350,0.984863180280,0.25959294,0.022315983611,1.377743,2.325465,0.59970673,0,0,bootstrap
0.032000,0.0151338167,0.0117823471,0.77854433,2.9354773969,2.9360957298,-6.1833289342e-04,3.2190052127,187.125096,0.980964850744,0.984863180280,0.25759064,0.022266445185,1.374558,2.317642,0.60228313,0,0,bootstrap
0.032000,0.0151338167,0.0118088357,0.78029462,2.9354776132,2.9360957298,-6.1811656769e-04,3.2129530439,186.773275,0.980995265740,0.984863180280,0.25558090,0.022216617298,1.370979,2.308841,0.60486926,0,0,bootstrap
0.032000,0.0151338167,0.0118357924,0.78207584,2.9354778225,2.9360957298,-6.1790729494e-04,3.2069008953,186.421456,0.981025795158,0.984863180280,0.25356360,0.022166495692,1.366977,2.298978,0.60746523,0,0,bootstrap
0.032000,0.0151338167,0.0118632233,0.78388839,2.9354780245,2.9360957298,-6.1770527755e-04,3.2008487676,186.069637,0.981056440888,0.984863180280,0.25153862,0.022116075938,1.362515,2.287959,0.61007118,0,0,bootstrap
0.032000,0.0151338167,0.0118911348,0.78573271,2.9354782190,2.9360957298,-6.1751072501e-04,3.1947966611,185.717820,0.981087204892,0.984863180280,0.24950582,0.022065353434,1.357555,2.275680,0.61268722,0,0,bootstrap
0.032000,0.0151338167,0.0119195337,0.78760923,2.9354784059,2.9360957298,-6.1732385425e-04,3.1887445765,185.366005,0.981118089209,0.984863180280,0.24746507,0.022014323396,1.352051,2.262019,0.61531350,0,0,bootstrap
0.032000,0.0151338167,0.0119484269,0.78951841,2.9354785849,2.9360957298,-6.1714489004e-04,3.1826925143,185.014190,0.981149095956,0.984863180280,0.24541624,0.021962980850,1.345954,2.246837,0.61795016,0,0,bootstrap
0.032000,0.0151338167,0.0119778215,0.79146072,2.9354787557,2.9360957298,-6.1697406541e-04,3.1766404752,184.662377,0.981180227333,0.984863180280,0.24335916,0.021911320626,1.339205,2.229974,0.62059734,0,0,bootstrap
0.032000,0.0151338167,0.0120077252,0.79343667,2.9354789181,2.9360957298,-6.1681162211e-04,3.1705884597,184.310565,0.981211485625,0.984863180280,0.24129370,0.021859337348,1.331737,2.211240,0.62325519,0,0,bootstrap
0.032000,0.0151338167,0.0120381458,0.79544678,2.9354790719,2.9360957298,-6.1665781104e-04,3.1645364685,183.958755,0.981242873208,0.984863180280,0.23921970,0.021807025428,1.323475,2.190415,0.62592386,0,0,bootstrap
0.032000,0.0151338167,0.0120690914,0.79749158,2.9354792169,2.9360957298,-6.1651289275e-04,3.1584845023,183.606946,0.981274392549,0.984863180280,0.23713699,0.021754379052,1.314326,2.167235,0.62860351,0,0,bootstrap
0.032000,0.0151338167,0.0121005706,0.79957164,2.9354793526,2.9360957298,-6.1637713801e-04,3.1524325618,183.255138,0.981306046213,0.984863180280,0.23504540,0.021701392177,1.304184,2.141379,0.63129432,0,0,bootstrap
0.032000,0.0151338167,0.0121325924,0.80168754,2.9354794789,2.9360957298,-6.1625082834e-04,3.1463806477,182.903333,0.981337836869,0.984863180280,0.23294477,0.021648058515,1.292920,2.112458,0.63399646,0,0,bootstrap
0.032000,0.0151338167,0.0121651659,0.80383991,2.9354795955,2.9360957298,-6.1613425662e-04,3.1403287609,182.551528,0.981369767289,0.984863180280,0.23083489,0.021594371525,1.280378,2.079982,0.63671009,0,0,bootstrap
0.032000,0.0151338167,0.0121983009,0.80602938,2.9354797020,2.9360957298,-6.1602772774e-04,3.1342769021,182.199726,0.981401840360,0.984863180280,0.22871560,0.021540324399,1.266363,2.043328,0.63943542,0,0,bootstrap
0.032000,0.0151338167,0.0122320074,0.80825661,2.9354797982,2.9360957298,-6.1593155930e-04,3.1282250722,181.847925,0.981434059084,0.984863180280,0.22658667,0.021485910051,1.250632,2.001684,0.64217263,0,0,bootstrap
0.032000,0.0151338167,0.0122662961,0.81052231,2.9354798837,2.9360957298,-6.1584608232e-04,3.1221732720,181.496125,0.981466426586,0.984863180280,0.22444792,0.021431121103,1.232866,1.953948,0.64492192,0,0,bootstrap
0.032000,0.0151338167,0.0123011780,0.81282721,2.9354799581,2.9360957298,-6.1577164205e-04,3.1161215026,181.144328,0.981498946120,0.984863180280,0.22229912,0.021375949869,1.212642,1.898573,0.64768351,0,0,bootstrap
0.032000,0.0151338167,0.0123366647,0.81517207,2.9354800212,2.9360957298,-6.1570859884e-04,3.1100697648,180.792532,0.981531621076,0.984863180280,0.22014005,0.021320388343,1.189370,1.833264,0.65045760,0,0,bootstrap
0.032000,0.0151338167,0.0123727681,0.81755768,2.9354800724,2.9360957298,-6.1565732899e-04,3.1040180598,180.440738,0.981564454985,0.984863180280,0.21797048,0.021264428180,1.162179,1.754344,0.65324442,0,0,bootstrap
0.032000,0.0151338167,0.0124095009,0.81998488,2.9354801115,2.9360957298,-6.1561822581e-04,3.0979663886,180.088947,0.981597451530,0.984863180280,0.21579016,0.021208060678,1.129692,1.655244,0.65604422,0,0,bootstrap
0.032000,0.0151338167,0.0124468763,0.82245454,2.9354801381,2.9360957298,-6.1559170059e-04,3.0919147523,179.737157,0.981630614551,0.984863180280,0.21359884,0.021151276759,1.089458,1.521798,0.65885723,0,0,bootstrap
0.032000,0.0151338167,0.0124849082,0.82496758,2.9354801516,2.9360957298,-6.1557818382e-04,3.0858631522,179.385369,0.981663948055,0.984863180280,0.21139626,0.021094066950,1.036162,1.307512,0.66168371,0,0,bootstrap
0.032000,0.0151338167,0.0125236110,0.82752496,2.9354801516,2.9360957298,-6.1557812634e-04,3.0798115895,179.033584,0.981697456225,0.984863180280,0.20918213,0.021036421361,0.951552,1.000001,0.66452393,1,0,bootstrap
0.032000,0.0151338167,0.0125630000,0.83012767,2.9354801378,2.9360957298,-6.1559200073e-04,3.0737600656,178.681801,0.981731143432,0.984863180280,0.20695618,0.020978329658,0.832100,1.254431,0.66737816,1,0,bootstrap
0.032000,0.0151338167,0.0126030911,0.83277678,2.9354801095,2.9360957298,-6.1562030267e-04,3.0677085818,178.330020,0.981765014241,0.984863180280,0.20471809,0.020919781043,0.842325,1.445750,0.67024670,1,0,bootstrap
0.032000,0.0151338167,0.0126439011,0.83547339,2.9354800662,2.9360957298,-6.1566355257e-04,3.0616571396,177.978241,0.981799073429,0.984863180280,0.20246755,0.020860764220,0.852748,1.580470,0.67312985,1,0,bootstrap
0.032000,0.0151338167,0.0126854476,0.83821866,2.9354800075,2.9360957298,-6.1572229718e-04,3.0556057406,177.626465,0.981833325994,0.984863180280,0.20020424,0.020801267371,0.863376,1.692822,0.67602792,1,0,bootstrap
0.032000,0.0151338167,0.0127277490,0.84101382,2.9354799326,2.9360957298,-6.1579711146e-04,3.0495543865,177.274692,0.981867777168,0.984863180280,0.19792780,0.020741278120,0.874218,1.792873,0.67894125,1,0,bootstrap
0.032000,0.0151338167,0.0127708248,0.84386014,2.9354798412,2.9360957298,-6.1588860054e-04,3.0435030791,176.922921,0.981902432434,0.984863180280,0.19563788,0.020680783499,0.885282,1.885187,0.68187018,1,0,bootstrap
0.032000,0.0151338167,0.0128146955,0.84675900,2.9354797324,2.9360957298,-6.1599740190e-04,3.0374518202,176.571153,0.981937297543,0.984863180280,0.19333409,0.020619769912,0.896579,1.972282,0.68481509,1,0,bootstrap
0.032000,0.0151338167,0.0128593826,0.84971180,2.9354796056,2.9360957298,-6.1612418770e-04,3.0314006117,176.219389,0.981972378527,0.984863180280,0.19101604,0.020558223091,0.908117,2.055716,0.68777635,1,0,bootstrap
0.032000,0.0151338167,0.0129049090,0.85272005,2.9354794601,2.9360957298,-6.1626966739e-04,3.0253494558,175.867627,0.982007681723,0.984863180280,0.18868331,0.020496128052,0.919908,2.136536,0.69075437,1,0,bootstrap
0.032000,0.0151338167,0.0129512986,0.85578535,2.9354792952,2.9360957298,-6.1643459048e-04,3.0192983548,175.515868,0.982043213793,0.984863180280,0.18633545,0.020433469047,0.931962,2.215489,0.69374957,1,0,bootstrap
0.032000,0.0151338167,0.0129985768,0.85890936,2.9354791100,2.9360957298,-6.1661974967e-04,3.0132473110,175.164113,0.982078981742,0.984863180280,0.18397200,0.020370229512,0.944292,2.293135,0.69676240,1,0,bootstrap
0.032000,0.0151338167,0.0130467704,0.86209386,2.9354789038,2.9360957298,-6.1682598422e-04,3.0071963269,174.812361,0.982114992951,0.984863180280,0.18159248,0.020306392005,0.956909,2.369911,0.69979331,1,0,bootstrap
0.032000,0.0151338167,0.0130959079,0.86534072,2.9354786756,2.9360957298,-6.1705418369e-04,3.0011454053,174.460613,0.982151255197,0.984863180280,0.17919637,0.020241938145,0.969828,2.446167,0.70284282,1,0,bootstrap
0.032000,0.0151338167,0.0131460193,0.86865194,2.9354784245,2.9360957298,-6.1730529201e-04,2.9950945492,174.108868,0.982187776685,0.984863180280,0.17678314,0.020176848540,0.983062,2.522198,0.70591143,1,0,bootstrap
0.032000,0.0151338167,0.0131971364,0.87202962,2.9354781494,2.9360957298,-6.1758031207e-04,2.9890437615,173.757128,0.982224566084,0.984863180280,0.17435220,0.020111102712,0.996628,2.598253,0.70899971,1,0,bootstrap
0.032000,0.0151338167,0.0132492932,0.87547599,2.9354778494,2.9360957298,-6.1788031072e-04,2.9829930457,173.405392,0.982261632560,0.984863180280,0.17190295,0.020044679011,1.010541,2.674553,0.71210822,0,0,bootstrap
0.032000,0.0151338167,0.0133025258,0.87899345,2.9354775233,2.9360957298,-6.1820642434e-04,2.9769424054,173.053660,0.982298985815,0.984863180280,0.16943475,0.019977554521,1.024820,2.751295,0.71523760,0,0,bootstrap
0.032000,0.0151338167,0.0133568723,0.88258452,2.9354771699,2.9360957298,-6.1855986503e-04,2.9708918444,172.701933,0.982336636137,0.984863180280,0.16694692,0.019909704956,1.039483,2.828662,0.71838849,0,0,bootstrap
0.032000,0.0151338167,0.0134123738,0.88625190,2.9354767878,2.9360957298,-6.1894192750e-04,2.9648413669,172.350210,0.982374594442,0.984863180280,0.16443875,0.019841104546,1.054550,2.906822,0.72156159,0,0,bootstrap
0.032000,0.0151338167,0.0134690738,0.88999847,2.9354763758,2.9360957298,-6.1935399680e-04,2.9587909773,171.998493,0.982412872334,0.984863180280,0.16190945,0.019771725907,1.070044,2.985940,0.72475763,0,0,bootstrap
0.032000,0.0151338167,0.0135270189,0.89382732,2.9354759322,2.9360957298,-6.1979755695e-04,2.9527406806,171.646781,0.982451482164,0.984863180280,0.15935822,0.019701539900,1.085989,3.066174,0.72797741,0,0,bootstrap
0.032000,0.0151338167,0.0135862591,0.89774175,2.9354754556,2.9360957298,-6.2027420061e-04,2.9466904821,171.295075,0.982490437099,0.984863180280,0.15678419,0.019630515471,1.102409,3.147679,0.73122176,0,0,bootstrap
0.032000,0.0151338167,0.0136468480,0.90174529,2.9354749441,2.9360957298,-6.2078564164e-04,2.9406403874,170.943375,0.982529751202,0.984863180280,0.15418642,0.019558619471,1.119333,3.230612,0.73449158,0,0,bootstrap
0.032000,0.0151338167,0.0137088429,0.90584174,2.9354743960,2.9360957298,-6.2133372120e-04,2.9345904028,170.591681,0.982569439500,0.984863180280,0.15156393,0.019485816454,1.136790,3.315131,0.73778783,0,0,bootstrap
0.032000,0.0151338167,0.0137723059,0.91003520,2.9354738093,2.9360957298,-6.2192043075e-04,2.9285405352,170.239994,0.982609518108,0.984863180280,0.14891565,0.019412068453,1.154814,3.401400,0.74111154,0,0,bootstrap
0.032000,0.0151338167,0.0138373037,0.91433007,2.9354731818,2.9360957298,-6.2254792213e-04,2.9224907920,169.888315,0.982650004324,0.984863180280,0.14624044,0.019337334721,1.173441,3.489587,0.74446381,0,0,bootstrap
0.032000,0.0151338167,0.0139039083,0.91873112,2.9354725112,2.9360957298,-6.2321852712e-04,2.9164411814,169.536643,0.982690916755,0.984863180280,0.14353706,0.019261571441,1.192707,3.579869,0.74784583,0,0,bootstrap
0.032000,0.0151338167,0.0139721980,0.92324351,2.9354717950,2.9360957298,-6.2393477822e-04,2.9103917123,169.184979,0.982732275459,0.984863180280,0.14080419,0.019184731388,1.212658,3.672430,0.75125888,0,0,bootstrap
0.032000,0.0151338167,0.0140422574,0.92787284,2.9354710303,2.9360957298,-6.2469943256e-04,2.9043423947,168.833324,0.982774102110,0.984863180280,0.13804040,0.019106763555,1.233338,3.767469,0.75470435,0,0,bootstrap
0.032000,0.0151338167,0.0141141788,0.93262520,2.9354702143,2.9360957298,-6.2551549952e-04,2.8982932396,168.481678,0.982816420187,0.984863180280,0.13524414,0.019027612709,1.254801,3.865197,0.75818375,0,0,bootstrap
0.032000,0.0151338167,0.0141880629,0.93750725,2.9354693435,2.9360957298,-6.2638627275e-04,2.8922442592,168.130043,0.982859255185,0.984863180280,0.13241373,0.018947218893,1.277101,3.965843,0.76169871,0,0,bootstrap
0.032000,0.0151338167,0.0142640197,0.94252626,2.9354684144,2.9360957298,-6.2731536755e-04,2.8861954671,167.778419,0.982902634869,0.984863180280,0.12954732,0.018865516831,1.300302,4.069651,0.76525100,0,0,bootstrap
0.032000,0.0151338167,0.0143421700,0.94769021,2.9354674230,2.9360957298,-6.2830676460e-04,2.8801468785,167.426806,0.982946589569,0.984863180280,0.12664292,0.018782435250,1.324474,4.176893,0.76884258,0,0,bootstrap
0.032000,0.0151338167,0.0144226468,0.95300790,2.9354663649,2.9360957298,-6.2936486160e-04,2.8740985104,167.075206,0.982991152519,0.984863180280,0.12369832,0.018697896081,1.349694,4.287862,0.77247558,0,0,bootstrap
0.032000,0.0151338167,0.0145055972,0.95848902,2.9354652352,2.9360957298,-6.3049453434e-04,2.8680503821,166.723620,0.983036360263,0.984863180280,0.12071112,0.018611813506,1.376049,4.402884,0.77615234,0,0,bootstrap
0.032000,0.0151338167,0.0145911840,0.96414436,2.9354640286,2.9360957298,-6.3170120967e-04,2.8620025154,166.372050,0.983082253137,0.984863180280,0.11767865,0.018524092846,1.403635,4.522318,0.77987546,0,0,bootstrap
0.032000,0.0151338167,0.0146795889,0.96998590,2.9354627388,2.9360957298,-6.3299095309e-04,2.8559549353,166.020496,0.983128875841,0.984863180280,0.11459795,0.018434629213,1.432564,4.646566,0.78364782,0,0,bootstrap
0.032000,0.0151338167,0.0147710146,0.97602706,2.9354613592,2.9360957298,-6.3437057472e-04,2.8499076700,165.668960,0.983176278130,0.984863180280,0.11146574,0.018343305905,1.462958,4.776078,0.78747261,0,0,bootstrap
0.032000,0.0151338167,0.0148656896,0.98228291,2.9354598820,2.9360957298,-6.3584775863e-04,2.8438607525,165.317445,0.983224515653,0.984863180280,0.10827834,0.018249992447,1.494961,4.911360,0.79135343,0,0,bootstrap
0.032000,0.0151338167,0.0149638715,0.98877050,2.9354582985,2.9360957298,-6.3743122193e-04,2.8378142209,164.965952,0.983273650977,0.984863180280,0.10503162,0.018154542193,1.528733,5.052990,0.79529431,0,0,bootstrap
0.032000,0.0151338167,0.0150658534,0.99550917,2.9354565988,2.9360957298,-6.3913091253e-04,2.8317681195,164.614484,0.983323754860,0.984863180280,0.10172090,0.018056789375,1.564462,5.201623,0.79929982,0,0,bootstrap
0.034000,0.0155740450,0.0007787022,0.05000000,2.9319553684,2.9320333733,-7.8004879170e-05,4.5786808678,266.164868,0.980917002834,0.984422952045,0.22511488,0.011416985830,141.775881,283.548235,0.10153352,0,0,chained
0.034000,0.0155740450,0.0010490112,0.06735637,2.9319540562,2.9320333733,-7.9317106030e-05,4.5789827648,266.182418,0.980907286395,0.984422952045,0.22573876,0.011455544776,140.728756,281.453958,0.10189526,0,0,chained
0.034000,0.0155740450,0.0013722560,0.08811173,2.9319519806,2.9320333733,-8.1392641296e-05,4.5794571089,266.209992,0.980891958055,0.984422952045,0.22672299,0.011516297900,139.086875,278.170155,0.10246453,0,0,chained
0.034000,0.0155740450,0.0016672528,0.10705329,2.9319496077,2.9320333733,-8.3765597373e-05,4.5799946466,266.241240,0.980874491607,0.984422952045,0.22784450,0.011585410497,137.231037,274.458430,0.10311109,0,0,chained
0.034000,0.0155740450,0.0019391159,0.12450946,2.9319470188,2.9320333733,-8.6354525241e-05,4.5805752780,266.274992,0.980855503807,0.984422952045,0.22906369,0.011660402334,135.231946,270.460194,0.10381137,0,0,chained
0.034000,0.0155740450,0.0022651003,0.14544072,2.9319434097,2.9320333733,-8.9963635880e-05,4.5813745266,266.321454,0.980829147134,0.984422952045,0.23075604,0.011764251050,132.489163,264.974552,0.10477887,0,0,chained
0.034000,0.0155740450,0.0025665290,0.16479528,2.9319395865,2.9320333733,-9.3786770450e-05,4.5822081754,266.369915,0.980801363637,0.984422952045,0.23254000,0.011873406762,129.638788,259.273720,0.10579289,0,0,chained
0.034000,0.0155740450,0.0029303586,0.18815655,2.9319343561,2.9320333733,-9.9017227005e-05,4.5833269267,266.434949,0.980763563810,0.984422952045,0.23496710,0.012021386126,125.829060,251.654146,0.10716260,0,0,chained
0.034000,0.0155740450,0.0033679978,0.21625710,2.9319271821,2.9320333733,-1.0619116735e-04,4.5848201965,266.521755,0.980712079114,0.984422952045,0.23827290,0.012221939093,120.768259,241.532378,0.10900942,0,0,chained
0.034000,0.0155740450,0.0037765885,0.24249246,2.9319196256,2.9320333733,-1.1374769862e-04,4.5863411859,266.610172,0.980658248107,0.984422952045,0.24172936,0.012430371902,115.636731,231.269138,0.11091656,0,0,chained
0.034000,0.0155740450,0.0042775781,0.27466070,2.9319092442,2.9320333733,-1.2412912889e-04,4.5883430827,266.726545,0.980584862159,0.984422952045,0.24644143,0.012712401797,108.906641,217.808690,0.11347602,0,0,chained
0.034000,0.0155740450,0.0048960896,0.31437495,2.9318947560,2.9320333733,-1.3861727737e-04,4.5909651766,266.878971,0.980483325199,0.984422952045,0.25296106,0.013098509366,100.100937,200.196878,0.11693786,0,0,chained
0.034000,0.0155740450,0.0056734424,0.36428830,2.9318739645,2.9320333733,-1.5940881125e-04,4.5943727583,267.077059,0.980338849641,0.984422952045,0.26223774,0.013639561525,88.572164,177.138683,0.12169989,0,0,chained
0.034000,0.0155740450,0.0066919524,0.42968621,2.9318424012,2.9320333733,-1.9097211990e-04,4.5987266326,267.330155,0.980120797061,0.984422952045,0.27623877,0.014437689708,73.306795,146.606768,0.12851558,0,0,chained
0.034000,0.0155740450,0.0080984133,0.51999422,2.9317905924,2.9320333733,-2.4278092559e-04,4.6036525612,267.616506,0.979761394097,0.984422952045,0.29931581,0.015707064840,53.176250,106.343096,0.13878777,0,0,chained
0.034000,0.0155740450,0.0089893894,0.57720325,2.9317524679,2.9320333733,-2.8090534059e-04,4.6054285871,267.719749,0.979492263797,0.984422952045,0.31659651,0.016623760683,41.558622,83.105211,0.14574565,0,0,chained
0.034000,0.0155740450,0.0100860596,0.64761978,2.9316989028,2.9320333733,-3.3447049704e-04,4.6050736603,267.699116,0.979102746176,0.984422952045,0.34160720,0.017907581524,28.842389,57.667438,0.15484399,0,0,chained
0.034000,0.0155740450,0.0108887629,0.69916088,2.9316537716,2.9320333733,-3.7960172290e-04,4.6019151738,267.515509,0.978760637561,0.984422952045,0.36357379,0.019001570974,20.739667,41.455211,0.16205030,0,0,chained
0.034000,0.0155740450,0.0113544285,0.72906098,2.9316244316,2.9320333733,-4.0894171071e-04,4.5982624253,267.303170,0.978529770687,0.984422952045,0.37839761,0.019726138785,16.508782,32.987249,0.16658877,0,0,chained
0.034000,0.0155740450,0.0116841255,0.75023062,2.9316017287,2.9320333733,-4.3164455669e-04,4.5944475996,267.081409,0.978345842862,0.984422952045,0.39020750,0.020297236915,13.713313,27.390117,0.17006078,0,0,chained
0.034000,0.0155740450,0.0120005972,0.77055108,2.9315778769,2.9320333733,-4.5549641405e-04,4.5893798343,266.786813,0.978147066279,0.984422952045,0.40297083,0.020909678501,11.174298,22.303761,0.17370758,0,0,chained
0.034000,0.0155740450,0.0122748837,0.78816286,2.9315548815,2.9320333733,-4.7849174697e-04,4.5833045025,266.433646,0.977949494365,0.984422952045,0.41565680,0.021514850105,9.072108,18.088934,0.17726388,0,0,chained
0.034000,0.0155740450,0.0124786690,0.80124778,2.9315356935,2.9320333733,-4.9767974984e-04,4.5771837950,266.077841,0.977779738155,0.984422952045,0.42655674,0.022033071571,7.551949,15.037398,0.18030009,0,0,chained
0.034000,0.0155740450,0.0126334791,0.81118805,2.9315192411,2.9320333733,-5.1413218329e-04,4.5710357594,265.720447,0.977630328498,0.984422952045,0.43615025,0.022488657041,6.403123,12.727677,0.18298577,0,0,chained
0.034000,0.0155740450,0.0127520703,0.81880271,2.9315048791,2.9320333733,-5.2849422818e-04,4.5648697353,265.362008,0.977496779596,0.984422952045,0.44472534,0.022896093109,5.508235,10.924937,0.18542002,0,0,chained
0.034000,0.0155740450,0.0128427381,0.82462444,2.9314921818,2.9320333733,-5.4119152653e-04,4.5586911231,265.002837,0.977376135226,0.984422952045,0.45247184,0.023264850229,4.795484,9.485545,0.18766626,0,0,chained
0.034000,0.0155740450,0.0129112380,0.82902278,2.9314808498,2.9320333733,-5.5252344253e-04,4.5525033002,264.643131,0.977266315114,0.984422952045,0.45952333,0.023601538337,4.218011,8.315770,0.18976765,0,0,chained
0.034000,0.0155740450,0.0129617568,0.83226656,2.9314706626,2.9320333733,-5.6271069679e-04,4.5463085064,264.283019,0.977165781938,0.984422952045,0.46597850,0.023911001668,3.743737,7.351447,0.19175502,0,0,chained
0.034000,0.0155740450,0.0129974519,0.83455852,2.9314614513,2.9320333733,-5.7192200557e-04,4.5401082948,263.922592,0.977073355691,0.984422952045,0.47191313,0.024196927354,3.349879,6.547017,0.19365110,0,0,chained
0.034000,0.0155740450,0.0130207726,0.83605593,2.9314530832,2.9320333733,-5.8029004388e-04,4.5339037822,263.561916,0.976988102884,0.984422952045,0.47738716,0.024462207746,3.019779,5.869176,0.19547317,0,0,chained
0.034000,0.0155740450,0.0130336621,0.83688355,2.9314454517,2.9320333733,-5.8792154784e-04,4.5276957949,263.201037,0.976909266725,0.984422952045,0.48244919,0.024709168122,2.740964,5.293000,0.19723466,0,0,chained
0.034000,0.0155740450,0.0130376901,0.83714219,2.9314384693,2.9320333733,-5.9490399824e-04,4.5214849595,262.839993,0.976836221162,0.984422952045,0.48713940,0.024939716222,2.503911,4.799465,0.19894616,0,0,chained
0.034000,0.0155740450,0.0130341446,0.83691453,2.9314320631,2.9320333733,-6.0131020819e-04,4.5152717604,262.478811,0.976768439501,0.984422952045,0.49149162,0.025155444088,2.301224,4.373814,0.20061620,0,1,chained
0.034000,0.0155740450,0.0130240949,0.83626925,2.9314261717,2.9320333733,-6.0720157174e-04,4.5090565790,262.117514,0.976705472297,0.984422952045,0.49553470,0.025357699603,2.127078,4.004432,0.20225169,0,0,chained
0.034000,0.0155740450,0.0130084390,0.83526399,2.9314207429,2.9320333733,-6.1263042636e-04,4.5028397201,261.756120,0.976646931371,0.984422952045,0.49929358,0.025547638094,1.976827,3.682066,0.20385832,0,0,chained
0.034000,0.0155740450,0.0129879373,0.83394759,2.9314157315,2.9320333733,-6.1764181100e-04,4.4966214298,261.394643,0.976592477972,0.984422952045,0.50279000,0.025726260411,1.846724,3.399267,0.20544083,0,0,chained
0.034000,0.0155740450,0.0129632391,0.83236174,2.9314110985,2.9320333733,-6.2227480096e-04,4.4904019100,261.033093,0.976541813835,0.984422952045,0.50604311,0.025894441619,1.733719,3.149976,0.20700316,0,0,chained
0.034000,0.0155740450,0.0129349023,0.83054225,2.9314068097,2.9320333733,-6.2656353946e-04,4.4841813273,260.671483,0.976494674298,0.984422952045,0.50906992,0.026052952990,1.635306,2.929225,0.20854864,0,0,chained
0.034000,0.0155740450,0.0129034093,0.82852010,2.9314028352,2.9320333733,-6.3053804737e-04,4.4779598206,260.309818,0.976450822922,0.984422952045,0.51188559,0.026202479146,1.549409,2.732907,0.21008011,0,0,chained
0.034000,0.0155740450,0.0128691790,0.82632220,2.9313991484,2.9320333733,-6.3422486765e-04,4.4717375068,259.948107,0.976410047224,0.984422952045,0.51450377,0.026343631606,1.474297,2.557604,0.21159997,0,0,chained
0.034000,0.0155740450,0.0128325774,0.82397203,2.9313957257,2.9320333733,-6.3764758467e-04,4.4655144847,259.586354,0.976372155237,0.984422952045,0.51693679,0.026476959636,1.408519,2.400448,0.21311029,0,0,chained
0.034000,0.0155740450,0.0127939251,0.82149019,2.9313925460,2.9320333733,-6.4082724727e-04,4.4592908385,259.224565,0.976336972724,0.984422952045,0.51919584,0.026602959041,1.350846,2.259023,0.21461286,0,0,chained
0.034000,0.0155740450,0.0127535040,0.81889477,2.9313895906,2.9320333733,-6.4378271694e-04,4.4530666404,258.862744,0.976304340875,0.984422952045,0.52129111,0.026722079369,1.300239,2.131274,0.21610922,0,0,chained
0.034000,0.0155740450,0.0127115631,0.81620177,2.9313868423,2.9320333733,-6.4653095687e-04,4.4468419527,258.500895,0.976274114400,0.984422952045,0.52323193,0.026834729860,1.255808,2.015448,0.21760072,0,0,chained
0.034000,0.0155740450,0.0126683224,0.81342531,2.9313842860,2.9320333733,-6.4908727395e-04,4.4406168293,258.139020,0.976246159928,0.984422952045,0.52502687,0.026941284421,1.216792,1.910033,0.21908851,0,0,chained
0.034000,0.0155740450,0.0126239774,0.81057795,2.9313819078,2.9320333733,-6.5146552278e-04,4.4343913169,257.777122,0.976220354654,0.984422952045,0.52668381,0.027042085806,1.182536,1.813720,0.22057363,0,0,chained
0.034000,0.0155740450,0.0125787018,0.80767083,2.9313796950,2.9320333733,-6.5367827886e-04,4.4281654565,257.415205,0.976196585186,0.984422952045,0.52821004,0.027137449159,1.174353,1.790069,0.22205697,0,0,chained
0.034000,0.0155740450,0.0125326504,0.80471390,2.9313776363,2.9320333733,-6.5573698658e-04,4.4219392841,257.053269,0.976174746559,0.984422952045,0.52961228,0.027227665041,1.171821,1.782693,0.22353933,0,0,chained
0.034000,0.0155740450,0.0124859615,0.80171603,2.9313757212,2.9320333733,-6.5765208623e-04,4.4157128311,256.691317,0.976154741379,0.984422952045,0.53089680,0.027313002029,1.169146,1.774870,0.22502139,0,0,chained
0.034000,0.0155740450,0.0124387587,0.79868517,2.9313739402,2.9320333733,-6.5943312369e-04,4.4094861254,256.329350,0.976136479084,0.984422952045,0.53206941,0.027393708961,1.166357,1.766680,0.22650378,0,0,chained
0.034000,0.0155740450,0.0123911528,0.79562842,2.9313722844,2.9320333733,-6.6108884560e-04,4.4032591918,255.967370,0.976119875298,0.984422952045,0.53313553,0.027470016888,1.163478,1.758190,0.22798704,0,0,chained
0.034000,0.0155740450,0.0123432431,0.79255217,2.9313707460,2.9320333733,-6.6262728221e-04,4.3970320522,255.605378,0.976104851261,0.984422952045,0.53410022,0.027542140780,1.160531,1.749456,0.22947166,0,0,chained
0.034000,0.0155740450,0.0122951187,0.78946213,2.9313693175,2.9320333733,-6.6405581993e-04,4.3908047260,255.243375,0.976091333331,0.984422952045,0.53496819,0.027610281018,1.157532,1.740524,0.23095807,0,0,chained
0.034000,0.0155740450,0.0122468600,0.78636347,2.9313679920,2.9320333733,-6.6538126495e-04,4.3845772309,254.881363,0.976079252541,0.984422952045,0.53574389,0.027674624714,1.154495,1.731435,0.23244665,0,0,chained
0.034000,0.0155740450,0.0121985390,0.78326080,2.9313667634,2.9320333733,-6.6660989933e-04,4.3783495822,254.519341,0.976068544204,0.984422952045,0.53643147,0.027735346876,1.151434,1.722222,0.23393776,0,0,chained
0.034000,0.0155740450,0.0121502207,0.78015832,2.9313656258,2.9320333733,-6.6774753060e-04,4.3721217941,254.157311,0.976059147565,0.984422952045,0.53703482,0.027792611444,1.148357,1.712913,0.23543169,0,0,chained
0.034000,0.0155740450,0.0121019637,0.77705977,2.9313645738,2.9320333733,-6.6879953572e-04,4.3658938791,253.795274,0.976051005483,0.984422952045,0.53755762,0.027846572212,1.145274,1.703532,0.23692873,0,0,chained
0.034000,0.0155740450,0.0120538209,0.77396854,2.9313636024,2.9320333733,-6.6977090012e-04,4.3596658486,253.433231,0.976044064152,0.984422952045,0.53800332,0.027897373653,1.142191,1.694098,0.23842911,0,0,chained
0.034000,0.0155740450,0.0120058397,0.77088770,2.9313627070,2.9320333733,-6.7066625262e-04,4.3534377127,253.071181,0.976038272843,0.984422952045,0.53837518,0.027945151661,1.139115,1.684627,0.23993307,0,0,chained
0.034000,0.0155740450,0.0119580633,0.76782000,2.9313618834,2.9320333733,-6.7148989654e-04,4.3472094807,252.709125,0.976033583679,0.984422952045,0.53867626,0.027990034217,1.136051,1.675135,0.24144081,0,0,chained
0.034000,0.0155740450,0.0119105303,0.76476794,2.9313611274,2.9320333733,-6.7224583762e-04,4.3409811610,252.347065,0.976029951424,0.984422952045,0.53890949,0.028032141986,1.133002,1.665630,0.24295249,0,0,chained
0.034000,0.0155740450,0.0118632758,0.76173376,2.9313604355,2.9320333733,-6.7293780909e-04,4.3347527612,251.984999,0.976027333296,0.984422952045,0.53907760,0.028071588864,1.129972,1.656124,0.24446830,0,0,chained
0.034000,0.0155740450,0.0118163313,0.75871948,2.9313598040,2.9320333733,-6.7356929422e-04,4.3285242881,251.622930,0.976025688793,0.984422952045,0.53918319,0.028108482472,1.126963,1.646623,0.24598837,0,0,chained
0.034000,0.0155740450,0.0117697254,0.75572695,2.9313592297,2.9320333733,-6.7414354667e-04,4.3222957480,251.260857,0.976024979538,0.984422952045,0.53922873,0.028142924598,1.123979,1.637134,0.24751284,0,0,chained
0.034000,0.0155740450,0.0117234838,0.75275780,2.9313587097,2.9320333733,-6.7466360889e-04,4.3160671466,250.898780,0.976025169136,0.984422952045,0.53921656,0.028175011610,1.121020,1.627660,0.24904183,0,0,chained
0.034000,0.0155740450,0.0116776295,0.74981352,2.9313582410,2.9320333733,-6.7513232873e-04,4.3098384892,250.536699,0.976026223042,0.984422952045,0.53914889,0.028204834825,1.118087,1.618207,0.25057545,0,0,chained
0.034000,0.0155740450,0.0116321834,0.74689546,2.9313578209,2.9320333733,-6.7555237455e-04,4.3036097804,250.174616,0.976028108441,0.984422952045,0.53902783,0.028232480849,1.115183,1.608775,0.25211379,0,0,chained
0.034000,0.0155740450,0.0115871644,0.74400481,2.9313574470,2.9320333733,-6.7592624892e-04,4.2973810247,249.812530,0.976030794140,0.984422952045,0.53885538,0.028258031892,1.112308,1.599368,0.25365695,0,0,chained
0.034000,0.0155740450,0.0115425892,0.74114267,2.9313571170,2.9320333733,-6.7625630107e-04,4.2911522259,249.450442,0.976034250460,0.984422952045,0.53863345,0.028281566048,1.109461,1.589986,0.25520501,0,0,chained
0.034000,0.0155740450,0.0114984730,0.73830999,2.9313568285,2.9320333733,-6.7654473833e-04,4.2849233878,249.088351,0.976038449150,0.984422952045,0.53836386,0.028303157563,1.106644,1.580629,0.25675804,0,0,chained
0.034000,0.0155740450,0.0114548294,0.73550766,2.9313565797,2.9320333733,-6.7679363640e-04,4.2786945137,248.726258,0.976043363295,0.984422952045,0.53804832,0.028322877075,1.103857,1.571296,0.25831611,0,0,chained
0.034000,0.0155740450,0.0114116705,0.73273645,2.9313563683,2.9320333733,-6.7700494891e-04,4.2724656065,248.364163,0.976048967239,0.984422952045,0.53768850,0.028340791835,1.101099,1.561988,0.25987929,0,0,chained
0.034000,0.0155740450,0.0113690070,0.72999706,2.9313561928,2.9320333733,-6.7718051607e-04,4.2662366693,248.002067,0.976055236508,0.984422952045,0.53728595,0.028356965917,1.098371,1.552703,0.26144762,0,0,chained
0.034000,0.0155740450,0.0113268487,0.72729010,2.9313560512,2.9320333733,-6.7732207260e-04,4.2600077044,247.639969,0.976062147744,0.984422952045,0.53684218,0.028371460403,1.095671,1.543439,0.26302117,0,0,chained
0.034000,0.0155740450,0.0112852041,0.72461612,2.9313559420,2.9320333733,-6.7743125505e-04,4.2537787144,247.277869,0.976069678641,0.984422952045,0.53635863,0.028384333566,1.093001,1.534193,0.26459997,0,0,chained
0.034000,0.0155740450,0.0112440806,0.72197561,2.9313558637,2.9320333733,-6.7750960852e-04,4.2475497014,246.915768,0.976077807883,0.984422952045,0.53583666,0.028395641027,1.090359,1.524964,0.26618407,0,0,chained
0.034000,0.0155740450,0.0112034852,0.71936900,2.9313558147,2.9320333733,-6.7755859030e-04,4.2413206675,246.553666,0.976086515169,0.984422952045,0.53527757,0.028405435690,1.087744,1.515748,0.26777351,0,0,chained
0.034000,0.0155740450,0.0111634232,0.71679665,2.9313557937,2.9320333733,-6.7757958572e-04,4.2350916144,246.191563,0.976095780848,0.984422952045,0.53468262,0.028413768778,1.085157,1.506541,0.26936833,0,0,chained
0.034000,0.0155740450,0.0111238999,0.71425888,2.9313557994,2.9320333733,-6.7757389783e-04,4.2288625440,245.829459,0.976105586349,0.984422952045,0.53405302,0.028420688597,1.082596,1.497342,0.27096856,0,0,chained
0.034000,0.0155740450,0.0110849196,0.71175598,2.9313558305,2.9320333733,-6.7754276281e-04,4.2226334578,245.467354,0.976115913808,0.984422952045,0.53338990,0.028426241585,1.080061,1.488144,0.27257423,0,0,chained
0.034000,0.0155740450,0.0110464861,0.70928819,2.9313558859,2.9320333733,-6.7748735178e-04,4.2164043573,245.105248,0.976126746117,0.984422952045,0.53269436,0.028430472191,1.077551,1.478944,0.27418536,0,0,chained
0.034000,0.0155740450,0.0110086025,0.70685570,2.9313559645,2.9320333733,-6.7740877488e-04,4.2101752439,244.743141,0.976138066875,0.984422952045,0.53196746,0.028433422983,1.075066,1.469738,0.27580199,0,0,chained
0.034000,0.0155740450,0.0109712713,0.70445869,2.9313560652,2.9320333733,-6.7730808510e-04,4.2039461188,244.381034,0.976149860360,0.984422952045,0.53121021,0.028435134742,1.072604,1.460520,0.27742414,0,0,chained
0.034000,0.0155740450,0.0109344948,0.70209729,2.9313561870,2.9320333733,-6.7718628184e-04,4.1977169831,244.018926,0.976162111491,0.984422952045,0.53042357,0.028435646558,1.070165,1.451285,0.27905182,0,0,chained
0.034000,0.0155740450,0.0108982746,0.69977162,2.9313563290,2.9320333733,-6.7704431417e-04,4.1914878381,243.656817,0.976174805794,0.984422952045,0.52960848,0.028434995920,1.067748,1.442027,0.28068507,0,0,chained
0.034000,0.0155740450,0.0108626120,0.69748174,2.9313564902,2.9320333733,-6.7688308392e-04,4.1852586846,243.294708,0.976187929378,0.984422952045,0.52876582,0.028433218791,1.065351,1.432739,0.28232389,0,0,chained
0.034000,0.0155740450,0.0108275078,0.69522772,2.9313566698,2.9320333733,-6.7670344848e-04,4.1790295236,242.932598,0.976201468898,0.984422952045,0.52789646,0.028430349690,1.062976,1.423416,0.28396831,0,0,chained
0.034000,0.0155740450,0.0107929626,0.69300959,2.9313568671,2.9320333733,-6.7650622343e-04,4.1728003560,242.570489,0.976215411537,0.984422952045,0.52700121,0.028426421759,1.060619,1.414050,0.28561834,0,0,chained
0.034000,0.0155740450,0.0107589766,0.69082738,2.9313570811,2.9320333733,-6.7629218504e-04,4.1665711826,242.208378,0.976229744975,0.984422952045,0.52608087,0.028421466833,1.058281,1.404632,0.28727400,0,0,chained
0.034000,0.0155740450,0.0107255499,0.68868107,2.9313573112,2.9320333733,-6.7606207250e-04,4.1603420041,241.846268,0.976244457368,0.984422952045,0.52513619,0.028415515506,1.055961,1.395156,0.28893530,0,0,chained
0.034000,0.0155740450,0.0106926821,0.68657065,2.9313575567,2.9320333733,-6.7581659012e-04,4.1541128212,241.484157,0.976259537324,0.984422952045,0.52416792,0.028408597182,1.053657,1.385611,0.29060226,0,0,chained
0.034000,0.0155740450,0.0106603727,0.68449608,2.9313578169,2.9320333733,-6.7555640923e-04,4.1478836346,241.122046,0.976274973887,0.984422952045,0.52317675,0.028400740140,1.051369,1.375988,0.29227488,0,0,chained
0.034000,0.0155740450,0.0106286210,0.68245732,2.9313580911,2.9320333733,-6.7528217013e-04,4.1416544449,240.759935,0.976290756509,0.984422952045,0.52216335,0.028391971582,1.051391,1.376081,0.29395318,0,0,chained
0.034000,0.0155740450,0.0105974259,0.68045430,2.9313583788,2.9320333733,-6.7499448376e-04,4.1354252526,240.397824,0.976306875040,0.984422952045,0.52112839,0.028382317684,1.055070,1.391483,0.29563717,0,0,chained
0.034000,0.0155740450,0.0105667863,0.67848695,2.9313586794,2.9320333733,-6.7469393335e-04,4.1291960582,240.035712,0.976323319702,0.984422952045,0.52007249,0.028371803641,1.058749,1.406528,0.29732686,0,0,chained
0.034000,0.0155740450,0.0105367010,0.67655520,2.9313589922,2.9320333733,-6.7438107594e-04,4.1229668623,239.673601,0.976340081081,0.984422952045,0.51899625,0.028360453715,1.062426,1.421241,0.29902226,0,0,chained
0.034000,0.0155740450,0.0105071686,0.67465893,2.9313593168,2.9320333733,-6.7405644379e-04,4.1167376653,239.311489,0.976357150104,0.984422952045,0.51790026,0.028348291274,1.066097,1.435642,0.30072338,0,0,chained
0.034000,0.0155740450,0.0104781874,0.67279807,2.9313596527,2.9320333733,-6.7372054575e-04,4.1105084676,238.949377,0.976374518027,0.984422952045,0.51678508,0.028335338832,1.069762,1.449749,0.30243023,0,0,chained
0.034000,0.0155740450,0.0104497557,0.67097249,2.9313599994,2.9320333733,-6.7337386844e-04,4.1042792696,238.587266,0.976392176423,0.984422952045,0.51565124,0.028321618087,1.073417,1.463577,0.30414282,0,0,chained
0.034000,0.0155740450,0.0104218718,0.66918208,2.9313603564,2.9320333733,-6.7301687750e-04,4.0980500717,238.225154,0.976410117165,0.984422952045,0.51449928,0.028307149954,1.077063,1.477143,0.30586115,0,0,chained
0.034000,0.0155740450,0.0103945337,0.66742671,2.9313607233,2.9320333733,-6.7265001865e-04,4.0918208743,237.863043,0.976428332414,0.984422952045,0.51332969,0.028291954604,1.080696,1.490458,0.30758523,0,0,chained
0.034000,0.0155740450,0.0103677394,0.66570627,2.9313610996,2.9320333733,-6.7227371872e-04,4.0855916776,237.500931,0.976446814610,0.984422952045,0.51214296,0.028276051488,1.084317,1.503534,0.30931508,0,0,chained
0.034000,0.0155740450,0.0103414869,0.66402061,2.9313614849,2.9320333733,-6.7188838665e-04,4.0793624820,237.138820,0.976465556456,0.984422952045,0.51093955,0.028259459376,1.087923,1.516381,0.31105069,0,0,chained
0.034000,0.0155740450,0.0103157740,0.66236961,2.9313618789,2.9320333733,-6.7149441440e-04,4.0731332877,236.776708,0.976484550911,0.984422952045,0.50971993,0.028242196377,1.091514,1.529011,0.31279208,0,0,chained
0.034000,0.0155740450,0.0102905985,0.66075310,2.9313622811,2.9320333733,-6.7109217779e-04,4.0669040951,236.414597,0.976503791177,0.984422952045,0.50848453,0.028224279971,1.095090,1.541432,0.31453925,0,0,chained
0.034000,0.0155740450,0.0102659581,0.65917096,2.9313626912,2.9320333733,-6.7068203734e-04,4.0606749043,236.052486,0.976523270694,0.984422952045,0.50723376,0.028205727034,1.098648,1.553652,0.31629221,0,0,chained
0.034000,0.0155740450,0.0102418506,0.65762303,2.9313631089,2.9320333733,-6.7026433901e-04,4.0544457156,235.690374,0.976542983122,0.984422952045,0.50596804,0.028186553860,1.102190,1.565679,0.31805097,0,0,chained
0.034000,0.0155740450,0.0102182735,0.65610916,2.9313635339,2.9320333733,-6.6983941494e-04,4.0482165293,235.328263,0.976562922340,0.984422952045,0.50468775,0.028166776189,1.105713,1.577521,0.31981552,0,0,chained
0.034000,0.0155740450,0.0101952244,0.65462919,2.9313639657,2.9320333733,-6.6940758414e-04,4.0419873455,234.966153,0.976583082436,0.984422952045,0.50339328,0.028146409224,1.109219,1.589184,0.32158589,0,0,chained
0.034000,0.0155740450,0.0101727009,0.65318297,2.9313644041,2.9320333733,-6.6896915311e-04,4.0357581644,234.604042,0.976603457697,0.984422952045,0.50208500,0.028125467654,1.112706,1.600676,0.32336208,0,0,chained
0.034000,0.0155740450,0.0101507006,0.65177034,2.9313648489,2.9320333733,-6.6852441643e-04,4.0295289862,234.241931,0.976624042600,0.984422952045,0.50076325,0.028103965675,1.116174,1.612002,0.32514408,0,0,chained
0.034000,0.0155740450,0.0101292210,0.65039115,2.9313652996,2.9320333733,-6.6807365740e-04,4.0232998112,233.879821,0.976644831810,0.984422952045,0.49942839,0.028081917008,1.119624,1.623168,0.32693192,0,0,chained
0.034000,0.0155740450,0.0101082595,0.64904522,2.9313657561,2.9320333733,-6.6761714852e-04,4.0170706394,233.517711,0.976665820169,0.984422952045,0.49808074,0.028059334916,1.123054,1.634180,0.32872559,0,0,chained
0.034000,0.0155740450,0.0100878136,0.64773241,2.9313662181,2.9320333733,-6.6715515203e-04,4.0108414710,233.155601,0.976687002690,0.984422952045,0.49672063,0.028036232223,1.126465,1.645043,0.33052511,0,0,chained
0.034000,0.0155740450,0.0100678809,0.64645254,2.9313666854,2.9320333733,-6.6668792039e-04,4.0046123061,232.793491,0.976708374552,0.984422952045,0.49534835,0.028012621330,1.129857,1.655761,0.33233047,0,0,chained
0.034000,0.0155740450,0.0100484587,0.64520545,2.9313671576,2.9320333733,-6.6621569674e-04,3.9983831450,232.431382,0.976729931092,0.984422952045,0.49396422,0.027988514230,1.133229,1.666341,0.33414169,0,0,chained
0.034000,0.0155740450,0.0100295445,0.64399098,2.9313676346,2.9320333733,-6.6573871535e-04,3.9921539877,232.069273,0.976751667802,0.984422952045,0.49256852,0.027963922523,1.136582,1.676786,0.33595877,0,0,chained
0.034000,0.0155740450,0.0100111358,0.64280897,2.9313681161,2.9320333733,-6.6525720201e-04,3.9859248343,231.707164,0.976773580320,0.984422952045,0.49116153,0.027938857431,1.139917,1.687100,0.33778173,0,0,chained
0.034000,0.0155740450,0.0099932300,0.64165925,2.9313686019,2.9320333733,-6.6477137443e-04,3.9796956851,231.345055,0.976795664427,0.984422952045,0.48974352,0.027913329812,1.143232,1.697289,0.33961055,0,0,chained
0.034000,0.0155740450,0.0099758246,0.64054166,2.9313690918,2.9320333733,-6.6428144263e-04,3.9734665400,230.982946,0.976817916044,0.984422952045,0.48831476,0.027887350169,1.146528,1.707355,0.34144526,0,0,chained
0.034000,0.0155740450,0.0099589170,0.63945603,2.9313695857,2.9320333733,-6.6378760926e-04,3.9672373992,230.620838,0.976840331222,0.984422952045,0.48687549,0.027860928670,1.149806,1.717303,0.34328586,0,0,chained
0.034000,0.0155740450,0.0099425047,0.63840221,2.9313700832,2.9320333733,-6.6329006997e-04,3.9610082628,230.258730,0.976862906142,0.984422952045,0.48542597,0.027834075153,1.153065,1.727137,0.34513236,0,0,chained
0.034000,0.0155740450,0.0099265852,0.63738002,2.9313705843,2.9320333733,-6.6278901371e-04,3.9547791309,229.896622,0.976885637106,0.984422952045,0.48396643,0.027806799140,1.156306,1.736860,0.34698476,0,0,chained
0.034000,0.0155740450,0.0099111559,0.63638932,2.9313710887,2.9320333733,-6.6228462302e-04,3.9485500036,229.534514,0.976908520541,0.984422952045,0.48249710,0.027779109846,1.159528,1.746475,0.34884308,0,0,chained
0.034000,0.0155740450,0.0098962144,0.63542994,2.9313715962,2.9320333733,-6.6177707437e-04,3.9423208809,229.172407,0.976931552984,0.984422952045,0.48101820,0.027751016195,1.162733,1.755986,0.35070731,0,0,chained
0.034000,0.0155740450,0.0098817582,0.63450171,2.9313721067,2.9320333733,-6.6126653836e-04,3.9360917631,228.810300,0.976954731087,0.984422952045,0.47952995,0.027722526823,1.165920,1.765396,0.35257747,0,0,chained
0.034000,0.0155740450,0.0098677847,0.63360448,2.9313726201,2.9320333733,-6.6075318004e-04,3.9298626501,228.448194,0.976978051610,0.984422952045,0.47803255,0.027693650091,1.169090,1.774707,0.35445357,0,0,chained
0.034000,0.0155740450,0.0098542916,0.63273810,2.9313731361,2.9320333733,-6.6023715915e-04,3.9236335420,228.086087,0.977001511417,0.984422952045,0.47652621,0.027664394093,1.172243,1.783923,0.35633561,0,0,chained
0.034000,0.0155740450,0.0098412764,0.63190240,2.9313736547,2.9320333733,-6.5971863032e-04,3.9174044390,227.723981,0.977025107474,0.984422952045,0.47501112,0.027634766666,1.175379,1.793048,0.35822360,0,0,chained
0.034000,0.0155740450,0.0098287367,0.63109724,2.9313741755,2.9320333733,-6.5919774334e-04,3.9111753410,227.361875,0.977048836843,0.984422952045,0.47348747,0.027604775397,1.178498,1.802082,0.36011755,0,0,chained
0.034000,0.0155740450,0.0098166701,0.63032245,2.9313746986,2.9320333733,-6.5867464336e-04,3.9049462482,226.999770,0.977072696684,0.984422952045,0.47195545,0.027574427633,1.181601,1.811029,0.36201746,0,0,chained
0.034000,0.0155740450,0.0098050743,0.62957788,2.9313752238,2.9320333733,-6.5814947110e-04,3.8987171607,226.637664,0.977096684246,0.984422952045,0.47041522,0.027543730485,1.184687,1.819892,0.36392336,0,0,chained
0.034000,0.0155740450,0.0097939467,0.62886339,2.9313757509,2.9320333733,-6.5762236303e-04,3.8924880784,226.275559,0.977120796869,0.984422952045,0.46886696,0.027512690838,1.187759,1.828672,0.36583523,0,0,chained
0.034000,0.0155740450,0.0097832853,0.62817882,2.9313762798,2.9320333733,-6.5709345156e-04,3.8862590015,225.913455,0.977145031979,0.984422952045,0.46731084,0.027481315359,1.190814,1.837373,0.36775311,0,0,chained
0.034000,0.0155740450,0.0097730875,0.62752403,2.9313768104,2.9320333733,-6.5656286526e-04,3.8800299301,225.551351,0.977169387085,0.984422952045,0.46574702,0.027449610501,1.193854,1.845996,0.36967699,0,0,chained
0.034000,0.0155740450,0.0097633512,0.62689887,2.9313773426,2.9320333733,-6.5603072898e-04,3.8738008641,225.189247,0.977193859779,0.984422952045,0.46417564,0.027417582512,1.196880,1.854543,0.37160688,0,0,chained
0.034000,0.0155740450,0.0097540741,0.62630320,2.9313778761,2.9320333733,-6.5549716405e-04,3.8675718038,224.827143,0.977218447729,0.984422952045,0.46259686,0.027385237437,1.199890,1.863017,0.37354279,0,0,chained
0.034000,0.0155740450,0.0097452540,0.62573686,2.9313784110,2.9320333733,-6.5496228840e-04,3.8613427490,224.465040,0.977243148682,0.984422952045,0.46101083,0.027352581130,1.202886,1.871419,0.37548474,0,0,chained
0.034000,0.0155740450,0.0097368887,0.62519973,2.9313789471,2.9320333733,-6.5442621677e-04,3.8551137000,224.102937,0.977267960458,0.984422952045,0.45941768,0.027319619257,1.205868,1.879752,0.37743273,0,0,chained
0.034000,0.0155740450,0.0097289760,0.62469166,2.9313794842,2.9320333733,-6.5388906078e-04,3.8488846567,223.740834,0.977292880949,0.984422952045,0.45781755,0.027286357297,1.208836,1.888016,0.37938677,0,0,chained
0.034000,0.0155740450,0.0097215137,0.62421251,2.9313800224,2.9320333733,-6.5335092915e-04,3.8426556192,223.378732,0.977317908119,0.984422952045,0.45621057,0.027252800556,1.211791,1.896215,0.38134688,0,0,chained
0.034000,0.0155740450,0.0097144998,0.62376216,2.9313805614,2.9320333733,-6.5281192775e-04,3.8364265875,223.016630,0.977343039997,0.984422952045,0.45459687,0.027218954164,1.214731,1.904349,0.38331306,0,0,chained
0.034000,0.0155740450,0.0097079322,0.62334045,2.9313811011,2.9320333733,-6.5227215980e-04,3.8301975619,222.654528,0.977368274681,0.984422952045,0.45297656,0.027184823086,1.217659,1.912420,0.38528533,0,0,chained
0.034000,0.0155740450,0.0097018089,0.62294727,2.9313816416,2.9320333733,-6.5173172595e-04,3.8239685421,222.292427,0.977393610332,0.984422952045,0.45134978,0.027150412121,1.220573,1.920430,0.38726369,0,0,chained
0.034000,0.0155740450,0.0096961277,0.62258249,2.9313821826,2.9320333733,-6.5119072441e-04,3.8177395285,221.930326,0.977419045175,0.984422952045,0.44971662,0.027115725913,1.223475,1.928380,0.38924817,0,0,chained
0.034000,0.0155740450,0.0096908867,0.62224597,2.9313827240,2.9320333733,-6.5064925105e-04,3.8115105209,221.568225,0.977444577492,0.984422952045,0.44807721,0.027080768947,1.226364,1.936271,0.39123876,0,0,chained
0.034000,0.0155740450,0.0096860840,0.62193759,2.9313832659,2.9320333733,-6.5010739955e-04,3.8052815196,221.206125,0.977470205631,0.984422952045,0.44643164,0.027045545563,1.229240,1.944104,0.39323549,0,0,chained
0.034000,0.0155740450,0.0096817177,0.62165723,2.9313838080,2.9320333733,-6.4956526147e-04,3.7990525244,220.844025,0.977495927991,0.984422952045,0.44478002,0.027010059950,1.232104,1.951882,0.39523836,0,0,chained
0.034000,0.0155740450,0.0096777858,0.62140477,2.9313843504,2.9320333733,-6.4902292634e-04,3.7928235355,220.481926,0.977521743033,0.984422952045,0.44312245,0.026974316157,1.234956,1.959604,0.39724739,0,0,chained
0.034000,0.0155740450,0.0096742865,0.62118008,2.9313848928,2.9320333733,-6.4848048179e-04,3.7865945530,220.119827,0.977547649268,0.984422952045,0.44145903,0.026938318095,1.237795,1.967272,0.39926260,0,0,chained
0.034000,0.0155740450,0.0096712180,0.62098305,2.9313854353,2.9320333733,-6.4793801363e-04,3.7803655768,219.757728,0.977573645265,0.984422952045,0.43978984,0.026902069537,1.240623,1.974888,0.40128398,0,0,chained
0.034000,0.0155740450,0.0096685785,0.62081357,2.9313859777,2.9320333733,-6.4739560596e-04,3.7741366071,219.395630,0.977599729642,0.984422952045,0.43811498,0.026865574127,1.243439,1.982451,0.40331157,0,0,chained
0.034000,0.0155740450,0.0096663662,0.62067152,2.9313865199,2.9320333733,-6.4685334121e-04,3.7679076440,219.033532,0.977625901070,0.984422952045,0.43643453,0.026828835377,1.246242,1.989963,0.40534537,0,0,chained
0.034000,0.0155740450,0.0096645795,0.62055680,2.9313870620,2.9320333733,-6.4631130028e-04,3.7616786874,218.671434,0.977652158268,0.984422952045,0.43474857,0.026791856675,1.249035,1.997425,0.40738539,0,0,chained
0.034000,0.0155740450,0.0096632166,0.62046929,2.9313876037,2.9320333733,-6.4576956258e-04,3.7554497374,218.309337,0.977678500006,0.984422952045,0.43305718,0.026754641288,1.251815,2.004837,0.40943166,0,0,chained
0.034000,0.0155740450,0.0096622759,0.62040889,2.9313881451,2.9320333733,-6.4522820614e-04,3.7492207942,217.947240,0.977704925098,0.984422952045,0.43136044,0.026717192361,1.254584,2.012199,0.41148418,0,0,chained
0.034000,0.0155740450,0.0096617558,0.62037549,2.9313886860,2.9320333733,-6.4468730768e-04,3.7429918577,217.585143,0.977731432408,0.984422952045,0.42965843,0.026679512922,1.257341,2.019514,0.41354297,0,0,chained
0.034000,0.0155740450,0.0096616548,0.62036901,2.9313892263,2.9320333733,-6.4414694267e-04,3.7367629280,217.223047,0.977758020844,0.984422952045,0.42795120,0.026641605885,1.260087,2.026780,0.41560805,0,1,chained
0.034000,0.0155740450,0.0096619712,0.62038933,2.9313897661,2.9320333733,-6.4360718543e-04,3.7305340052,216.860952,0.977784689357,0.984422952045,0.42623883,0.026603474052,1.262821,2.033999,0.41767943,0,0,chained
0.034000,0.0155740450,0.0096627037,0.62043636,2.9313903052,2.9320333733,-6.4306810917e-04,3.7243050894,216.498856,0.977811436944,0.984422952045,0.42452138,0.026565120116,1.265543,2.041171,0.41975713,0,0,chained
0.034000,0.0155740450,0.0096638508,0.62051001,2.9313908435,2.9320333733,-6.4252978607e-04,3.7180761806,216.136762,0.977838262642,0.984422952045,0.42279892,0.026526546662,1.268253,2.048295,0.42184117,0,0,chained
0.034000,0.0155740450,0.0096654110,0.62061019,2.9313913810,2.9320333733,-6.4199228738e-04,3.7118472788,215.774667,0.977865165532,0.984422952045,0.42107150,0.026487756171,1.270952,2.055374,0.42393156,0,0,chained
0.034000,0.0155740450,0.0096673831,0.62073681,2.9313919176,2.9320333733,-6.4145568343e-04,3.7056183843,215.412573,0.977892144734,0.984422952045,0.41933918,0.026448751019,1.273638,2.062405,0.42602832,0,0,chained
0.034000,0.0155740450,0.0096697655,0.62088979,2.9313924532,2.9320333733,-6.4092004374e-04,3.6993894969,215.050480,0.977919199410,0.984422952045,0.41760202,0.026409533484,1.276312,2.069391,0.42813147,0,0,chained
0.034000,0.0155740450,0.0096725572,0.62106904,2.9313929878,2.9320333733,-6.4038543707e-04,3.6931606168,214.688386,0.977946328759,0.984422952045,0.41586006,0.026370105743,1.278974,2.076330,0.43024103,0,0,chained
0.034000,0.0155740450,0.0096757568,0.62127449,2.9313935214,2.9320333733,-6.3985193144e-04,3.6869317441,214.326294,0.977973532021,0.984422952045,0.41411336,0.026330469875,1.281624,2.083222,0.43235701,0,0,chained
0.034000,0.0155740450,0.0096793631,0.62150605,2.9313940537,2.9320333733,-6.3931959428e-04,3.6807028788,213.964201,0.978000808472,0.984422952045,0.41236195,0.026290627868,1.284261,2.090068,0.43447944,0,0,chained
0.034000,0.0155740450,0.0096833750,0.62176365,2.9313945848,2.9320333733,-6.3878849239e-04,3.6744740210,213.602110,0.978028157426,0.984422952045,0.41060589,0.026250581611,1.286885,2.096867,0.43660834,0,0,chained
0.034000,0.0155740450,0.0096877913,0.62204722,2.9313951146,2.9320333733,-6.3825869208e-04,3.6682451708,213.240018,0.978055578234,0.984422952045,0.40884522,0.026210332905,1.289495,2.103619,0.43874371,0,0,chained
0.034000,0.0155740450,0.0096926110,0.62235669,2.9313956430,2.9320333733,-6.3773025918e-04,3.6620163282,212.877927,0.978083070283,0.984422952045,0.40707997,0.026169883458,1.292092,2.110324,0.44088560,0,0,chained
0.034000,0.0155740450,0.0096978331,0.62269199,2.9313961700,2.9320333733,-6.3720325908e-04,3.6557874934,212.515837,0.978110632994,0.984422952045,0.40531019,0.026129234890,1.294676,2.116980,0.44303401,0,0,chained
0.034000,0.0155740450,0.0097034566,0.62305307,2.9313966955,2.9320333733,-6.3667775687e-04,3.6495586664,212.153747,0.978138265826,0.984422952045,0.40353590,0.026088388735,1.297245,2.123588,0.44518897,0,0,chained
0.034000,0.0155740450,0.0097094805,0.62343986,2.9313972195,2.9320333733,-6.3615381728e-04,3.6433298473,211.791657,0.978165968269,0.984422952045,0.40175714,0.026047346436,1.299799,2.130147,0.44735050,0,0,chained
0.034000,0.0155740450,0.0097159039,0.62385231,2.9313977418,2.9320333733,-6.3563150483e-04,3.6371010361,211.429568,0.978193739848,0.984422952045,0.39997394,0.026006109356,1.302339,2.136656,0.44951862,0,0,chained
0.034000,0.0155740450,0.0097227261,0.62429036,2.9313982624,2.9320333733,-6.3511088384e-04,3.6308722330,211.067479,0.978221580124,0.984422952045,0.39818634,0.025964678772,1.304863,2.143115,0.45169336,0,0,chained
0.034000,0.0155740450,0.0097299462,0.62475395,2.9313987813,2.9320333733,-6.3459201847e-04,3.6246434381,210.705391,0.978249488687,0.984422952045,0.39639435,0.025923055876,1.307371,2.149522,0.45387474,0,0,chained
0.034000,0.0155740450,0.0097375635,0.62524306,2.9313992983,2.9320333733,-6.3407497282e-04,3.6184146514,210.343303,0.978277465163,0.984422952045,0.39459799,0.025881241781,1.309862,2.155876,0.45606278,0,0,chained
0.034000,0.0155740450,0.0097455772,0.62575762,2.9313998135,2.9320333733,-6.3355981094e-04,3.6121858730,209.981216,0.978305509208,0.984422952045,0.39279730,0.025839237519,1.312337,2.162176,0.45825751,0,0,chained
0.034000,0.0155740450,0.0097539869,0.62629759,2.9314003267,2.9320333733,-6.3304659689e-04,3.6059571030,209.619129,0.978333620512,0.984422952045,0.39099229,0.025797044040,1.314793,2.168422,0.46045896,0,0,chained
0.034000,0.0155740450,0.0097627918,0.62686295,2.9314008379,2.9320333733,-6.3253539482e-04,3.5997283416,209.257043,0.978361798796,0.984422952045,0.38918298,0.025754662218,1.317232,2.174611,0.46266714,0,0,chained
0.034000,0.0155740450,0.0097719915,0.62745366,2.9314013470,2.9320333733,-6.3202626898e-04,3.5934995887,208.894957,0.978390043811,0.984422952045,0.38736939,0.025712092844,1.319651,2.180743,0.46488209,0,0,chained
0.034000,0.0155740450,0.0097815854,0.62806968,2.9314018540,2.9320333733,-6.3151928381e-04,3.5872708445,208.532872,0.978418355340,0.984422952045,0.38555152,0.025669336637,1.322051,2.186816,0.46710384,0,0,chained
0.034000,0.0155740450,0.0097915731,0.62871099,2.9314023588,2.9320333733,-6.3101450398e-04,3.5810421092,208.170787,0.978446733197,0.984422952045,0.38372939,0.025626394235,1.324430,2.192827,0.46933241,0,0,chained
0.034000,0.0155740450,0.0098019544,0.62937756,2.9314028613,2.9320333733,-6.3051199441e-04,3.5748133828,207.808703,0.978475177227,0.984422952045,0.38190302,0.025583266201,1.326787,2.198776,0.47156783,0,0,chained
0.034000,0.0155740450,0.0098127288,0.63006937,2.9314033615,2.9320333733,-6.3001182038e-04,3.5685846654,207.446619,0.978503687305,0.984422952045,0.38007241,0.025539953021,1.329122,2.204660,0.47381013,0,0,chained
0.034000,0.0155740450,0.0098238960,0.63078642,2.9314038592,2.9320333733,-6.2951404754e-04,3.5623559571,207.084536,0.978532263336,0.984422952045,0.37823756,0.025496455109,1.331434,2.210478,0.47605934,0,0,chained
0.034000,0.0155740450,0.0098354560,0.63152868,2.9314043545,2.9320333733,-6.2901874200e-04,3.5561272580,206.722453,0.978560905254,0.984422952045,0.37639848,0.025452772799,1.333722,2.216227,0.47831549,0,0,chained
0.034000,0.0155740450,0.0098474086,0.63229615,2.9314048473,2.9320333733,-6.2852597033e-04,3.5498985683,206.360371,0.978589613026,0.984422952045,0.37455517,0.025408906355,1.335984,2.221904,0.48057861,0,0,chained
0.034000,0.0155740450,0.0098597537,0.63308882,2.9314053375,2.9320333733,-6.2803579968e-04,3.5436698881,205.998290,0.978618386646,0.984422952045,0.37270763,0.025364855965,1.338220,2.227508,0.48284874,0,0,chained
0.034000,0.0155740450,0.0098724912,0.63390669,2.9314058250,2.9320333733,-6.2754829776e-04,3.5374412175,205.636209,0.978647226140,0.984422952045,0.37085586,0.025320621741,1.340428,2.233035,0.48512590,0,0,chained
0.034000,0.0155740450,0.0098856213,0.63474976,2.9314063098,2.9320333733,-6.2706353299e-04,3.5312125565,205.274128,0.978676131561,0.984422952045,0.36899986,0.025276203724,1.342607,2.238483,0.48741014,0,0,chained
0.034000,0.0155740450,0.0098991441,0.63561805,2.9314067917,2.9320333733,-6.2658157447e-04,3.5249839055,204.912048,0.978705102994,0.984422952045,0.36713963,0.025231601881,1.344756,2.243849,0.48970148,0,0,chained
0.034000,0.0155740450,0.0099130597,0.63651156,2.9314072708,2.9320333733,-6.2610249209e-04,3.5187552644,204.549969,0.978734140553,0.984422952045,0.36527514,0.025186816103,1.346873,2.249129,0.49199996,0,0,chained
0.034000,0.0155740450,0.0099273684,0.63743032,2.9314077469,2.9320333733,-6.2562635655e-04,3.5125266334,204.187890,0.978763244381,0.984422952045,0.36340640,0.025141846209,1.348957,2.254321,0.49430563,0,0,chained
0.034000,0.0155740450,0.0099420705,0.63837433,2.9314082200,2.9320333733,-6.2515323947e-04,3.5062980126,203.825812,0.978792414653,0.984422952045,0.36153340,0.025096691944,1.351006,2.259420,0.49661850,0,0,chained
0.034000,0.0155740450,0.0099571665,0.63934363,2.9314086901,2.9320333733,-6.2468321342e-04,3.5000694022,203.463735,0.978821651571,0.984422952045,0.35965611,0.025051352980,1.353018,2.264423,0.49893863,0,0,chained
0.034000,0.0155740450,0.0099726567,0.64033825,2.9314091569,2.9320333733,-6.2421635196e-04,3.4938408024,203.101658,0.978850955369,0.984422952045,0.35777453,0.025005828913,1.354993,2.269326,0.50126606,0,0,chained
0.034000,0.0155740450,0.0099885418,0.64135822,2.9314096206,2.9320333733,-6.2375272977e-04,3.4876122132,202.739582,0.978880326309,0.984422952045,0.35588864,0.024960119267,1.356927,2.274124,0.50360081,0,0,chained
0.034000,0.0155740450,0.0100048223,0.64240358,2.9314100809,2.9320333733,-6.2329242264e-04,3.4813836349,202.377506,0.978909764686,0.984422952045,0.35399842,0.024914223488,1.358819,2.278812,0.50594295,0,0,chained
0.034000,0.0155740450,0.0100214989,0.64347438,2.9314105378,2.9320333733,-6.2283550760e-04,3.4751550676,202.015431,0.978939270823,0.984422952045,0.35210385,0.024868140951,1.360667,2.283387,0.50829249,0,0,chained
0.034000,0.0155740450,0.0100385725,0.64457066,2.9314109912,2.9320333733,-6.2238206295e-04,3.4689265114,201.653357,0.978968845075,0.984422952045,0.35020491,0.024821870952,1.362468,2.287843,0.51064950,0,0,chained
0.034000,0.0155740450,0.0100560438,0.64569249,2.9314114411,2.9320333733,-6.2193216836e-04,3.4626979665,201.291283,0.978998487827,0.984422952045,0.34830156,0.024775412714,1.364221,2.292174,0.51301402,0,0,chained
0.034000,0.0155740450,0.0100739138,0.64683991,2.9314118874,2.9320333733,-6.2148590490e-04,3.4564694331,200.929210,0.979028199495,0.984422952045,0.34639380,0.024728765382,1.365922,2.296376,0.51538608,0,0,chained
0.034000,0.0155740450,0.0100921836,0.64801300,2.9314123299,2.9320333733,-6.2104335518e-04,3.4502409114,200.567138,0.979057980526,0.984422952045,0.34448157,0.024681928023,1.367570,2.300441,0.51776574,0,0,chained
0.034000,0.0155740450,0.0101108543,0.64921183,2.9314127687,2.9320333733,-6.2060460336e-04,3.4440124016,200.205066,0.979087831401,0.984422952045,0.34256487,0.024634899627,1.369161,2.304363,0.52015305,0,0,chained
0.034000,0.0155740450,0.0101299270,0.65043648,2.9314132036,2.9320333733,-6.2016973528e-04,3.4377839037,199.842995,0.979117752631,0.984422952045,0.34064364,0.024587679105,1.370693,2.308136,0.52254805,0,0,chained
0.034000,0.0155740450,0.0101494030,0.65168703,2.9314136344,2.9320333733,-6.1973883851e-04,3.4315554181,199.480925,0.979147744758,0.984422952045,0.33871787,0.024540265290,1.372162,2.311751,0.52495080,0,0,chained
0.034000,0.0155740450,0.0101692839,0.65296356,2.9314140613,2.9320333733,-6.1931200248e-04,3.4253269450,199.118855,0.979177808361,0.984422952045,0.33678750,0.024492656932,1.373565,2.315203,0.52736134,0,0,chained
0.034000,0.0155740450,0.0101895709,0.65426618,2.9314144840,2.9320333733,-6.1888931851e-04,3.4190984845,198.756787,0.979207944049,0.984422952045,0.33485251,0.024444852700,1.374899,2.318482,0.52977974,0,0,chained
0.034000,0.0155740450,0.0102102659,0.65559499,2.9314149024,2.9320333733,-6.1847087996e-04,3.4128700368,198.394719,0.979238152465,0.984422952045,0.33291284,0.024396851181,1.376160,2.321579,0.53220604,0,0,chained
0.034000,0.0155740450,0.0102313703,0.65695010,2.9314153165,2.9320333733,-6.1805678226e-04,3.4066416022,198.032651,0.979268434289,0.984422952045,0.33096847,0.024348650878,1.377344,2.324486,0.53464031,0,0,chained
0.034000,0.0155740450,0.0102528861,0.65833161,2.9314157262,2.9320333733,-6.1764712310e-04,3.4004131808,197.670585,0.979298790231,0.984422952045,0.32901933,0.024300250207,1.378448,2.327193,0.53708260,0,0,chained
0.034000,0.0155740450,0.0102748152,0.65973966,2.9314161313,2.9320333733,-6.1724200243e-04,3.3941847730,197.308519,0.979329221042,0.984422952045,0.32706538,0.024251647500,1.379465,2.329689,0.53953297,0,0,chained
0.034000,0.0155740450,0.0102971595,0.66117438,2.9314165318,2.9320333733,-6.1684152267e-04,3.3879563790,196.946454,0.979359727504,0.984422952045,0.32510658,0.024202840999,1.380393,2.331962,0.54199148,0,0,chained
0.034000,0.0155740450,0.0103199213,0.66263590,2.9314169275,2.9320333733,-6.1644578874e-04,3.3817279989,196.584390,0.979390310440,0.984422952045,0.32314287,0.024153828857,1.381226,2.334003,0.54445819,0,0,chained
0.034000,0.0155740450,0.0103431028,0.66412437,2.9314173184,2.9320333733,-6.1605490820e-04,3.3754996331,196.222327,0.979420970708,0.984422952045,0.32117419,0.024104609135,1.381958,2.335796,0.54693318,0,0,chained
0.034000,0.0155740450,0.0103667064,0.66563994,2.9314177043,2.9320333733,-6.1566899142e-04,3.3692712819,195.860264,0.979451709205,0.984422952045,0.31920049,0.024055179800,1.382584,2.337330,0.54941650,0,0,chained
0.034000,0.0155740450,0.0103907346,0.66718278,2.9314180851,2.9320333733,-6.1528815163e-04,3.3630429454,195.498203,0.979482526868,0.984422952045,0.31722171,0.024005538726,1.383099,2.338589,0.55190822,0,0,chained
0.034000,0.0155740450,0.0104151900,0.66875304,2.9314184608,2.9320333733,-6.1491250511e-04,3.3568146240,195.136142,0.979513424671,0.984422952045,0.31523778,0.023955683687,1.383495,2.339558,0.55440842,0,0,chained
0.034000,0.0155740450,0.0104400754,0.67035093,2.9314188311,2.9320333733,-6.1454217130e-04,3.3505863180,194.774082,0.979544403633,0.984422952045,0.31324864,0.023905612359,1.383766,2.340221,0.55691717,0,0,chained
0.034000,0.0155740450,0.0104653939,0.67197661,2.9314191960,2.9320333733,-6.1417727296e-04,3.3443580276,194.412023,0.979575464813,0.984422952045,0.31125422,0.023855322316,1.383904,2.340560,0.55943454,0,0,chained
0.034000,0.0155740450,0.0104911483,0.67363028,2.9314195554,2.9320333733,-6.1381793630e-04,3.3381297532,194.049966,0.979606609312,0.984422952045,0.30925445,0.023804811028,1.383902,2.340555,0.56196061,0,0,chained
0.034000,0.0155740450,0.0105173420,0.67531217,2.9314199090,2.9320333733,-6.1346429118e-04,3.3319014951,193.687909,0.979637838276,0.984422952045,0.30724926,0.023754075858,1.383751,2.340187,0.56449546,0,0,chained
0.034000,0.0155740450,0.0105439784,0.67702247,2.9314202568,2.9320333733,-6.1311647124e-04,3.3256732537,193.325852,0.979669152897,0.984422952045,0.30523857,0.023703114057,1.383443,2.339432,0.56703916,0,0,chained
0.034000,0.0155740450,0.0105710609,0.67876142,2.9314205987,2.9320333733,-6.1277461408e-04,3.3194450292,192.963797,0.979700554412,0.984422952045,0.30322229,0.023651922768,1.382967,2.338267,0.56959181,0,0,chained
0.034000,0.0155740450,0.0105985933,0.68052926,2.9314209344,2.9320333733,-6.1243886145e-04,3.3132168221,192.601743,0.979732044107,0.984422952045,0.30120036,0.023600499014,1.382313,2.336667,0.57215349,0,0,chained
0.034000,0.0155740450,0.0106265795,0.68232624,2.9314212639,2.9320333733,-6.1210935945e-04,3.3069886326,192.239690,0.979763623317,0.984422952045,0.29917268,0.023548839700,1.381471,2.334603,0.57472429,0,0,chained
0.034000,0.0155740450,0.0106550235,0.68415261,2.9314215870,2.9320333733,-6.1178625873e-04,3.3007604612,191.877638,0.979795293427,0.984422952045,0.29713916,0.023496941611,1.380426,2.332045,0.57730430,0,0,chained
0.034000,0.0155740450,0.0106839295,0.68600865,2.9314219036,2.9320333733,-6.1146971468e-04,3.2945323083,191.515588,0.979827055874,0.984422952045,0.29509971,0.023444801403,1.379168,2.328960,0.57989362,0,0,chained
0.034000,0.0155740450,0.0107133021,0.68789464,2.9314222134,2.9320333733,-6.1115988768e-04,3.2883041743,191.153538,0.979858912151,0.984422952045,0.29305424,0.023392415604,1.377681,2.325312,0.58249234,0,0,chained
0.034000,0.0155740450,0.0107431458,0.68981089,2.9314225163,2.9320333733,-6.1085694335e-04,3.2820760597,190.791489,0.979890863804,0.984422952045,0.29100264,0.023339780605,1.375949,2.321062,0.58510056,0,0,chained
0.034000,0.0155740450,0.0107734655,0.69175770,2.9314228122,2.9320333733,-6.1056105274e-04,3.2758479647,190.429442,0.979922912439,0.984422952045,0.28894482,0.023286892662,1.373957,2.316166,0.58771839,0,0,chained
0.034000,0.0155740450,0.0108042662,0.69373539,2.9314231009,2.9320333733,-6.1027239267e-04,3.2696198900,190.067395,0.979955059718,0.984422952045,0.28688066,0.023233747885,1.371686,2.310579,0.59034594,0,0,chained
0.034000,0.0155740450,0.0108355533,0.69574432,2.9314233821,2.9320333733,-6.0999114595e-04,3.2633918360,189.705350,0.979987307369,0.984422952045,0.28481006,0.023180342237,1.369114,2.304248,0.59298331,0,0,chained
0.034000,0.0155740450,0.0108673323,0.69778483,2.9314236558,2.9320333733,-6.0971750168e-04,3.2571638032,189.343306,0.980019657179,0.984422952045,0.28273290,0.023126671529,1.366222,2.297115,0.59563062,0,0,chained
0.034000,0.0155740450,0.0108996090,0.69985730,2.9314239216,2.9320333733,-6.0945165559e-04,3.2509357921,188.981263,0.980052111005,0.984422952045,0.28064906,0.023072731412,1.362983,2.289117,0.59828799,0,0,chained
0.034000,0.0155740450,0.0109323893,0.70196210,2.9314241795,2.9320333733,-6.0919381036e-04,3.2447078033,188.619222,0.980084670770,0.984422952045,0.27855841,0.023018517372,1.359372,2.280184,0.60095555,0,0,chained
0.034000,0.0155740450,0.0109656796,0.70409965,2.9314244291,2.9320333733,-6.0894417594e-04,3.2384798372,188.257182,0.980117338468,0.984422952045,0.27646084,0.022964024725,1.355359,2.270236,0.60363341,0,0,chained
0.034000,0.0155740450,0.0109994865,0.70627037,2.9314246703,2.9320333733,-6.0870296993e-04,3.2322518946,187.895143,0.980150116170,0.984422952045,0.27435621,0.022909248611,1.350911,2.259184,0.60632171,0,0,chained
0.034000,0.0155740450,0.0110338168,0.70847470,2.9314249029,2.9320333733,-6.0847041799e-04,3.2260239759,187.533106,0.980183006019,0.984422952045,0.27224437,0.022854183984,1.345991,2.246930,0.60902058,0,0,chained
0.034000,0.0155740450,0.0110686777,0.71071309,2.9314251265,2.9320333733,-6.0824675426e-04,3.2197960819,187.171070,0.980216010241,0.984422952045,0.27012519,0.022798825608,1.340557,2.233359,0.61173017,0,0,chained
0.034000,0.0155740450,0.0111040766,0.71298604,2.9314253411,2.9320333733,-6.0803222173e-04,3.2135682131,186.809036,0.980249131145,0.984422952045,0.26799851,0.022743168047,1.334564,2.218341,0.61445061,0,0,chained
0.034000,0.0155740450,0.0111400214,0.71529403,2.9314255462,2.9320333733,-6.0782707282e-04,3.2073403703,186.447003,0.980282371127,0.984422952045,0.26586419,0.022687205657,1.327959,2.201729,0.61718206,0,0,chained
0.034000,0.0155740450,0.0111765203,0.71763760,2.9314257417,2.9320333733,-6.0763156976e-04,3.2011125542,186.084972,0.980315732671,0.984422952045,0.26372207,0.022630932579,1.320681,2.183350,0.61992468,0,0,chained
0.034000,0.0155740450,0.0112135818,0.72001730,2.9314259273,2.9320333733,-6.0744598523e-04,3.1948847656,185.722942,0.980349218357,0.984422952045,0.26157197,0.022574342726,1.312662,2.163004,0.62267862,0,0,chained
0.034000,0.0155740450,0.0112512147,0.72243369,2.9314261027,2.9320333733,-6.0727060283e-04,3.1886570051,185.360914,0.980382830866,0.984422952045,0.25941374,0.022517429779,1.303822,2.140453,0.62544405,0,0,chained
0.034000,0.0155740450,0.0112894285,0.72488737,2.9314262676,2.9320333733,-6.0710571776e-04,3.1824292737,184.998888,0.980416572978,0.984422952045,0.25724717,0.022460187169,1.294068,2.115415,0.62822115,0,0,chained
0.034000,0.0155740450,0.0113282328,0.72737897,2.9314264216,2.9320333733,-6.0695163740e-04,3.1762015722,184.636863,0.980450447583,0.984422952045,0.25507211,0.022402608072,1.283290,2.087548,0.63101009,0,0,chained
0.034000,0.0155740450,0.0113676378,0.72990914,2.9314265646,2.9320333733,-6.0680868205e-04,3.1699739015,184.274840,0.980484457684,0.984422952045,0.25288834,0.022344685392,1.271357,2.056436,0.63381107,0,0,chained
0.034000,0.0155740450,0.0114076542,0.73247857,2.9314266961,2.9320333733,-6.0667718564e-04,3.1637462624,183.912819,0.980518606402,0.984422952045,0.25069567,0.022286411752,1.258112,2.021555,0.63662427,0,0,chained
0.034000,0.0155740450,0.0114482931,0.73508797,2.9314268158,2.9320333733,-6.0655749651e-04,3.1575186561,183.550800,0.980552896984,0.984422952045,0.24849389,0.022227779477,1.243360,1.982240,0.63944990,0,0,chained
0.034000,0.0155740450,0.0114895662,0.73773809,2.9314269233,2.9320333733,-6.0644997827e-04,3.1512910836,183.188783,0.980587332806,0.984422952045,0.24628279,0.022168780584,1.226858,1.937618,0.64228816,0,0,chained
0.034000,0.0155740450,0.0115314856,0.74042971,2.9314270183,2.9320333733,-6.0635501073e-04,3.1450635458,182.826768,0.980621917381,0.984422952045,0.24406214,0.022109406760,1.208295,1.886511,0.64513928,0,0,chained
0.034000,0.0155740450,0.0115740641,0.74316365,2.9314271003,2.9320333733,-6.0627299079e-04,3.1388360440,182.464755,0.980656654368,0.984422952045,0.24183169,0.022049649350,1.187262,1.827254,0.64800349,0,0,chained
0.034000,0.0155740450,0.0116173151,0.74594077,2.9314271690,2.9320333733,-6.0620433361e-04,3.1326085794,182.102744,0.980691547577,0.984422952045,0.23959122,0.021989499337,1.163197,1.757359,0.65088101,0,0,chained
0.034000,0.0155740450,0.0116612527,0.74876198,2.9314272238,2.9320333733,-6.0614947361e-04,3.1263811531,181.740735,0.980726600978,0.984422952045,0.23734046,0.021928947321,1.135300,1.672801,0.65377210,0,0,chained
0.034000,0.0155740450,0.0117058915,0.75162821,2.9314272644,2.9320333733,-6.0610886579e-04,3.1201537666,181.378729,0.980761818712,0.984422952045,0.23507916,0.021867983502,1.102346,1.566205,0.65667701,0,0,chained
0.034000,0.0155740450,0.0117512470,0.75454046,2.9314272903,2.9320333733,-6.0608298695e-04,3.1139264212,181.016725,0.980797205096,0.984422952045,0.23280702,0.021806597655,1.062276,1.420649,0.65959601,0,0,chained
0.034000,0.0155740450,0.0117973353,0.75749976,2.9314273009,2.9320333733,-6.0607233719e-04,3.1076991184,180.654723,0.980832764639,0.984422952045,0.23052376,0.021744779107,1.011087,1.160409,0.66252938,0,0,chained
0.034000,0.0155740450,0.0118441735,0.76050721,2.9314272958,2.9320333733,-6.0607744137e-04,3.1014718597,180.292724,0.980868502049,0.984422952045,0.22822908,0.021682516710,0.938150,1.000000,0.66547741,1,0,chained
0.034000,0.0155740450,0.0118917794,0.76356395,2.9314272744,2.9320333733,-6.0609885082e-04,3.0952446468,179.930728,0.980904422243,0.984422952045,0.22592267,0.021619798811,0.752722,1.083324,0.66844042,1,0,chained
0.034000,0.0155740450,0.0119401718,0.76667120,2.9314272361,2.9320333733,-6.0613714509e-04,3.0890174814,179.568735,0.980940530368,0.984422952045,0.22360419,0.021556613228,0.763778,1.360253,0.67141871,1,0,chained
0.034000,0.0155740450,0.0119893704,0.76983022,2.9314271804,2.9320333733,-6.0619293394e-04,3.0827903653,179.206744,0.980976831806,0.984422952045,0.22127329,0.021492947211,0.775073,1.516573,0.67441262,1,0,chained
0.034000,0.0155740450,0.0120393962,0.77304234,2.9314271064,2.9320333733,-6.0626685944e-04,3.0765633005,178.844756,0.981013332194,0.984422952045,0.21892963,0.021428787409,0.786619,1.643195,0.67742251,1,0,chained
0.034000,0.0155740450,0.0120902709,0.77630898,2.9314270137,2.9320333733,-6.0635959830e-04,3.0703362891,178.482772,0.981050037440,0.984422952045,0.21657281,0.021364119830,0.798426,1.754833,0.68044874,1,0,chained
0.034000,0.0155740450,0.0121420177,0.77963161,2.9314269014,2.9320333733,-6.0647186438e-04,3.0641093331,178.120791,0.981086953738,0.984422952045,0.21420243,0.021298929803,0.810503,1.857420,0.68349170,1,0,chained
0.034000,0.0155740450,0.0121946610,0.78301180,2.9314267689,2.9320333733,-6.0660441144e-04,3.0578824351,177.758813,0.981124087591,0.984422952045,0.21181809,0.021233201927,0.822864,1.954055,0.68655179,1,0,chained
0.034000,0.0155740450,0.0122482266,0.78645122,2.9314266153,2.9320333733,-6.0675803616e-04,3.0516555973,177.396838,0.981161445832,0.984422952045,0.20941934,0.021166920026,0.835520,2.046600,0.68962944,1,0,chained
0.034000,0.0155740450,0.0123027416,0.78995159,2.9314264397,2.9320333733,-6.0693358145e-04,3.0454288225,177.034867,0.981199035642,0.984422952045,0.20700572,0.021100067091,0.848484,2.136282,0.69272510,1,0,chained
0.034000,0.0155740450,0.0123582348,0.79351478,2.9314262413,2.9320333733,-6.0713194007e-04,3.0392021134,176.672900,0.981236864582,0.984422952045,0.20457675,0.021032625224,0.861769,2.223966,0.69583924,1,0,chained
0.034000,0.0155740450,0.0124147367,0.79714273,2.9314260192,2.9320333733,-6.0735405862e-04,3.0329754731,176.310937,0.981274940615,0.984422952045,0.20213191,0.020964575571,0.875391,2.310297,0.69897236,1,0,chained
0.034000,0.0155740450,0.0124722797,0.80083753,2.9314257723,2.9320333733,-6.0760094195e-04,3.0267489047,175.948979,0.981313272141,0.984422952045,0.19967066,0.020895898253,0.889365,2.395772,0.70212498,1,0,chained
0.034000,0.0155740450,0.0125308980,0.80460137,2.9314254996,2.9320333733,-6.0787365801e-04,3.0205224118,175.587024,0.981351868027,0.984422952045,0.19719245,0.020826572284,0.903708,2.480794,0.70529766,1,0,chained
0.034000,0.0155740450,0.0125906280,0.80843660,2.9314251999,2.9320333733,-6.0817334324e-04,3.0142959979,175.225074,0.981390737644,0.984422952045,0.19469665,0.020756575488,0.918439,2.565697,0.70849098,1,0,chained
0.034000,0.0155740450,0.0126515084,0.81234570,2.9314248721,2.9320333733,-6.0850120850e-04,3.0080696671,174.863129,0.981429890911,0.984422952045,0.19218264,0.020685884402,0.933576,2.650768,0.71170558,1,0,chained
0.034000,0.0155740450,0.0127135807,0.81633132,2.9314245147,2.9320333733,-6.0885854575e-04,3.0018434235,174.501190,0.981469338334,0.984422952045,0.18964975,0.020614474172,0.949139,2.736259,0.71494210,1,0,chained
0.034000,0.0155740450,0.0127768886,0.82039628,2.9314241266,2.9320333733,-6.0924673540e-04,2.9956172719,174.139255,0.981509091061,0.984422952045,0.18709725,0.020542318435,0.965153,2.822400,0.71820125,1,0,chained
0.034000,0.0155740450,0.0128414791,0.82454360,2.9314237060,2.9320333733,-6.0966725458e-04,2.9893912172,173.777326,0.981549160937,0.984422952045,0.18452439,0.020469389189,0.981640,2.909401,0.72148378,1,0,chained
0.034000,0.0155740450,0.0129074025,0.82877650,2.9314232516,2.9320333733,-6.1012168640e-04,2.9831652647,173.415403,0.981589560561,0.984422952045,0.18193035,0.020395656649,0.998626,2.997462,0.72479047,1,0,chained
0.034000,0.0155740450,0.0129747126,0.83309844,2.9314227616,2.9320333733,-6.1061173029e-04,2.9769394202,173.053486,0.981630303361,0.984422952045,0.17931428,0.020321089082,1.016140,3.086777,0.72812218,0,0,chained
0.034000,0.0155740450,0.0130434670,0.83751312,2.9314222341,2.9320333733,-6.1113921501e-04,2.9707136901,172.691576,0.981671403671,0.984422952045,0.17667526,0.020245652639,1.034212,3.177533,0.73147980,0,0,chained
0.034000,0.0155740450,0.0131137276,0.84202451,2.9314216672,2.9320333733,-6.1170610696e-04,2.9644880813,172.329673,0.981712876806,0.984422952045,0.17401229,0.020169311112,1.052875,3.269919,0.73486431,0,0,chained
0.034000,0.0155740450,0.0131855612,0.84663690,2.9314210588,2.9320333733,-6.1231453220e-04,2.9582626013,171.967778,0.981754739180,0.984422952045,0.17132433,0.020092025758,1.072165,3.364125,0.73827673,0,0,chained
0.034000,0.0155740450,0.0132590397,0.85135491,2.9314204065,2.9320333733,-6.1296678893e-04,2.9520372582,171.605890,0.981797008404,0.984422952045,0.16861025,0.020013755004,1.092121,3.460346,0.74171820,0,0,chained
0.034000,0.0155740450,0.0133342408,0.85618353,2.9314197079,2.9320333733,-6.1366536804e-04,2.9458120612,171.244011,0.981839703413,0.984422952045,0.16586883,0.019934454159,1.112785,3.558782,0.74518990,0,0,chained
0.034000,0.0155740450,0.0134112488,0.86112817,2.9314189603,2.9320333733,-6.1441297537e-04,2.9395870202,170.882141,0.981882844615,0.984422952045,0.16309876,0.019854075077,1.134204,3.659644,0.74869312,0,0,chained
0.034000,0.0155740450,0.0134901549,0.86619468,2.9314181607,2.9320333733,-6.1521255727e-04,2.9333621460,170.520281,0.981926454050,0.984422952045,0.16029863,0.019772565770,1.156430,3.763156,0.75222927,0,0,chained
0.034000,0.0155740450,0.0135710586,0.87138946,2.9314173060,2.9320333733,-6.1606733022e-04,2.9271374508,170.158431,0.981970555584,0.984422952045,0.15746689,0.019689869968,1.179519,3.869553,0.75579985,0,0,chained
0.034000,0.0155740450,0.0136540685,0.87671948,2.9314163925,2.9320333733,-6.1698081505e-04,2.9209129480,169.796592,0.982015175124,0.984422952045,0.15460190,0.019605926608,1.203533,3.979089,0.75940652,0,0,chained
0.034000,0.0155740450,0.0137393032,0.88219234,2.9314154164,2.9320333733,-6.1795687699e-04,2.9146886527,169.434766,0.982060340869,0.984422952045,0.15170183,0.019520669235,1.228540,4.092038,0.76305107,0,0,chained
0.034000,0.0155740450,0.0138268929,0.88781643,2.9314143735,2.9320333733,-6.1899977247e-04,2.9084645815,169.072952,0.982106083613,0.984422952045,0.14876472,0.019434025318,1.254619,4.208699,0.76673546,0,0,chained
0.034000,0.0155740450,0.0139169811,0.89360093,2.9314132591,2.9320333733,-6.2011420432e-04,2.9022407533,168.711153,0.982152437081,0.984422952045,0.14578839,0.019345915437,1.281852,4.329396,0.77046184,0,0,chained
0.034000,0.0155740450,0.0140097261,0.89955604,2.9314120679,2.9320333733,-6.2130538715e-04,2.8960171892,168.349368,0.982199438342,0.984422952045,0.14277047,0.019256252329,1.310337,4.454488,0.77423256,0,0,chained
0.034000,0.0155740450,0.0141053037,0.90569301,2.9314107942,2.9320333733,-6.2257912537e-04,2.8897939134,167.987601,0.982247128294,0.984422952045,0.13970833,0.019164939757,1.340180,4.584371,0.77805025,0,0,chained
0.034000,0.0155740450,0.0142039094,0.91202442,2.9314094314,2.9320333733,-6.2394190678e-04,2.8835709531,167.625852,0.982295552235,0.984422952045,0.13659905,0.019071871159,1.371501,4.719487,0.78191779,0,0,chained
0.034000,0.0155740450,0.0143057619,0.91856431,2.9314079723,2.9320333733,-6.2540101591e-04,2.8773483397,167.264123,0.982344760562,0.984422952045,0.13343942,0.018976928018,1.404438,4.860330,0.78583841,0,0,chained
0.034000,0.0155740450,0.0144111071,0.92532847,2.9314064086,2.9320333733,-6.2696467210e-04,2.8711261093,166.902417,0.982394809612,0.984422952045,0.13022580,0.018879977900,1.439146,5.007457,0.78981571,0,0,chained
0.034000,0.0155740450,0.0145202228,0.93233472,2.9314047311,2.9320333733,-6.2864219944e-04,2.8649043039,166.540735,0.982445762689,0.984422952045,0.12695413,0.018780872034,1.475803,5.161500,0.79385374,0,0,chained
0.034000,0.0155740450,0.0146334243,0.93960332,2.9314029290,2.9320333733,-6.3044423774e-04,2.8586829722,166.179080,0.982497691339,0.984422952045,0.12361982,0.018679442344,1.514615,5.323180,0.79795710,0,0,chained
0.034000,0.0155740450,0.0147510728,0.94715745,2.9314009903,2.9320333733,-6.3238300741e-04,2.8524621719,165.817457,0.982550676934,0.984422952045,0.12021765,0.018575497730,1.555820,5.493327,0.80213101,0,0,chained
0.034000,0.0155740450,0.0148735836,0.95502380,2.9313989006,2.9320333733,-6.3447264568e-04,2.8462419713,165.455868,0.982604812675,0.984422952045,0.11674163,0.018468819388,1.599697,5.672903,0.80638145,0,0,chained
0.034000,0.0155740450,0.0150014395,0.96323335,2.9313966436,2.9320333733,-6.3672963907e-04,2.8400224525,165.094319,0.982660206149,0.984422952045,0.11318485,0.018359154817,1.646573,5.863033,0.81071534,0,0,chained
0.034000,0.0155740450,0.0151352054,0.97182238,2.9313941999,2.9320333733,-6.3917338771e-04,2.8338037148,164.732816,0.982716982652,0.984422952045,0.10953926,0.018246210049,1.696839,6.065043,0.81514074,0,0,chained
0.034000,0.0155740450,0.0152755501,0.98083383,2.9313915463,2.9320333733,-6.4182695367e-04,2.8275858805,164.371365,0.982775289559,0.984422952045,0.10579541,0.018129639421,1.750963,6.280520,0.81966714,0,0,chained
0.034000,0.0155740450,0.0154232738,0.99031907,2.9313886552,2.9320333733,-6.4471807163e-04,2.8213691016,164.009975,0.982835302195,0.984422952045,0.10194204,0.018009031831,1.809517,6.511375,0.82430585,0,0,chained
0.036000,0.0160280838,0.0008014042,0.05000000,2.9278907870,2.9279691711,-7.8384144974e-05,4.6637539250,271.110279,0.980277635737,0.983968913221,0.23030061,0.011616103423,123.617046,247.230047,0.09780349,0,0,chained
0.036000,0.0160280838,0.0010824493,0.06753454,2.9278894237,2.9279691711,-7.9747442538e-05,4.6640532729,271.127680,0.980266564366,0.983968913221,0.23099136,0.011657007963,122.668446,245.332816,0.09815197,0,0,chained
0.036000,0.0160280838,0.0014198674,0.08858622,2.9278872528,2.9279691711,-8.1918382493e-05,4.6645266816,271.155200,0.980248978394,0.983968913221,0.23208856,0.011721895848,121.171593,242.339060,0.09870374,0,0,chained
0.036000,0.0160280838,0.0017287819,0.10785955,2.9278847565,2.9279691711,-8.4414595448e-05,4.6650660242,271.186553,0.980228822695,0.983968913221,0.23334608,0.011796135200,119.471077,238.937968,0.09933346,0,0,chained
0.036000,0.0160280838,0.0020140707,0.12565886,2.9278820218,2.9279691711,-8.7149305771e-05,4.6656507566,271.220544,0.980206818063,0.983968913221,0.23471896,0.011877024478,117.633088,235.261925,0.10001764,0,0,chained
0.036000,0.0160280838,0.0023566977,0.14703552,2.9278781961,2.9279691711,-9.0975022110e-05,4.6664579781,271.267469,0.980176162876,0.983968913221,0.23663155,0.011989431597,115.105050,230.205755,0.10096497,0,0,chained
0.036000,0.0160280838,0.0027650657,0.17251381,2.9278728708,2.9279691711,-9.6300301069e-05,4.6675606215,271.331567,0.980133724460,0.983968913221,0.23927931,0.012144497779,111.668366,223.332255,0.10226508,0,0,chained
0.036000,0.0160280838,0.0031417635,0.19601617,2.9278672273,2.9279691711,-1.0194382573e-04,4.6687024381,271.397943,0.980089021420,0.983968913221,0.24206835,0.012307141490,108.128265,216.251905,0.10362005,0,0,chained
0.036000,0.0160280838,0.0035968948,0.22441203,2.9278594826,2.9279691711,-1.0968854597e-04,4.6702245026,271.486422,0.980028081731,0.983968913221,0.24587041,0.012527690812,103.435680,206.866525,0.10544275,0,0,chained
0.036000,0.0160280838,0.0041471412,0.25874217,2.9278487818,2.9279691711,-1.2038930747e-04,4.6722418312,271.603692,0.979944550468,0.983968913221,0.25108196,0.012827782087,97.254809,194.504477,0.10789442,0,0,chained
0.036000,0.0160280838,0.0048169014,0.30052884,2.9278338063,2.9279691711,-1.3536483313e-04,4.6748974881,271.758069,0.979828692657,0.983968913221,0.25831039,0.013239708423,89.162787,178.319967,0.11120347,0,0,chained
0.036000,0.0160280838,0.0056458242,0.35224574,2.9278123395,2.9279691711,-1.5683168435e-04,4.6783618033,271.959454,0.979664092957,0.983968913221,0.26857985,0.013816302645,78.612801,157.219242,0.11571846,0,0,chained
0.036000,0.0160280838,0.0067092265,0.41859193,2.9277800609,2.9279691711,-1.8911027387e-04,4.6828071875,272.217871,0.979418149456,0.983968913221,0.28392438,0.014659238272,64.825784,129.643854,0.12205427,0,0,chained
0.036000,0.0160280838,0.0081080079,0.50586258,2.9277292569,2.9279691711,-2.3991424478e-04,4.6879303971,272.515690,0.979029842213,0.983968913221,0.30815106,0.015947327214,47.375934,94.741312,0.13107957,0,0,chained
0.036000,0.0160280838,0.0099930709,0.62347259,2.9276436761,2.9279691711,-3.2549501886e-04,4.6912600840,272.709249,0.978355582254,0.983968913221,0.35021847,0.018078268134,26.906055,53.793520,0.14418665,0,0,chained
0.036000,0.0160280838,0.0116593816,0.72743453,2.9275436730,2.9279691711,-4.2549818094e-04,4.6859247546,272.399099,0.977504551290,0.983968913221,0.40331471,0.020630152880,12.678242,25.316984,0.15710067,0,0,chained
0.036000,0.0160280838,0.0122004213,0.76119026,2.9275015033,2.9279691711,-4.6766785350e-04,4.6800472161,272.057430,0.977114994034,0.983968913221,0.42761938,0.021765055151,8.834111,17.611441,0.16206861,0,0,chained
0.036000,0.0160280838,0.0125302445,0.78176809,2.9274705089,2.9279691711,-4.9866228544e-04,4.6739353296,271.702138,0.976813253088,0.983968913221,0.44644514,0.022635290697,6.625181,13.174459,0.16565692,0,0,chained
0.036000,0.0160280838,0.0127457299,0.79521233,2.9274458775,2.9279691711,-5.2329362695e-04,4.6677205678,271.340865,0.976562396317,0.983968913221,0.46209622,0.023355048919,5.189932,10.282612,0.16853342,0,0,chained
0.036000,0.0160280838,0.0128880765,0.80409341,2.9274255131,2.9279691711,-5.4365806975e-04,4.6614498836,270.976342,0.976346463037,0.983968913221,0.47556840,0.023973228679,4.194044,8.267128,0.17097637,0,0,chained
0.036000,0.0160280838,0.0129793848,0.80979018,2.9274082685,2.9279691711,-5.6090267306e-04,4.6551447317,270.609815,0.976156769455,0.983968913221,0.48740348,0.024516196844,3.473645,6.800236,0.17313120,0,0,chained
0.036000,0.0160280838,0.0130331598,0.81314523,2.9273934298,2.9279691711,-5.7574129794e-04,4.6488165393,270.241949,0.975987925705,0.983968913221,0.49793772,0.025000169443,2.937196,5.698921,0.17508407,0,0,chained
0.036000,0.0160280838,0.0130583753,0.81471843,2.9273805141,2.9279691711,-5.8865699593e-04,4.6424720521,269.873135,0.975836280013,0.983968913221,0.50739897,0.025436029900,2.529066,4.852033,0.17689035,0,0,chained
0.036000,0.0160280838,0.0130613485,0.81490393,2.9273691748,2.9279691711,-5.9999633853e-04,4.6361155555,269.503623,0.975699198018,0.983968913221,0.51595158,0.025831554180,2.213385,4.187992,0.17858764,0,1,chained
0.036000,0.0160280838,0.0130467160,0.81399100,2.9273591523,2.9279691711,-6.1001882719e-04,4.6297499260,269.133581,0.975574688369,0.983968913221,0.52371980,0.026192563852,1.965995,3.658667,0.18020255,0,0,chained
0.036000,0.0160280838,0.0130179875,0.81219862,2.9273502460,2.9279691711,-6.1892512569e-04,4.6233771775,268.763124,0.975461190923,0.983968913221,0.53080096,0.026523576902,1.770071,3.230601,0.18175450,0,0,chained
0.036000,0.0160280838,0.0129778835,0.80969651,2.9273422968,2.9279691711,-6.2687431385e-04,4.6169987687,268.392339,0.975357448721,0.983968913221,0.53727349,0.026828200146,1.613575,2.879919,0.18325801,0,0,chained
0.036000,0.0160280838,0.0129285522,0.80661871,2.9273351761,2.9279691711,-6.3399501415e-04,4.6106157854,268.021287,0.975262426373,0.983968913221,0.54320198,0.027109378764,1.487708,2.589196,0.18472414,0,0,chained
0.036000,0.0160280838,0.0128717153,0.80307262,2.9273287782,2.9279691711,-6.4039288955e-04,4.6042290541,267.650018,0.975175255664,0.983968913221,0.54864060,0.027369562087,1.385915,2.345477,0.18616146,0,0,chained
0.036000,0.0160280838,0.0128087688,0.79914536,2.9273230153,2.9279691711,-6.4615588312e-04,4.5978392163,267.278568,0.975095197917,0.983968913221,0.55363545,0.027610817915,1.303237,2.138956,0.18757666,0,0,chained
0.036000,0.0160280838,0.0127408562,0.79490826,2.9273178131,2.9279691711,-6.5135799317e-04,4.5914467776,266.906967,0.975021617106,0.983968913221,0.55822619,0.027834913874,1.235871,1.962079,0.18897507,0,0,chained
0.036000,0.0160280838,0.0126689217,0.79042023,2.9273131091,2.9279691711,-6.5606206398e-04,4.5850521425,266.535239,0.974953960092,0.983968913221,0.56244734,0.028043376920,1.217076,1.910814,0.19036094,0,0,chained
0.036000,0.0160280838,0.0125937503,0.78573025,2.9273088492,2.9279691711,-6.6032189439e-04,4.5786556384,266.163401,0.974891741751,0.983968913221,0.56632918,0.028237537915,1.216677,1.909715,0.19173769,0,0,chained
0.036000,0.0160280838,0.0125159987,0.78087929,2.9273049873,2.9279691711,-6.6418386127e-04,4.5722575331,265.791471,0.974834533543,0.983968913221,0.56989842,0.028418565720,1.215295,1.905904,0.19310811,0,0,chained
0.036000,0.0160280838,0.0124362186,0.77590177,2.9273014829,2.9279691711,-6.6768818939e-04,4.5658580477,265.419460,0.974781954546,0.983968913221,0.57317885,0.028587493748,1.213129,1.899919,0.19447446,0,0,chained
0.036000,0.0160280838,0.0123548760,0.77082677,2.9272983012,2.9279691711,-6.7086995895e-04,4.5594573663,265.047380,0.974733664332,0.983968913221,0.57619170,0.028745240985,1.210341,1.892196,0.19583860,0,0,chained
0.036000,0.0160280838,0.0122723653,0.76567888,2.9272954112,2.9279691711,-6.7375991444e-04,4.5530556434,264.675239,0.974689357201,0.983968913221,0.57895605,0.028892628869,1.207066,1.883089,0.19720207,0,0,chained
0.036000,0.0160280838,0.0121890220,0.76047905,2.9272927860,2.9279691711,-6.7638512110e-04,4.5466530094,264.303045,0.974648757474,0.983968913221,0.58148908,0.029030395007,1.203412,1.872889,0.19856614,0,0,chained
0.036000,0.0160280838,0.0121051317,0.75524510,2.9272904016,2.9279691711,-6.7876950262e-04,4.5402495754,263.930805,0.974611615597,0.983968913221,0.58380638,0.029159204457,1.199469,1.861833,0.19993185,0,0,chained
0.036000,0.0160280838,0.0120209385,0.74999224,2.9272882369,2.9279691711,-6.8093428531e-04,4.5338454360,263.558524,0.974577704886,0.983968913221,0.58592209,0.029279659094,1.195311,1.850116,0.20130008,0,0,chained
0.036000,0.0160280838,0.0119366510,0.74473350,2.9272862728,2.9279691711,-6.8289836768e-04,4.5274406728,263.186207,0.974546818790,0.983968913221,0.58784909,0.029392305455,1.190999,1.837899,0.20267157,0,0,chained
0.036000,0.0160280838,0.0118524479,0.73948003,2.9272844925,2.9279691711,-6.8467863006e-04,4.5210353560,262.813857,0.974518768557,0.983968913221,0.58959916,0.029497641366,1.186582,1.825314,0.20404692,0,0,chained
0.036000,0.0160280838,0.0117684824,0.73424138,2.9272828809,2.9279691711,-6.8629019560e-04,4.5146295465,262.441479,0.974493381252,0.983968913221,0.59118308,0.029596121576,1.182102,1.812471,0.20542663,0,0,chained
0.036000,0.0160280838,0.0116848861,0.72902577,2.9272814245,2.9279691711,-6.8774665144e-04,4.5082232975,262.069075,0.974470498041,0.983968913221,0.59261078,0.029688162575,1.177591,1.799459,0.20681114,0,0,chained
0.036000,0.0160280838,0.0116017717,0.72384022,2.9272801109,2.9279691711,-6.8906023715e-04,4.5018166552,261.696648,0.974449972711,0.983968913221,0.59389136,0.029774146750,1.173077,1.786355,0.20820081,0,0,chained
0.036000,0.0160280838,0.0115192359,0.71869077,2.9272789291,2.9279691711,-6.9024200595e-04,4.4954096602,261.324201,0.974431670382,0.983968913221,0.59503325,0.029854425977,1.168582,1.773218,0.20959593,0,0,chained
0.036000,0.0160280838,0.0114373615,0.71358259,2.9272778692,2.9279691711,-6.9130196335e-04,4.4890023484,260.951735,0.974415466382,0.983968913221,0.59604423,0.029929324746,1.164125,1.760101,0.21099675,0,0,chained
0.036000,0.0160280838,0.0113562197,0.70852011,2.9272769220,2.9279691711,-6.9224918674e-04,4.4825947513,260.579253,0.974401245259,0.983968913221,0.59693149,0.029999142892,1.159720,1.747045,0.21240349,0,0,chained
0.036000,0.0160280838,0.0112758709,0.70350711,2.9272760792,2.9279691711,-6.9309192904e-04,4.4761868967,260.206756,0.974388899915,0.983968913221,0.59770172,0.030064157990,1.155379,1.734084,0.21381631,0,0,chained
0.036000,0.0160280838,0.0111963668,0.69854681,2.9272753334,2.9279691711,-6.9383770876e-04,4.4697788095,259.834245,0.974378330832,0.983968913221,0.59836113,0.030124627463,1.151110,1.721246,0.21523537,0,0,chained
0.036000,0.0160280838,0.0111177513,0.69364195,2.9272746777,2.9279691711,-6.9449338858e-04,4.4633705116,259.461722,0.974369445391,0.983968913221,0.59891550,0.030180790449,1.146922,1.708555,0.21666077,0,0,chained
0.036000,0.0160280838,0.0110400616,0.68879485,2.9272741059,2.9279691711,-6.9506524407e-04,4.4569620226,259.089188,0.974362157269,0.983968913221,0.59937021,0.030232869452,1.142821,1.696028,0.21809263,0,0,chained
0.036000,0.0160280838,0.0109633288,0.68400745,2.9272736121,2.9279691711,-6.9555902407e-04,4.4505533602,258.716644,0.974356385894,0.983968913221,0.59973029,0.030281071812,1.138809,1.683681,0.21953101,0,0,chained
0.036000,0.0160280838,0.0108875790,0.67928139,2.9272731911,2.9279691711,-6.9598000370e-04,4.4441445400,258.344090,0.974352055960,0.983968913221,0.60000044,0.030325591018,1.134891,1.671526,0.22097600,0,0,chained
0.036000,0.0160280838,0.0108128338,0.67461800,2.9272728381,2.9279691711,-6.9633303129e-04,4.4377355761,257.971529,0.974349096995,0.983968913221,0.60018505,0.030366607879,1.131068,1.659570,0.22242763,0,0,chained
0.036000,0.0160280838,0.0107391109,0.67001839,2.9272725486,2.9279691711,-6.9662256971e-04,4.4313264813,257.598959,0.974347442965,0.983968913221,0.60028824,0.030404291577,1.127342,1.647821,0.22388596,0,0,chained
0.036000,0.0160280838,0.0106664246,0.66548346,2.9272723184,2.9279691711,-6.9685273319e-04,4.4249172668,257.226383,0.974347031928,0.983968913221,0.60031389,0.030438800610,1.123713,1.636285,0.22535101,0,0,chained
0.036000,0.0160280838,0.0105947860,0.66101389,2.9272721438,2.9279691711,-6.9702731995e-04,4.4185079430,256.853801,0.974347805711,0.983968913221,0.60026561,0.030470283646,1.120181,1.624963,0.22682281,0,0,chained
0.036000,0.0160280838,0.0105242039,0.65661024,2.9272720213,2.9279691711,-6.9714984129e-04,4.4120985193,256.481212,0.974349709623,0.983968913221,0.60014683,0.030498880294,1.116746,1.613859,0.22830137,0,0,chained
0.036000,0.0160280838,0.0104546845,0.65227289,2.9272719476,2.9279691711,-6.9722354753e-04,4.4056890040,256.108618,0.974352692191,0.983968913221,0.59996074,0.030524721796,1.113407,1.602974,0.22978672,0,0,chained
0.036000,0.0160280838,0.0103862323,0.64800212,2.9272719197,2.9279691711,-6.9725145127e-04,4.3992794048,255.736020,0.974356704927,0.983968913221,0.59971039,0.030547931657,1.110163,1.592307,0.23127885,0,0,chained
0.036000,0.0160280838,0.0103188497,0.64379809,2.9272719348,2.9279691711,-6.9723634819e-04,4.3928697286,255.363417,0.974361702110,0.983968913221,0.59939861,0.030568626225,1.107013,1.581857,0.23277777,0,0,chained
0.036000,0.0160280838,0.0102525378,0.63966085,2.9272719903,2.9279691711,-6.9718083575e-04,4.3864599818,254.990810,0.974367640585,0.983968913221,0.59902810,0.030586915205,1.103954,1.571624,0.23428348,0,0,chained
0.036000,0.0160280838,0.0101872963,0.63559041,2.9272720838,2.9279691711,-6.9708732998e-04,4.3800501700,254.618199,0.974374479589,0.983968913221,0.59860142,0.030602902137,1.100986,1.561605,0.23579597,0,0,chained
0.036000,0.0160280838,0.0101231237,0.63158665,2.9272722131,2.9279691711,-6.9695808068e-04,4.3736402985,254.245584,0.974382180580,0.983968913221,0.59812095,0.030616684833,1.098106,1.551797,0.23731525,0,0,chained
0.036000,0.0160280838,0.0100600176,0.62764942,2.9272723760,2.9279691711,-6.9679518505e-04,4.3672303722,253.872967,0.974390707089,0.983968913221,0.59758897,0.030628355769,1.095312,1.542199,0.23884129,0,0,chained
0.036000,0.0160280838,0.0099979745,0.62377853,2.9272725705,2.9279691711,-6.9660060006e-04,4.3608203952,253.500346,0.974400024584,0.983968913221,0.59700765,0.030638002451,1.092602,1.532806,0.24037410,0,0,chained
0.036000,0.0160280838,0.0099369903,0.61997369,2.9272727950,2.9279691711,-6.9637615370e-04,4.3544103718,253.127723,0.974410100336,0.983968913221,0.59637902,0.030645707751,1.089975,1.523616,0.24191367,0,0,chained
0.036000,0.0160280838,0.0098770602,0.61623462,2.9272730476,2.9279691711,-6.9612355508e-04,4.3480003055,252.755097,0.974420903307,0.983968913221,0.59570502,0.030651550207,1.087427,1.514623,0.24345997,0,0,chained
0.036000,0.0160280838,0.0098181787,0.61256098,2.9272733267,2.9279691711,-6.9584440368e-04,4.3415901996,252.382469,0.974432404040,0.983968913221,0.59498748,0.030655604312,1.084957,1.505826,0.24501301,0,0,chained
0.036000,0.0160280838,0.0097603401,0.60895240,2.9272736309,2.9279691711,-6.9554019775e-04,4.3351800574,252.009839,0.974444574561,0.983968913221,0.59422816,0.030657940768,1.082562,1.497219,0.24657276,0,0,chained
0.036000,0.0160280838,0.0097035378,0.60540848,2.9272739588,2.9279691711,-6.9521234195e-04,4.3287698815,251.637207,0.974457388283,0.983968913221,0.59342870,0.030658626727,1.080241,1.488799,0.24813921,0,0,chained
0.036000,0.0160280838,0.0096477654,0.60192881,2.9272743090,2.9279691711,-6.9486215431e-04,4.3223596746,251.264573,0.974470819925,0.983968913221,0.59259069,0.030657726016,1.077990,1.480561,0.24971235,0,0,chained
0.036000,0.0160280838,0.0095930157,0.59851295,2.9272746803,2.9279691711,-6.9449087262e-04,4.3159494392,250.891937,0.974484845433,0.983968913221,0.59171564,0.030655299334,1.075809,1.472501,0.25129217,0,0,chained
0.036000,0.0160280838,0.0095392814,0.59516044,2.9272750715,2.9279691711,-6.9409966024e-04,4.3095391774,250.519300,0.974499441904,0.983968913221,0.59080496,0.030651404447,1.073694,1.464615,0.25287864,0,0,chained
0.036000,0.0160280838,0.0094865556,0.59187085,2.9272754815,2.9279691711,-6.9368960985e-04,4.3031288913,250.146661,0.974514587608,0.983968913221,0.58986001,0.030646096113,1.071644,1.456897,0.25447177,0,0,chained
0.036000,0.0160280838,0.0094348297,0.58864365,2.9272759094,2.9279691711,-6.9326175487e-04,4.2967185828,249.774022,0.974530261565,0.983968913221,0.58888210,0.030639427259,1.069656,1.449344,0.25607152,0,0,chained
0.036000,0.0160280838,0.0093840965,0.58547838,2.9272763541,2.9279691711,-6.9281706387e-04,4.2903082536,249.401381,0.974546444039,0.983968913221,0.58787247,0.030631447577,1.067728,1.441951,0.25767789,0,0,chained
0.036000,0.0160280838,0.0093343479,0.58237454,2.9272768147,2.9279691711,-6.9235645160e-04,4.2838979053,249.028738,0.974563116105,0.983968913221,0.58683229,0.030622204727,1.065859,1.434714,0.25929086,0,0,chained
0.036000,0.0160280838,0.0092855760,0.57933163,2.9272772904,2.9279691711,-6.9188078102e-04,4.2774875395,248.656095,0.974580259698,0.983968913221,0.58576269,0.030611744189,1.064045,1.427627,0.26091043,0,0,chained
0.036000,0.0160280838,0.0092377727,0.57634916,2.9272777803,2.9279691711,-6.9139086677e-04,4.2710771576,248.283451,0.974597857564,0.983968913221,0.58466475,0.030600109395,1.065355,1.432751,0.26253657,0,0,chained
0.036000,0.0160280838,0.0091909298,0.57342662,2.9272782837,2.9279691711,-6.9088747841e-04,4.2646667608,247.910806,0.974615893213,0.983968913221,0.58353950,0.030587341832,1.068186,1.443714,0.26416928,0,0,chained
0.036000,0.0160280838,0.0091450394,0.57056349,2.9272787998,2.9279691711,-6.9037134338e-04,4.2582563503,247.538160,0.974634350882,0.983968913221,0.58238792,0.030573481156,1.070972,1.454352,0.26580853,0,0,chained
0.036000,0.0160280838,0.0091000932,0.56775927,2.9272793280,2.9279691711,-6.8984314975e-04,4.2518459273,247.165514,0.974653215496,0.983968913221,0.58121095,0.030558565286,1.073712,1.464683,0.26745433,0,0,chained
0.036000,0.0160280838,0.0090560830,0.56501346,2.9272798676,2.9279691711,-6.8930354874e-04,4.2454354928,246.792867,0.974672472630,0.983968913221,0.58000948,0.030542630499,1.076409,1.474725,0.26910665,0,0,chained
0.036000,0.0160280838,0.0090130008,0.56232554,2.9272804180,2.9279691711,-6.8875315708e-04,4.2390250478,246.420219,0.974692108473,0.983968913221,0.57878439,0.030525711514,1.079062,1.484495,0.27076549,0,0,chained
0.036000,0.0160280838,0.0089708384,0.55969500,2.9272809786,2.9279691711,-6.8819255921e-04,4.2326145931,246.047571,0.974712109803,0.983968913221,0.57753650,0.030507841577,1.081674,1.494008,0.27243084,0,0,chained
0.036000,0.0160280838,0.0089295878,0.55712136,2.9272815488,2.9279691711,-6.8762230924e-04,4.2262041297,245.674922,0.974732463952,0.983968913221,0.57626660,0.030489052529,1.084245,1.503276,0.27410268,0,0,chained
0.036000,0.0160280838,0.0088892410,0.55460410,2.9272821282,2.9279691711,-6.8704293286e-04,4.2197936583,245.302272,0.974753158780,0.983968913221,0.57497543,0.030469374888,1.086776,1.512314,0.27578100,0,0,chained
0.036000,0.0160280838,0.0088497899,0.55214273,2.9272827162,2.9279691711,-6.8645492909e-04,4.2133831797,244.929623,0.974774182648,0.983968913221,0.57366375,0.030448837906,1.089269,1.521133,0.27746579,0,0,chained
0.036000,0.0160280838,0.0088112267,0.54973675,2.9272833124,2.9279691711,-6.8585877185e-04,4.2069726945,244.556973,0.974795524393,0.983968913221,0.57233222,0.030427469638,1.091724,1.529744,0.27915705,0,0,chained
0.036000,0.0160280838,0.0087735435,0.54738568,2.9272839162,2.9279691711,-6.8525491150e-04,4.2005622035,244.184322,0.974817173307,0.983968913221,0.57098154,0.030405296995,1.094144,1.538159,0.28085477,0,0,chained
0.036000,0.0160280838,0.0087367324,0.54508902,2.9272845274,2.9279691711,-6.8464377623e-04,4.1941517072,243.811671,0.974839119115,0.983968913221,0.56961233,0.030382345806,1.096528,1.546387,0.28255893,0,0,chained
0.036000,0.0160280838,0.0087007858,0.54284629,2.9272851454,2.9279691711,-6.8402577336e-04,4.1877412062,243.439020,0.974861351949,0.983968913221,0.56822521,0.030358640866,1.098879,1.554438,0.28426953,0,0,chained
0.036000,0.0160280838,0.0086656960,0.54065702,2.9272857698,2.9279691711,-6.8340129057e-04,4.1813307011,243.066369,0.974883862338,0.983968913221,0.56682078,0.030334205986,1.101197,1.562321,0.28598656,0,0,chained
0.036000,0.0160280838,0.0086314553,0.53852073,2.9272864004,2.9279691711,-6.8277069699e-04,4.1749201923,242.693718,0.974906641181,0.983968913221,0.56539959,0.030309064039,1.103484,1.570044,0.28771002,0,0,chained
0.036000,0.0160280838,0.0085980564,0.53643695,2.9272870368,2.9279691711,-6.8213434434e-04,4.1685096804,242.321066,0.974929679736,0.983968913221,0.56396221,0.030283237004,1.105742,1.577615,0.28943989,0,0,chained
0.036000,0.0160280838,0.0085654916,0.53440522,2.9272876786,2.9279691711,-6.8149256782e-04,4.1620991657,241.948414,0.974952969599,0.983968913221,0.56250914,0.030256746007,1.107970,1.585042,0.29117618,0,0,chained
0.036000,0.0160280838,0.0085337537,0.53242508,2.9272883254,2.9279691711,-6.8084568714e-04,4.1556886488,241.575762,0.974976502694,0.983968913221,0.56104090,0.030229611360,1.110171,1.592332,0.29291887,0,0,chained
0.036000,0.0160280838,0.0085028354,0.53049607,2.9272889771,2.9279691711,-6.8019400731e-04,4.1492781301,241.203110,0.975000271252,0.983968913221,0.55955797,0.030201852599,1.112345,1.599492,0.29466796,0,0,chained
0.036000,0.0160280838,0.0084727294,0.52861774,2.9272896333,2.9279691711,-6.7953781948e-04,4.1428676099,240.830458,0.975024267803,0.983968913221,0.55806081,0.030173488513,1.114494,1.606529,0.29642345,0,0,chained
0.036000,0.0160280838,0.0084434287,0.52678965,2.9272902937,2.9279691711,-6.7887740170e-04,4.1364570886,240.457806,0.975048485159,0.983968913221,0.55654988,0.030144537187,1.116620,1.613449,0.29818532,0,0,chained
0.036000,0.0160280838,0.0084149261,0.52501136,2.9272909581,2.9279691711,-6.7821301964e-04,4.1300465665,240.085153,0.975072916405,0.983968913221,0.55502560,0.030115016023,1.118722,1.620257,0.29995359,0,0,chained
0.036000,0.0160280838,0.0083872146,0.52328243,2.9272916262,2.9279691711,-6.7754492726e-04,4.1236360441,239.712501,0.975097554885,0.983968913221,0.55348839,0.030084941774,1.120802,1.626961,0.30172823,0,0,chained
0.036000,0.0160280838,0.0083602874,0.52160243,2.9272922978,2.9279691711,-6.7687336742e-04,4.1172255215,239.339849,0.975122394190,0.983968913221,0.55193866,0.030054330574,1.122861,1.633565,0.30350925,0,0,chained
0.036000,0.0160280838,0.0083341376,0.51997093,2.9272929726,2.9279691711,-6.7619857248e-04,4.1108149991,238.967197,0.975147428152,0.983968913221,0.55037678,0.030023197958,1.124901,1.640074,0.30529665,0,0,chained
0.036000,0.0160280838,0.0083087585,0.51838751,2.9272936504,2.9279691711,-6.7552076489e-04,4.1044044773,238.594544,0.975172650829,0.983968913221,0.54880312,0.029991558895,1.126922,1.646493,0.30709043,0,0,chained
0.036000,0.0160280838,0.0082841433,0.51685176,2.9272943310,2.9279691711,-6.7484015764e-04,4.0979939561,238.221892,0.975198056500,0.983968913221,0.54721805,0.029959427803,1.128926,1.652829,0.30889057,0,0,chained
0.036000,0.0160280838,0.0082602856,0.51536326,2.9272950142,2.9279691711,-6.7415695483e-04,4.0915834361,237.849240,0.975223639651,0.983968913221,0.54562190,0.029926818580,1.130913,1.659084,0.31069708,0,0,chained
0.036000,0.0160280838,0.0082371786,0.51392161,2.9272956998,2.9279691711,-6.7347135207e-04,4.0851729173,237.476588,0.975249394972,0.983968913221,0.54401502,0.029893744619,1.132884,1.665263,0.31250996,0,0,chained
0.036000,0.0160280838,0.0082148161,0.51252640,2.9272963876,2.9279691711,-6.7278353698e-04,4.0787624000,237.103936,0.975275317344,0.983968913221,0.54239771,0.029860218832,1.134841,1.671371,0.31432921,0,0,chained
0.036000,0.0160280838,0.0081931915,0.51117723,2.9272970774,2.9279691711,-6.7209368955e-04,4.0723518845,236.731284,0.975301401836,0.983968913221,0.54077028,0.029826253668,1.136784,1.677412,0.31615482,0,0,chained
0.036000,0.0160280838,0.0081722985,0.50987371,2.9272977692,2.9279691711,-6.7140198253e-04,4.0659413709,236.358632,0.975327643692,0.983968913221,0.53913304,0.029791861132,1.138714,1.683389,0.31798679,0,0,chained
0.036000,0.0160280838,0.0081521310,0.50861545,2.9272984626,2.9279691711,-6.7070858183e-04,4.0595308596,235.985981,0.975354038331,0.983968913221,0.53748627,0.029757052800,1.140633,1.689307,0.31982514,0,0,chained
0.036000,0.0160280838,0.0081326827,0.50740206,2.9272991575,2.9279691711,-6.7001364687e-04,4.0531203506,235.613329,0.975380581334,0.983968913221,0.53583023,0.029721839839,1.142540,1.695169,0.32166984,0,0,chained
0.036000,0.0160280838,0.0081139474,0.50623316,2.9272998538,2.9279691711,-6.6931733086e-04,4.0467098443,235.240678,0.975407268440,0.983968913221,0.53416521,0.029686233022,1.144437,1.700978,0.32352092,0,0,chained
0.036000,0.0160280838,0.0080959192,0.50510837,2.9273005514,2.9279691711,-6.6861978114e-04,4.0402993407,234.868027,0.975434095542,0.983968913221,0.53249146,0.029650242740,1.146325,1.706738,0.32537836,0,0,chained
0.036000,0.0160280838,0.0080785921,0.50402732,2.9273012500,2.9279691711,-6.6792113950e-04,4.0338888402,234.495376,0.975461058680,0.983968913221,0.53080921,0.029613879023,1.148205,1.712452,0.32724217,0,0,chained
0.036000,0.0160280838,0.0080619601,0.50298964,2.9273019496,2.9279691711,-6.6722154240e-04,4.0274783427,234.122725,0.975488154032,0.983968913221,0.52911872,0.029577151545,1.150077,1.718123,0.32911234,0,0,chained
0.036000,0.0160280838,0.0080460174,0.50199497,2.9273026500,2.9279691711,-6.6652112127e-04,4.0210678487,233.750074,0.975515377916,0.983968913221,0.52742021,0.029540069645,1.151941,1.723753,0.33098890,0,0,chained
0.036000,0.0160280838,0.0080307582,0.50104294,2.9273033511,2.9279691711,-6.6582000277e-04,4.0146573581,233.377424,0.975542726777,0.983968913221,0.52571390,0.029502642333,1.153800,1.729347,0.33287182,0,0,chained
0.036000,0.0160280838,0.0080161767,0.50013319,2.9273040528,2.9279691711,-6.6511830900e-04,4.0082468712,233.004774,0.975570197189,0.983968913221,0.52400001,0.029464878308,1.155653,1.734906,0.33476113,0,0,chained
0.036000,0.0160280838,0.0080022672,0.49926537,2.9273047550,2.9279691711,-6.6441615772e-04,4.0018363881,232.632124,0.975597785846,0.983968913221,0.52227874,0.029426785964,1.157501,1.740433,0.33665681,0,0,chained
0.036000,0.0160280838,0.0079890243,0.49843914,2.9273054575,2.9279691711,-6.6371366260e-04,3.9954259091,232.259474,0.975625489561,0.983968913221,0.52055029,0.029388373404,1.159346,1.745931,0.33855888,0,0,chained
0.036000,0.0160280838,0.0079764422,0.49765414,2.9273061602,2.9279691711,-6.6301093339e-04,3.9890154341,231.886824,0.975653305258,0.983968913221,0.51881486,0.029349648449,1.161186,1.751401,0.34046733,0,0,chained
0.036000,0.0160280838,0.0079645156,0.49691003,2.9273068631,2.9279691711,-6.6230807611e-04,3.9826049634,231.514175,0.975681229971,0.983968913221,0.51707262,0.029310618647,1.163024,1.756847,0.34238218,0,0,chained
0.036000,0.0160280838,0.0079532390,0.49620648,2.9273075659,2.9279691711,-6.6160519327e-04,3.9761944972,231.141526,0.975709260841,0.983968913221,0.51532376,0.029271291286,1.164860,1.762270,0.34430342,0,0,chained
0.036000,0.0160280838,0.0079426069,0.49554314,2.9273082688,2.9279691711,-6.6090238401e-04,3.9697840355,230.768877,0.975737395108,0.983968913221,0.51356845,0.029231673400,1.166694,1.767673,0.34623106,0,0,chained
0.036000,0.0160280838,0.0079326142,0.49491969,2.9273089714,2.9279691711,-6.6019974425e-04,3.9633735785,230.396229,0.975765630114,0.983968913221,0.51180685,0.029191771777,1.168527,1.773057,0.34816511,0,0,chained
0.036000,0.0160280838,0.0079232555,0.49433579,2.9273096738,2.9279691711,-6.5949736693e-04,3.9569631264,230.023581,0.975793963293,0.983968913221,0.51003913,0.029151592970,1.170360,1.778425,0.35010556,0,0,chained
0.036000,0.0160280838,0.0079145256,0.49379113,2.9273103758,2.9279691711,-6.5879534204e-04,3.9505526792,229.650933,0.975822392171,0.983968913221,0.50826544,0.029111143301,1.172193,1.783777,0.35205244,0,0,chained
0.036000,0.0160280838,0.0079064195,0.49328538,2.9273110774,2.9279691711,-6.5809375688e-04,3.9441422370,229.278285,0.975850914366,0.983968913221,0.50648593,0.029070428875,1.174026,1.789117,0.35400573,0,0,chained
0.036000,0.0160280838,0.0078989319,0.49281823,2.9273117784,2.9279691711,-6.5739269611e-04,3.9377318002,228.905638,0.975879527578,0.983968913221,0.50470073,0.029029455578,1.175860,1.794445,0.35596545,0,0,chained
0.036000,0.0160280838,0.0078920578,0.49238936,2.9273124789,2.9279691711,-6.5669224194e-04,3.9313213686,228.532991,0.975908229593,0.983968913221,0.50291000,0.028988229094,1.177696,1.799763,0.35793161,0,0,chained
0.036000,0.0160280838,0.0078857924,0.49199845,2.9273131787,2.9279691711,-6.5599247421e-04,3.9249109425,228.160344,0.975937018276,0.983968913221,0.50111386,0.028946754903,1.179534,1.805073,0.35990421,0,0,chained
0.036000,0.0160280838,0.0078801306,0.49164521,2.9273138777,2.9279691711,-6.5529347055e-04,3.9185005219,227.787698,0.975965891572,0.983968913221,0.49931244,0.028905038293,1.181374,1.810376,0.36188326,0,0,chained
0.036000,0.0160280838,0.0078750677,0.49132933,2.9273145758,2.9279691711,-6.5459530647e-04,3.9120901071,227.415052,0.975994847500,0.983968913221,0.49750587,0.028863084364,1.183217,1.815674,0.36386877,0,0,chained
0.036000,0.0160280838,0.0078705987,0.49105051,2.9273152731,2.9279691711,-6.5389805546e-04,3.9056796980,227.042406,0.976023884152,0.983968913221,0.49569426,0.028820898031,1.185063,1.820967,0.36586074,0,0,chained
0.036000,0.0160280838,0.0078667190,0.49080845,2.9273159693,2.9279691711,-6.5320178913e-04,3.8992692948,226.669761,0.976052999691,0.983968913221,0.49387772,0.028778484036,1.186913,1.826257,0.36785918,0,0,chained
0.036000,0.0160280838,0.0078634238,0.49060286,2.9273166646,2.9279691711,-6.5250657728e-04,3.8928588977,226.297116,0.976082192352,0.983968913221,0.49205638,0.028735846949,1.188766,1.831545,0.36986410,0,0,chained
0.036000,0.0160280838,0.0078607085,0.49043345,2.9273173586,2.9279691711,-6.5181248801e-04,3.8864485067,225.924471,0.976111460432,0.983968913221,0.49023033,0.028692991171,1.190624,1.836832,0.37187552,0,0,chained
0.036000,0.0160280838,0.0078585685,0.49029994,2.9273180515,2.9279691711,-6.5111958780e-04,3.8800381219,225.551827,0.976140802297,0.983968913221,0.48839968,0.028649920946,1.192486,1.842119,0.37389343,0,0,chained
0.036000,0.0160280838,0.0078569993,0.49020203,2.9273187432,2.9279691711,-6.5042794164e-04,3.8736277434,225.179183,0.976170216374,0.983968913221,0.48656452,0.028606640358,1.194353,1.847407,0.37591785,0,0,chained
0.036000,0.0160280838,0.0078559964,0.49013946,2.9273194335,2.9279691711,-6.4973761305e-04,3.8672173714,224.806539,0.976199701151,0.983968913221,0.48472495,0.028563153340,1.196225,1.852696,0.37794879,0,0,chained
0.036000,0.0160280838,0.0078555554,0.49011195,2.9273201225,2.9279691711,-6.4904866421e-04,3.8608070059,224.433896,0.976229255177,0.983968913221,0.48288106,0.028519463677,1.198103,1.857989,0.37998625,0,0,chained
0.036000,0.0160280838,0.0078556719,0.49011922,2.9273208100,2.9279691711,-6.4836115603e-04,3.8543966470,224.061253,0.976258877056,0.983968913221,0.48103293,0.028475575012,1.199985,1.863284,0.38203026,0,1,chained
0.036000,0.0160280838,0.0078563417,0.49016101,2.9273214960,2.9279691711,-6.4767514823e-04,3.8479862949,223.688611,0.976288565452,0.983968913221,0.47918066,0.028431490845,1.201874,1.868583,0.38408082,0,0,chained
0.036000,0.0160280838,0.0078575605,0.49023705,2.9273221804,2.9279691711,-6.4699069938e-04,3.8415759496,223.315969,0.976318319081,0.983968913221,0.47732432,0.028387214544,1.203769,1.873887,0.38613793,0,0,chained
0.036000,0.0160280838,0.0078593241,0.49034708,2.9273228633,2.9279691711,-6.4630786703e-04,3.8351656112,222.943327,0.976348136713,0.983968913221,0.47546398,0.028342749341,1.205669,1.879196,0.38820163,0,0,chained
0.036000,0.0160280838,0.0078616284,0.49049085,2.9273235444,2.9279691711,-6.4562670774e-04,3.8287552799,222.570686,0.976378017169,0.983968913221,0.47359972,0.028298098341,1.207576,1.884510,0.39027190,0,0,chained
0.036000,0.0160280838,0.0078644693,0.49066809,2.9273242239,2.9279691711,-6.4494727713e-04,3.8223449556,222.198046,0.976407959323,0.983968913221,0.47173162,0.028253264523,1.209489,1.889830,0.39234877,0,0,chained
0.036000,0.0160280838,0.0078678428,0.49087857,2.9273249015,2.9279691711,-6.4426963001e-04,3.8159346386,221.825405,0.976437962096,0.983968913221,0.46985973,0.028208250745,1.211409,1.895156,0.39443225,0,0,chained
0.036000,0.0160280838,0.0078717449,0.49112202,2.9273255773,2.9279691711,-6.4359382038e-04,3.8095243289,221.452765,0.976468024457,0.983968913221,0.46798413,0.028163059745,1.213335,1.900489,0.39652236,0,0,chained
0.036000,0.0160280838,0.0078761719,0.49139822,2.9273262512,2.9279691711,-6.4291990150e-04,3.8031140266,221.080126,0.976498145422,0.983968913221,0.46610486,0.028117694143,1.215267,1.905828,0.39861910,0,0,chained
0.036000,0.0160280838,0.0078811198,0.49170692,2.9273269232,2.9279691711,-6.4224792598e-04,3.7967037317,220.707487,0.976528324055,0.983968913221,0.46422200,0.028072156448,1.217206,1.911173,0.40072249,0,0,chained
0.036000,0.0160280838,0.0078865849,0.49204789,2.9273275932,2.9279691711,-6.4157794583e-04,3.7902934445,220.334848,0.976558559460,0.983968913221,0.46233560,0.028026449056,1.219152,1.916526,0.40283254,0,0,chained
0.036000,0.0160280838,0.0078925634,0.49242090,2.9273282611,2.9279691711,-6.4091001249e-04,3.7838831649,219.962210,0.976588850788,0.983968913221,0.46044571,0.027980574258,1.221104,1.921885,0.40494928,0,0,chained
0.036000,0.0160280838,0.0078990518,0.49282571,2.9273289270,2.9279691711,-6.4024417688e-04,3.7774728931,219.589572,0.976619197233,0.983968913221,0.45855238,0.027934534236,1.223062,1.927251,0.40707270,0,0,chained
0.036000,0.0160280838,0.0079060465,0.49326211,2.9273295906,2.9279691711,-6.3958048953e-04,3.7710626292,219.216935,0.976649598028,0.983968913221,0.45665566,0.027888331069,1.225027,1.932623,0.40920284,0,0,chained
0.036000,0.0160280838,0.0079135439,0.49372988,2.9273302521,2.9279691711,-6.3891900052e-04,3.7646523732,218.844298,0.976680052449,0.983968913221,0.45475559,0.027841966737,1.226999,1.938002,0.41133970,0,0,chained
0.036000,0.0160280838,0.0079215407,0.49422881,2.9273309114,2.9279691711,-6.3825975962e-04,3.7582421252,218.471662,0.976710559810,0.983968913221,0.45285223,0.027795443119,1.228976,1.943386,0.41348330,0,0,chained
0.036000,0.0160280838,0.0079300334,0.49475867,2.9273315683,2.9279691711,-6.3760281629e-04,3.7518318853,218.099026,0.976741119465,0.983968913221,0.45094559,0.027748761998,1.230960,1.948777,0.41563366,0,0,chained
0.036000,0.0160280838,0.0079390187,0.49531927,2.9273322229,2.9279691711,-6.3694821977e-04,3.7454216537,217.726391,0.976771730807,0.983968913221,0.44903574,0.027701925061,1.232949,1.954173,0.41779079,0,0,chained
0.036000,0.0160280838,0.0079484934,0.49591040,2.9273328751,2.9279691711,-6.3629601907e-04,3.7390114304,217.353756,0.976802393264,0.983968913221,0.44712269,0.027654933903,1.234944,1.959573,0.41995472,0,0,chained
0.036000,0.0160280838,0.0079584543,0.49653186,2.9273335249,2.9279691711,-6.3564626309e-04,3.7326012155,216.981121,0.976833106305,0.983968913221,0.44520649,0.027607790027,1.236945,1.964978,0.42212546,0,0,chained
0.036000,0.0160280838,0.0079688982,0.49718347,2.9273341721,2.9279691711,-6.3499900061e-04,3.7261910091,216.608487,0.976863869431,0.983968913221,0.44328716,0.027560494847,1.238951,1.970387,0.42430302,0,0,chained
0.036000,0.0160280838,0.0079798223,0.49786502,2.9273348169,2.9279691711,-6.3435428034e-04,3.7197808113,216.235854,0.976894682180,0.983968913221,0.44136474,0.027513049688,1.240962,1.975799,0.42648744,0,0,chained
0.036000,0.0160280838,0.0079912234,0.49857634,2.9273354590,2.9279691711,-6.3371215102e-04,3.7133706221,215.863221,0.976925544125,0.983968913221,0.43943925,0.027465455788,1.242977,1.981213,0.42867872,0,0,chained
0.036000,0.0160280838,0.0080030986,0.49931725,2.9273360985,2.9279691711,-6.3307266140e-04,3.7069604417,215.490589,0.976956454874,0.983968913221,0.43751071,0.027417714303,1.244997,1.986628,0.43087689,0,0,chained
0.036000,0.0160280838,0.0080154453,0.50008756,2.9273367353,2.9279691711,-6.3243586032e-04,3.7005502702,215.117957,0.976987414066,0.983968913221,0.43557915,0.027369826301,1.247020,1.992044,0.43308197,0,0,chained
0.036000,0.0160280838,0.0080282605,0.50088711,2.9273373693,2.9279691711,-6.3180179674e-04,3.6941401077,214.745326,0.977018421377,0.983968913221,0.43364459,0.027321792771,1.249047,1.997459,0.43529397,0,0,chained
0.036000,0.0160280838,0.0080415417,0.50171572,2.9273380006,2.9279691711,-6.3117051981e-04,3.6877299542,214.372695,0.977049476513,0.983968913221,0.43170705,0.027273614620,1.251078,2.002873,0.43751293,0,0,chained
0.036000,0.0160280838,0.0080552861,0.50257325,2.9273386291,2.9279691711,-6.3054207887e-04,3.6813198099,214.000064,0.977080579212,0.983968913221,0.42976653,0.027225292674,1.253111,2.008284,0.43973886,0,0,chained
0.036000,0.0160280838,0.0080694914,0.50345952,2.9273392546,2.9279691711,-6.2991652353e-04,3.6749096748,213.627435,0.977111729246,0.983968913221,0.42782307,0.027176827681,1.255146,2.013690,0.44197178,0,0,chained
0.036000,0.0160280838,0.0080841550,0.50437439,2.9273398772,2.9279691711,-6.2929390372e-04,3.6684995491,213.254805,0.977142926418,0.983968913221,0.42587666,0.027128220310,1.257182,2.019092,0.44421172,0,0,chained
0.036000,0.0160280838,0.0080992745,0.50531770,2.9273404969,2.9279691711,-6.2867426969e-04,3.6620894329,212.882177,0.977174170559,0.983968913221,0.42392732,0.027079471154,1.259220,2.024487,0.44645871,0,0,chained
0.036000,0.0160280838,0.0081148477,0.50628932,2.9273411135,2.9279691711,-6.2805767211e-04,3.6556793262,212.509549,0.977205461534,0.983968913221,0.42197506,0.027030580731,1.261258,2.029873,0.44871276,0,0,chained
0.036000,0.0160280838,0.0081308724,0.50728911,2.9273417270,2.9279691711,-6.2744416207e-04,3.6492692292,212.136921,0.977236799238,0.983968913221,0.42001989,0.026981549481,1.263295,2.035250,0.45097390,0,0,chained
0.036000,0.0160280838,0.0081473463,0.50831693,2.9273423373,2.9279691711,-6.2683379115e-04,3.6428591420,211.764294,0.977268183595,0.983968913221,0.41806180,0.026932377772,1.265332,2.040615,0.45324216,0,0,chained
0.036000,0.0160280838,0.0081642675,0.50937265,2.9273429445,2.9279691711,-6.2622661145e-04,3.6364490646,211.391668,0.977299614558,0.983968913221,0.41610081,0.026883065897,1.267367,2.045967,0.45551756,0,0,chained
0.036000,0.0160280838,0.0081816340,0.51045615,2.9273435485,2.9279691711,-6.2562267565e-04,3.6300389972,211.019042,0.977331092112,0.983968913221,0.41413691,0.026833614076,1.269399,2.051303,0.45780013,0,0,chained
0.036000,0.0160280838,0.0081994439,0.51156732,2.9273441491,2.9279691711,-6.2502203704e-04,3.6236289400,210.646417,0.977362616270,0.983968913221,0.41217010,0.026784022456,1.271428,2.056622,0.46008990,0,0,chained
0.036000,0.0160280838,0.0082176953,0.51270604,2.9273447464,2.9279691711,-6.2442474958e-04,3.6172188929,210.273792,0.977394187073,0.983968913221,0.41020039,0.026734291112,1.273453,2.061921,0.46238690,0,0,chained
0.036000,0.0160280838,0.0082363867,0.51387220,2.9273453403,2.9279691711,-6.2383086795e-04,3.6108088562,209.901168,0.977425804594,0.983968913221,0.40822775,0.026684420049,1.275473,2.067199,0.46469115,0,0,chained
0.036000,0.0160280838,0.0082555162,0.51506570,2.9273459307,2.9279691711,-6.2324044759e-04,3.6043988299,209.528545,0.977457468931,0.983968913221,0.40625220,0.026634409198,1.277486,2.072452,0.46700269,0,0,chained
0.036000,0.0160280838,0.0082750825,0.51628645,2.9273465176,2.9279691711,-6.2265354473e-04,3.5979888142,209.155922,0.977489180213,0.983968913221,0.40427372,0.026584258421,1.279492,2.077678,0.46932154,0,0,chained
0.036000,0.0160280838,0.0082950840,0.51753435,2.9273471009,2.9279691711,-6.2207021648e-04,3.5915788092,208.783300,0.977520938599,0.983968913221,0.40229230,0.026533967509,1.281490,2.082875,0.47164774,0,0,chained
0.036000,0.0160280838,0.0083155193,0.51880933,2.9273476806,2.9279691711,-6.2149052084e-04,3.5851688151,208.410678,0.977552744272,0.983968913221,0.40030792,0.026483536181,1.283479,2.088039,0.47398131,0,0,chained
0.036000,0.0160280838,0.0083363873,0.52011129,2.9273482566,2.9279691711,-6.2091451680e-04,3.5787588318,208.038057,0.977584597448,0.983968913221,0.39832059,0.026432964088,1.285457,2.093168,0.47632230,0,0,chained
0.036000,0.0160280838,0.0083576867,0.52144017,2.9273488289,2.9279691711,-6.2034226434e-04,3.5723488597,207.665437,0.977616498369,0.983968913221,0.39633028,0.026382250809,1.287422,2.098259,0.47867073,0,0,chained
0.036000,0.0160280838,0.0083794165,0.52279590,2.9273493973,2.9279691711,-6.1977382450e-04,3.5659388988,207.292817,0.977648447307,0.983968913221,0.39433697,0.026331395853,1.289375,2.103308,0.48102664,0,0,chained
0.036000,0.0160280838,0.0084015757,0.52417842,2.9273499619,2.9279691711,-6.1920925946e-04,3.5595289493,206.920198,0.977680444561,0.983968913221,0.39234064,0.026280398661,1.291313,2.108312,0.48339007,0,0,chained
0.036000,0.0160280838,0.0084241633,0.52558768,2.9273505225,2.9279691711,-6.1864863258e-04,3.5531190112,206.547580,0.977712490458,0.983968913221,0.39034128,0.026229258599,1.293234,2.113267,0.48576105,0,0,chained
0.036000,0.0160280838,0.0084471786,0.52702361,2.9273510791,2.9279691711,-6.1809200844e-04,3.5467090849,206.174962,0.977744585357,0.983968913221,0.38833887,0.026177974968,1.295137,2.118169,0.48813962,0,0,chained
0.036000,0.0160280838,0.0084706209,0.52848619,2.9273516317,2.9279691711,-6.1753945293e-04,3.5402991703,205.802345,0.977776729642,0.983968913221,0.38633337,0.026126546993,1.297021,2.123014,0.49052581,0,0,chained
0.036000,0.0160280838,0.0084944897,0.52997537,2.9273521801,2.9279691711,-6.1699103329e-04,3.5338892677,205.429729,0.977808923728,0.983968913221,0.38432476,0.026074973832,1.298884,2.127799,0.49291968,0,0,chained
0.036000,0.0160280838,0.0085187844,0.53149113,2.9273527243,2.9279691711,-6.1644681818e-04,3.5274793772,205.057113,0.977841168058,0.983968913221,0.38231302,0.026023254569,1.300723,2.132518,0.49532124,0,0,chained
0.036000,0.0160280838,0.0085435047,0.53303344,2.9273532643,2.9279691711,-6.1590687774e-04,3.5210694990,204.684499,0.977873463104,0.983968913221,0.38029812,0.025971388219,1.302538,2.137166,0.49773056,0,0,chained
0.036000,0.0160280838,0.0085686503,0.53460229,2.9273537999,2.9279691711,-6.1537128369e-04,3.5146596332,204.311885,0.977905809369,0.983968913221,0.37828002,0.025919373720,1.304325,2.141739,0.50014766,0,0,chained
0.036000,0.0160280838,0.0085942211,0.53619766,2.9273543310,2.9279691711,-6.1484010932e-04,3.5082497801,203.939271,0.977938207384,0.983968913221,0.37625869,0.025867209943,1.306082,2.146232,0.50257260,0,0,chained
0.036000,0.0160280838,0.0086202170,0.53781956,2.9273548577,2.9279691711,-6.1431342967e-04,3.5018399398,203.566659,0.977970657711,0.983968913221,0.37423410,0.025814895681,1.307808,2.150638,0.50500542,0,0,chained
0.036000,0.0160280838,0.0086466380,0.53946798,2.9273553798,2.9279691711,-6.1379132150e-04,3.4954301125,203.194047,0.978003160941,0.983968913221,0.37220621,0.025762429655,1.309500,2.154953,0.50744617,0,0,chained
0.036000,0.0160280838,0.0086734845,0.54114295,2.9273558973,2.9279691711,-6.1327386344e-04,3.4890202983,202.821436,0.978035717697,0.983968913221,0.37017498,0.025709810510,1.311155,2.159169,0.50989488,0,0,chained
0.036000,0.0160280838,0.0087007567,0.54284447,2.9273564100,2.9279691711,-6.1276113603e-04,3.4826104975,202.448825,0.978068328633,0.983968913221,0.36814036,0.025657036817,1.312771,2.163280,0.51235161,0,0,chained
0.036000,0.0160280838,0.0087284550,0.54457258,2.9273569179,2.9279691711,-6.1225322183e-04,3.4762007103,202.076216,0.978100994431,0.983968913221,0.36610233,0.025604107067,1.314344,2.167280,0.51481642,0,0,chained
0.036000,0.0160280838,0.0087565799,0.54632731,2.9273574209,2.9279691711,-6.1175020547e-04,3.4697909369,201.703607,0.978133715809,0.983968913221,0.36406083,0.025551019678,1.315872,2.171162,0.51728934,0,0,chained
0.036000,0.0160280838,0.0087851322,0.54810870,2.9273579190,2.9279691711,-6.1125217377e-04,3.4633811774,201.330999,0.978166493516,0.983968913221,0.36201581,0.025497772985,1.317352,2.174916,0.51977044,0,0,chained
0.036000,0.0160280838,0.0088141127,0.54991681,2.9273584119,2.9279691711,-6.1075921581e-04,3.4569714322,200.958392,0.978199328331,0.983968913221,0.35996723,0.025444365244,1.318780,2.178536,0.52225977,0,0,chained
0.036000,0.0160280838,0.0088435223,0.55175169,2.9273588997,2.9279691711,-6.1027142307e-04,3.4505617014,200.585786,0.978232221071,0.983968913221,0.35791503,0.025390794633,1.320153,2.182013,0.52475737,0,0,chained
0.036000,0.0160280838,0.0088733620,0.55361340,2.9273593822,2.9279691711,-6.0978888945e-04,3.4441519853,200.213180,0.978265172582,0.983968913221,0.35585917,0.025337059243,1.321466,2.185337,0.52726332,0,0,chained
0.036000,0.0160280838,0.0089036332,0.55550204,2.9273598594,2.9279691711,-6.0931171145e-04,3.4377422841,199.840576,0.978298183747,0.983968913221,0.35379959,0.025283157084,1.322717,2.188499,0.52977766,0,0,chained
0.036000,0.0160280838,0.0089343371,0.55741767,2.9273603311,2.9279691711,-6.0883998824e-04,3.4313325981,199.467972,0.978331255484,0.983968913221,0.35173623,0.025229086080,1.323900,2.191489,0.53230047,0,0,chained
0.036000,0.0160280838,0.0089654752,0.55936039,2.9273607973,2.9279691711,-6.0837382179e-04,3.4249229275,199.095369,0.978364388747,0.983968913221,0.34966903,0.025174844066,1.325011,2.194295,0.53483179,0,0,chained
0.036000,0.0160280838,0.0089970492,0.56133031,2.9273612578,2.9279691711,-6.0791331698e-04,3.4185132726,198.722767,0.978397584524,0.983968913221,0.34759793,0.025120428791,1.326046,2.196907,0.53737169,0,0,chained
0.036000,0.0160280838,0.0090290609,0.56332753,2.9273617126,2.9279691711,-6.0745858170e-04,3.4121036337,198.350167,0.978430843844,0.983968913221,0.34552286,0.025065837911,1.327000,2.199311,0.53992025,0,0,chained
0.036000,0.0160280838,0.0090615123,0.56535219,2.9273621614,2.9279691711,-6.0700972703e-04,3.4056940111,197.977567,0.978464167771,0.983968913221,0.34344377,0.025011068990,1.327866,2.201495,0.54247752,0,0,chained
0.036000,0.0160280838,0.0090944054,0.56740441,2.9273626043,2.9279691711,-6.0656686734e-04,3.3992844050,197.604968,0.978497557410,0.983968913221,0.34136057,0.024956119498,1.328640,2.203445,0.54504358,0,0,chained
0.036000,0.0160280838,0.0091277425,0.56948433,2.9273630410,2.9279691711,-6.0613012044e-04,3.3928748158,197.232370,0.978531013905,0.983968913221,0.33927320,0.024900986807,1.329315,2.205146,0.54761849,0,0,chained
0.036000,0.0160280838,0.0091615261,0.57159210,2.9273634715,2.9279691711,-6.0569960771e-04,3.3864652437,196.859773,0.978564538440,0.983968913221,0.33718159,0.024845668190,1.329886,2.206581,0.55020233,0,0,chained
0.036000,0.0160280838,0.0091957587,0.57372789,2.9273638957,2.9279691711,-6.0527545430e-04,3.3800556892,196.487177,0.978598132244,0.983968913221,0.33508566,0.024790160818,1.330344,2.207735,0.55279518,0,0,chained
0.036000,0.0160280838,0.0092304433,0.57589188,2.9273643133,2.9279691711,-6.0485778923e-04,3.3736461525,196.114582,0.978631796586,0.983968913221,0.33298532,0.024734461757,1.330683,2.208587,0.55539711,0,0,chained
0.036000,0.0160280838,0.0092655827,0.57808425,2.9273647244,2.9279691711,-6.0444674561e-04,3.3672366340,195.741988,0.978665532781,0.983968913221,0.33088050,0.024678567966,1.330895,2.209120,0.55800821,0,0,chained
0.036000,0.0160280838,0.0093011802,0.58030519,2.9273651287,2.9279691711,-6.0404246082e-04,3.3608271341,195.369395,0.978699342189,0.983968913221,0.32877112,0.024622476295,1.330971,2.209312,0.56062855,0,0,chained
0.036000,0.0160280838,0.0093372391,0.58255492,2.9273655261,2.9279691711,-6.0364507666e-04,3.3544176531,194.996803,0.978733226216,0.983968913221,0.32665708,0.024566183480,1.330902,2.209140,0.56325822,0,0,chained
0.036000,0.0160280838,0.0093737629,0.58483366,2.9273659164,2.9279691711,-6.0325473956e-04,3.3480081914,194.624212,0.978767186318,0.983968913221,0.32453829,0.024509686138,1.330680,2.208580,0.56589732,0,0,chained
0.036000,0.0160280838,0.0094107555,0.58714165,2.9273662995,2.9279691711,-6.0287160083e-04,3.3415987496,194.251623,0.978801224000,0.983968913221,0.32241466,0.024452980769,1.330293,2.207606,0.56854592,0,0,chained
0.036000,0.0160280838,0.0094482208,0.58947912,2.9273666753,2.9279691711,-6.0249581681e-04,3.3351893278,193.879035,0.978835340817,0.983968913221,0.32028610,0.024396063747,1.329729,2.206189,0.57120413,0,0,chained
0.036000,0.0160280838,0.0094861630,0.59184636,2.9273670436,2.9279691711,-6.0212754916e-04,3.3287799267,193.506448,0.978869538379,0.983968913221,0.31815249,0.024338931320,1.328979,2.204298,0.57387203,0,0,chained
0.036000,0.0160280838,0.0095245866,0.59424362,2.9273674042,2.9279691711,-6.0176696506e-04,3.3223705467,193.133862,0.978903818350,0.983968913221,0.31601375,0.024281579602,1.328027,2.201900,0.57654973,0,0,chained
0.036000,0.0160280838,0.0095634962,0.59667122,2.9273677569,2.9279691711,-6.0141423752e-04,3.3159611882,192.761277,0.978938182450,0.983968913221,0.31386976,0.024224004572,1.326860,2.198959,0.57923734,0,0,chained
0.036000,0.0160280838,0.0096028968,0.59912944,2.9273681016,2.9279691711,-6.0106954558e-04,3.3095518517,192.388694,0.978972632457,0.983968913221,0.31172040,0.024166202069,1.325463,2.195435,0.58193495,0,0,chained
0.036000,0.0160280838,0.0096427936,0.60161861,2.9273684381,2.9279691711,-6.0073307464e-04,3.3031425377,192.016112,0.979007170211,0.983968913221,0.30956558,0.024108167783,1.323819,2.191285,0.58464268,0,0,chained
0.036000,0.0160280838,0.0096831919,0.60413909,2.9273687661,2.9279691711,-6.0040501678e-04,3.2967332469,191.643531,0.979041797614,0.983968913221,0.30740516,0.024049897257,1.321910,2.186461,0.58736064,0,0,chained
0.036000,0.0160280838,0.0097240975,0.60669121,2.9273690856,2.9279691711,-6.0008557102e-04,3.2903239797,191.270952,0.979076516634,0.983968913221,0.30523902,0.023991385874,1.319717,2.180911,0.59008894,0,0,chained
0.036000,0.0160280838,0.0097655164,0.60927535,2.9273693962,2.9279691711,-5.9977494372e-04,3.2839147366,190.898374,0.979111329303,0.983968913221,0.30306704,0.023932628857,1.317218,2.174577,0.59282771,0,0,chained
0.036000,0.0160280838,0.0098074549,0.61189191,2.9273696978,2.9279691711,-5.9947334889e-04,3.2775055184,190.525797,0.979146237728,0.983968913221,0.30088909,0.023873621260,1.314390,2.167396,0.59557707,0,0,chained
0.036000,0.0160280838,0.0098499195,0.61454130,2.9273699901,2.9279691711,-5.9918100860e-04,3.2710963256,190.153222,0.979181244086,0.983968913221,0.29870502,0.023814357961,1.311206,2.159298,0.59833715,0,0,chained
0.036000,0.0160280838,0.0098929173,0.61722396,2.9273702730,2.9279691711,-5.9889815338e-04,3.2646871589,189.780649,0.979216350630,0.983968913221,0.29651471,0.023754833658,1.307637,2.150202,0.60110809,0,0,chained
0.036000,0.0160280838,0.0099364554,0.61994032,2.9273705461,2.9279691711,-5.9862502263e-04,3.2582780190,189.408077,0.979251559692,0.983968913221,0.29431800,0.023695042858,1.303653,2.140021,0.60389001,0,0,chained
0.036000,0.0160280838,0.0099805415,0.62269088,2.9273708093,2.9279691711,-5.9836186509e-04,3.2518689065,189.035507,0.979286873687,0.983968913221,0.29211474,0.023634979872,1.299218,2.128656,0.60668307,0,0,chained
0.036000,0.0160280838,0.0100251836,0.62547612,2.9273710622,2.9279691711,-5.9810893932e-04,3.2454598223,188.662938,0.979322295114,0.983968913221,0.28990478,0.023574638806,1.294293,2.115994,0.60948742,0,0,chained
0.036000,0.0160280838,0.0100703899,0.62829656,2.9273713046,2.9279691711,-5.9786651421e-04,3.2390507670,188.290371,0.979357826563,0.983968913221,0.28768796,0.023514013551,1.288833,2.101908,0.61230320,0,0,chained
0.036000,0.0160280838,0.0101161693,0.63115276,2.9273715363,2.9279691711,-5.9763486952e-04,3.2326417415,187.917806,0.979393470716,0.983968913221,0.28546410,0.023453097777,1.282789,2.086250,0.61513057,0,0,chained
0.036000,0.0160280838,0.0101625309,0.63404528,2.9273717568,2.9279691711,-5.9741429649e-04,3.2262327467,187.545242,0.979429230353,0.983968913221,0.28323304,0.023391884917,1.276106,2.068852,0.61796971,0,0,chained
0.036000,0.0160280838,0.0102094842,0.63697472,2.9273719660,2.9279691711,-5.9720509844e-04,3.2198237833,187.172681,0.979465108356,0.983968913221,0.28099459,0.023330368164,1.268718,2.049517,0.62082078,0,0,chained
0.036000,0.0160280838,0.0102570395,0.63994172,2.9273721635,2.9279691711,-5.9700759142e-04,3.2134148524,186.800121,0.979501107714,0.983968913221,0.27874857,0.023268540454,1.260554,2.028014,0.62368396,0,0,chained
0.036000,0.0160280838,0.0103052071,0.64294692,2.9273723490,2.9279691711,-5.9682210497e-04,3.2070059550,186.427563,0.979537231526,0.983968913221,0.27649479,0.023206394456,1.251527,2.004069,0.62655943,0,0,chained
0.036000,0.0160280838,0.0103539981,0.64599102,2.9273725222,2.9279691711,-5.9664898282e-04,3.2005970919,186.055007,0.979573483011,0.983968913221,0.27423304,0.023143922559,1.241539,1.977352,0.62944738,0,0,chained
0.036000,0.0160280838,0.0104034241,0.64907473,2.9273726826,2.9279691711,-5.9648858374e-04,3.1941882643,185.682453,0.979609865509,0.983968913221,0.27196312,0.023081116861,1.230475,1.947461,0.63234802,0,0,chained
0.036000,0.0160280838,0.0104534973,0.65219882,2.9273728299,2.9279691711,-5.9634128241e-04,3.1877794733,185.309902,0.979646382489,0.983968913221,0.26968481,0.023017969150,1.218196,1.913897,0.63526155,0,0,chained
0.036000,0.0160280838,0.0105042302,0.65536407,2.9273729637,2.9279691711,-5.9620747033e-04,3.1813707201,184.937352,0.979683037556,0.983968913221,0.26739788,0.022954470890,1.204534,1.876027,0.63818819,0,0,chained
0.036000,0.0160280838,0.0105556362,0.65857132,2.9273730836,2.9279691711,-5.9608755684e-04,3.1749620059,184.564805,0.979719834459,0.983968913221,0.26510211,0.022890613205,1.189287,1.833028,0.64112816,0,0,chained
0.036000,0.0160280838,0.0106077293,0.66182143,2.9273731892,2.9279691711,-5.9598197022e-04,3.1685533319,184.192260,0.979756777094,0.983968913221,0.26279724,0.022826386862,1.172199,1.783794,0.64408170,0,0,chained
0.036000,0.0160280838,0.0106605242,0.66511533,2.9273732800,2.9279691711,-5.9589115879e-04,3.1621446996,183.819718,0.979793869520,0.983968913221,0.26048302,0.022761782250,1.152945,1.726776,0.64704904,0,0,chained
0.036000,0.0160280838,0.0107140362,0.66845397,2.9273733555,2.9279691711,-5.9581559223e-04,3.1557361103,183.447178,0.979831115959,0.983968913221,0.25815920,0.022696789361,1.131100,1.659672,0.65003044,0,0,chained
0.036000,0.0160280838,0.0107682815,0.67183836,2.9273734154,2.9279691711,-5.9575576287e-04,3.1493275657,183.074641,0.979868520812,0.983968913221,0.25582549,0.022631397765,1.106088,1.578773,0.65302617,0,0,chained
0.036000,0.0160280838,0.0108232769,0.67526955,2.9273734589,2.9279691711,-5.9571218719e-04,3.1429190671,182.702106,0.979906088666,0.983968913221,0.25348161,0.022565596589,1.077088,1.477238,0.65603650,0,0,chained
0.036000,0.0160280838,0.0108790405,0.67874866,2.9273734857,2.9279691711,-5.9568540737e-04,3.1365106164,182.329574,0.979943824304,0.983968913221,0.25112727,0.022499374493,1.042867,1.338790,0.65906172,0,0,chained
0.036000,0.0160280838,0.0109355908,0.68227687,2.9273734951,2.9279691711,-5.9567599299e-04,3.1301022153,181.957045,0.979981732720,0.983968913221,0.24876215,0.022432719637,1.001506,1.056402,0.66210214,0,0,chained
0.036000,0.0160280838,0.0109929475,0.68585538,2.9273734866,2.9279691711,-5.9568454290e-04,3.1236938657,181.584519,0.980019819129,0.983968913221,0.24638592,0.022365619655,0.948767,1.000000,0.66515806,1,0,chained
0.036000,0.0160280838,0.0110511315,0.68948551,2.9273734594,2.9279691711,-5.9571168720e-04,3.1172855695,181.211997,0.980058088981,0.983968913221,0.24399824,0.022298061623,0.875558,1.000000,0.66822982,1,0,chained
0.036000,0.0160280838,0.0111101645,0.69316861,2.9273734130,2.9279691711,-5.9575808943e-04,3.1108773289,180.839477,0.980096547977,0.983968913221,0.24159876,0.022230032021,0.725890,1.000001,0.67131776,1,0,chained
0.036000,0.0160280838,0.0111700696,0.69690611,2.9273733467,2.9279691711,-5.9582444894e-04,3.1044691460,180.466961,0.980135202084,0.983968913221,0.23918712,0.022161516700,0.670104,1.316980,0.67442225,1,0,chained
0.036000,0.0160280838,0.0112308710,0.70069954,2.9273732596,2.9279691711,-5.9591150349e-04,3.0980610233,180.094448,0.980174057552,0.983968913221,0.23676290,0.022092500836,0.682324,1.481450,0.67754367,1,0,chained
0.036000,0.0160280838,0.0112925943,0.70455049,2.9273731511,2.9279691711,-5.9602003205e-04,3.0916529631,179.721939,0.980213120935,0.983968913221,0.23432572,0.022022968888,0.694849,1.614800,0.68068242,1,0,chained
0.036000,0.0160280838,0.0113552665,0.70846064,2.9273730203,2.9279691711,-5.9615085789e-04,3.0852449683,179.349433,0.980252399108,0.983968913221,0.23187514,0.021952904549,0.707692,1.733163,0.68383891,1,0,chained
0.036000,0.0160280838,0.0114189163,0.71243178,2.9273728663,2.9279691711,-5.9630485198e-04,3.0788370416,178.976932,0.980291899294,0.983968913221,0.22941070,0.021882290694,0.720866,1.842667,0.68701358,1,0,chained
0.036000,0.0160280838,0.0114835738,0.71646580,2.9273726882,2.9279691711,-5.9648293667e-04,3.0724291860,178.604435,0.980331629085,0.983968913221,0.22693194,0.021811109319,0.734386,1.946451,0.69020691,1,0,chained
0.036000,0.0160280838,0.0115492711,0.72056468,2.9273724850,2.9279691711,-5.9668608981e-04,3.0660214048,178.231942,0.980371596470,0.983968913221,0.22443835,0.021739341482,0.748268,2.046391,0.69341938,1,0,chained
0.036000,0.0160280838,0.0116160420,0.72473055,2.9273722558,2.9279691711,-5.9691534919e-04,3.0596137014,177.859453,0.980411809865,0.983968913221,0.22192942,0.021666967229,0.762527,2.143727,0.69665152,1,0,chained
0.036000,0.0160280838,0.0116839225,0.72896565,2.9273719993,2.9279691711,-5.9717181756e-04,3.0532060795,177.486970,0.980452278145,0.983968913221,0.21940459,0.021593965522,0.777182,2.239334,0.69990385,1,0,chained
0.036000,0.0160280838,0.0117529509,0.73327236,2.9273717145,2.9279691711,-5.9745666806e-04,3.0467985431,177.114491,0.980493010679,0.983968913221,0.21686326,0.021520314152,0.792251,2.333870,0.70317697,1,0,chained
0.036000,0.0160280838,0.0118231676,0.73765322,2.9273714000,2.9279691711,-5.9777115031e-04,3.0403910964,176.742018,0.980534017371,0.983968913221,0.21430484,0.021445989648,0.807754,2.427850,0.70647148,1,0,chained
0.036000,0.0160280838,0.0118946161,0.74211093,2.9273710545,2.9279691711,-5.9811659715e-04,3.0339837441,176.369550,0.980575308701,0.983968913221,0.21172865,0.021370967174,0.823713,2.521693,0.70978804,1,0,chained
0.036000,0.0160280838,0.0119673423,0.74664835,2.9273706767,2.9279691711,-5.9849443219e-04,3.0275764909,175.997087,0.980616895777,0.983968913221,0.20913401,0.021295220414,0.840152,2.615753,0.71312732,1,0,chained
0.036000,0.0160280838,0.0120413953,0.75126855,2.9273702650,2.9279691711,-5.9890617813e-04,3.0211693423,175.624631,0.980658790382,0.983968913221,0.20652019,0.021218721451,0.857095,2.710338,0.71649006,1,0,chained
0.036000,0.0160280838,0.0121168278,0.75597482,2.9273698177,2.9279691711,-5.9935346618e-04,3.0147623040,175.252181,0.980701005041,0.983968913221,0.20388639,0.021141440623,0.874570,2.805726,0.71987703,1,0,chained
0.036000,0.0160280838,0.0121936958,0.76077066,2.9273693331,2.9279691711,-5.9983804653e-04,3.0083553822,174.879738,0.980743553084,0.983968913221,0.20123180,0.021063346366,0.892606,2.902170,0.72328907,1,0,chained
0.036000,0.0160280838,0.0122720598,0.76565982,2.9273688093,2.9279691711,-6.0036180118e-04,3.0019485836,174.507303,0.980786448717,0.983968913221,0.19855552,0.020984405060,0.911234,2.999912,0.72672706,1,0,chained
0.036000,0.0160280838,0.0123519843,0.77064636,2.9273682444,2.9279691711,-6.0092675367e-04,2.9955419157,174.134874,0.980829707114,0.983968913221,0.19585661,0.020904580757,0.930489,3.099180,0.73019194,1,0,chained
0.036000,0.0160280838,0.0124335390,0.77573459,2.9273676360,2.9279691711,-6.0153508928e-04,2.9891353864,173.762454,0.980873344500,0.983968913221,0.19313405,0.020823835072,0.950408,3.200203,0.73368473,1,0,chained
0.036000,0.0160280838,0.0125167989,0.78092921,2.9273669820,2.9279691711,-6.0218916897e-04,2.9827290045,173.390043,0.980917378268,0.983968913221,0.19038676,0.020742126858,0.971033,3.303206,0.73720651,1,0,chained
0.036000,0.0160280838,0.0126018448,0.78623527,2.9273662796,2.9279691711,-6.0289154966e-04,2.9763227795,173.017640,0.980961827092,0.983968913221,0.18761358,0.020659411944,0.992406,3.408420,0.74075845,1,0,chained
0.036000,0.0160280838,0.0126887643,0.79165822,2.9273655261,2.9279691711,-6.0364500657e-04,2.9699167220,172.645248,0.981006711066,0.983968913221,0.18481324,0.020575642808,1.014577,3.516079,0.74434181,0,0,chained
0.036000,0.0160280838,0.0127776524,0.79720399,2.9273647186,2.9279691711,-6.0445255887e-04,2.9635108435,172.272865,0.981052051863,0.983968913221,0.18198441,0.020490768215,1.037600,3.626430,0.74795795,0,0,chained
0.036000,0.0160280838,0.0128686122,0.80287902,2.9273638536,2.9279691711,-6.0531749922e-04,2.9571051570,171.900494,0.981097872910,0.983968913221,0.17912561,0.020404732792,1.061531,3.739731,0.75160834,0,0,chained
0.036000,0.0160280838,0.0129617563,0.80869033,2.9273629277,2.9279691711,-6.0624342803e-04,2.9506996766,171.528135,0.981144199597,0.983968913221,0.17623527,0.020317476543,1.086437,3.856255,0.75529458,0,0,chained
0.036000,0.0160280838,0.0130572074,0.81464557,2.9273619368,2.9279691711,-6.0723429318e-04,2.9442944181,171.155789,0.981191059515,0.983968913221,0.17331165,0.020228934290,1.112387,3.976297,0.75901841,0,0,chained
0.036000,0.0160280838,0.0131551002,0.82075315,2.9273608767,2.9279691711,-6.0829443659e-04,2.9378893991,170.783456,0.981238482734,0.983968913221,0.17035290,0.020139035021,1.139462,4.100172,0.76278171,0,0,chained
0.036000,0.0160280838,0.0132555826,0.82702229,2.9273597425,2.9279691711,-6.0942864882e-04,2.9314846394,170.411139,0.981286502126,0.983968913221,0.16735694,0.020047701124,1.167750,4.228225,0.76658657,0,0,chained
0.036000,0.0160280838,0.0133588178,0.83346319,2.9273585289,2.9279691711,-6.1064223368e-04,2.9250801612,170.038838,0.981335153749,0.983968913221,0.16432154,0.019954847495,1.197347,4.360833,0.77043527,0,0,chained
0.036000,0.0160280838,0.0134649863,0.84008709,2.9273572301,2.9279691711,-6.1194108495e-04,2.9186759897,169.666555,0.981384477294,0.983968913221,0.16124422,0.019860380480,1.228366,4.498410,0.77433031,0,0,chained
0.036000,0.0160280838,0.0135742889,0.84690653,2.9273558394,2.9279691711,-6.1333177826e-04,2.9122721534,169.294291,0.981434516620,0.983968913221,0.15812225,0.019764196617,1.260929,4.641416,0.77827447,0,0,chained
0.036000,0.0160280838,0.0136869494,0.85393548,2.9273543495,2.9279691711,-6.1482168179e-04,2.9058686848,168.922049,0.981485320401,0.983968913221,0.15495257,0.019666181124,1.295177,4.790364,0.78227084,0,0,chained
0.036000,0.0160280838,0.0138032189,0.86118959,2.9273527520,2.9279691711,-6.1641909074e-04,2.8994656215,168.549830,0.981536942898,0.983968913221,0.15173182,0.019566206082,1.331269,4.945830,0.78632287,0,0,chained
0.036000,0.0160280838,0.0139233801,0.86868651,2.9273510377,2.9279691711,-6.1813339194e-04,2.8930630067,168.177638,0.981589444899,0.983968913221,0.14845619,0.019464128217,1.369388,5.108465,0.79043441,0,0,chained
0.036000,0.0160280838,0.0140477535,0.87644623,2.9273491959,2.9279691711,-6.1997526740e-04,2.8866608908,167.805474,0.981642894886,0.983968913221,0.14512142,0.019359786179,1.409742,5.279009,0.79460983,0,0,chained
0.036000,0.0160280838,0.0141767043,0.88449152,2.9273472142,2.9279691711,-6.2195694827e-04,2.8802593327,167.433343,0.981697370464,0.983968913221,0.14172267,0.019252997166,1.452575,5.458311,0.79885406,0,0,chained
0.036000,0.0160280838,0.0143106513,0.89284855,2.9273450786,2.9279691711,-6.2409253544e-04,2.8738584023,167.061248,0.981752960172,0.983968913221,0.13825440,0.019143552687,1.498167,5.647349,0.80317275,0,0,chained
0.036000,0.0160280838,0.0144500793,0.90154752,2.9273427727,2.9279691711,-6.2639840919e-04,2.8674581829,166.689195,0.981809765765,0.983968913221,0.13471027,0.019031213188,1.546850,5.847266,0.80757240,0,0,chained
0.036000,0.0160280838,0.0145955528,0.91062369,2.9273402774,2.9279691711,-6.2889375953e-04,2.8610587748,166.317189,0.981867905162,0.983968913221,0.13108292,0.018915701133,1.599016,6.059400,0.81206053,0,0,chained
0.036000,0.0160280838,0.0147477365,0.92011851,2.9273375699,2.9279691711,-6.3160128374e-04,2.8546603005,165.945237,0.981927516296,0.983968913221,0.12736375,0.018796691972,1.655134,6.285343,0.81664598,0,0,chained
0.036000,0.0160280838,0.0149074212,0.93008131,2.9273346230,2.9279691711,-6.3454811919e-04,2.8482629115,165.573348,0.981988762216,0.983968913221,0.12354259,0.018673802141,1.715770,6.527005,0.82133917,0,0,chained
0.036000,0.0160280838,0.0150755588,0.94057150,2.9273314040,2.9279691711,-6.3776711577e-04,2.8418667976,165.201533,0.982051838017,0.983968913221,0.11960726,0.018546572797,1.781619,6.786707,0.82615261,0,0,chained
0.036000,0.0160280838,0.0152533119,0.95166160,2.9273278725,2.9279691711,-6.4129861050e-04,2.8354722015,164.829807,0.982116980419,0.983968913221,0.11554299,0.018414447311,1.853542,7.067315,0.83110149,0,0,chained
0.036000,0.0160280838,0.0154421241,0.96344169,2.9273239782,2.9279691711,-6.4519296761e-04,2.8290794391,164.458187,0.982184481395,0.983968913221,0.11133158,0.018276739266,1.932632,7.372425,0.83620456,0,0,chained
0.036000,0.0160280838,0.0156438235,0.97602581,2.9273196568,2.9279691711,-6.4951432660e-04,2.8226889324,164.086698,0.982254708110,0.983968913221,0.10695010,0.018132585597,2.020293,7.706643,0.84148542,0,0,chained
0.036000,0.0160280838,0.0158607798,0.98956182,2.9273148248,2.9279691711,-6.5434633670e-04,2.8163012611,163.715374,0.982328133215,0.983968913221,0.10236907,0.017980875435,2.118386,8.076014,0.84697449,0,0,chained
0.038000,0.0164956247,0.0008247812,0.05000000,2.9238242334,2.9239030652,-7.8831780102e-05,4.7463926283,275.914178,0.979621383909,0.983501372298,0.23521318,0.011824705683,107.674799,215.344955,0.09388011,0,0,chained
0.038000,0.0164956247,0.0011172565,0.06773048,2.9238228121,2.9239030652,-8.0253019400e-05,4.7466871180,275.931297,0.979608839372,0.983501372298,0.23597366,0.011868230915,106.815754,213.626827,0.09421495,0,0,chained
0.038000,0.0164956247,0.0014699985,0.08911445,2.9238205316,2.9239030652,-8.2533598487e-05,4.7471563398,275.958573,0.979588759583,0.983501372298,0.23719094,0.011937806683,105.450421,210.896101,0.09474880,0,0,chained
0.038000,0.0164956247,0.0017941510,0.10876526,2.9238178921,2.9239030652,-8.5173111674e-05,4.7476942816,275.989845,0.979565593530,0.983501372298,0.23859531,0.012017931506,103.890177,207.775542,0.09536145,0,0,chained
0.038000,0.0164956247,0.0021804549,0.13218383,2.9238140701,2.9239030652,-8.8995035944e-05,4.7484634717,276.034559,0.979532183988,0.983501372298,0.24062067,0.012133210590,101.668432,203.331946,0.09623881,0,0,chained
0.038000,0.0164956247,0.0025348467,0.15366782,2.9238099213,2.9239030652,-9.3143907337e-05,4.7492854354,276.082340,0.979496085958,0.983501372298,0.24280901,0.012257398429,99.305866,198.606696,0.09717846,0,0,chained
0.038000,0.0164956247,0.0029592036,0.17939324,2.9238041505,2.9239030652,-9.8914714793e-05,4.7504062270,276.147494,0.979446147689,0.983501372298,0.24583638,0.012428565519,96.102980,192.200758,0.09846400,0,0,chained
0.038000,0.0164956247,0.0034652608,0.21007151,2.9237961349,2.9239030652,-1.0693031622e-04,4.7519196551,276.235471,0.979377257319,0.983501372298,0.25001266,0.012663471330,91.810211,183.614975,0.10020967,0,0,chained
0.038000,0.0164956247,0.0039340059,0.23848784,2.9237876204,2.9239030652,-1.1544475994e-04,4.7534722373,276.325725,0.979304608021,0.983501372298,0.25441681,0.012909648765,87.441665,174.877611,0.10201527,0,0,chained
0.038000,0.0164956247,0.0045045989,0.27307841,2.9237758548,2.9239030652,-1.2721041146e-04,4.7555247954,276.445043,0.979204967716,0.983501372298,0.26045722,0.013244692482,81.714379,163.422638,0.10443197,0,0,chained
0.038000,0.0164956247,0.0052032750,0.31543364,2.9237593689,2.9239030652,-1.4369624538e-04,4.7582207113,276.601760,0.979066489012,0.983501372298,0.26885210,0.013705346576,74.257114,148.507494,0.10767473,0,0,chained
0.038000,0.0164956247,0.0060717189,0.36808057,2.9237356957,2.9239030652,-1.6736943248e-04,4.7617281628,276.805653,0.978869141040,0.983501372298,0.28081575,0.014351919937,64.610913,129.214088,0.11206190,0,0,chained
0.038000,0.0164956247,0.0071861135,0.43563755,2.9237000873,2.9239030652,-2.0297784122e-04,4.7662097118,277.066171,0.978573456351,0.983501372298,0.29874079,0.015299622131,52.179833,104.350082,0.11812531,0,0,chained
0.038000,0.0164956247,0.0086302982,0.52318711,2.9236446801,2.9239030652,-2.5838503580e-04,4.7713365615,277.364202,0.978109903300,0.983501372298,0.32684237,0.016738719399,36.944581,73.875625,0.12645480,0,0,chained
0.038000,0.0164956247,0.0103731622,0.62884325,2.9235611178,2.9239030652,-3.4194737768e-04,4.7749619946,277.574953,0.977385533578,0.983501372298,0.37075521,0.018892688287,21.089591,42.155460,0.13691609,0,0,chained
0.038000,0.0164956247,0.0121317513,0.73545268,2.9234454383,2.9239030652,-4.5762687043e-04,4.7717451902,277.387956,0.976286223483,0.983501372298,0.43739773,0.022006115271,8.586481,17.114533,0.14816242,0,0,chained
0.038000,0.0164956247,0.0127068529,0.77031656,2.9233895570,2.9239030652,-5.1350817973e-04,4.7661722459,277.063993,0.975691026578,0.983501372298,0.47347984,0.023641886370,5.166711,10.235726,0.15260115,0,0,chained
0.038000,0.0164956247,0.0129772971,0.78671147,2.9233505239,2.9239030652,-5.5254122922e-04,4.7601243770,276.712423,0.975238873526,0.983501372298,0.50089032,0.024870538980,3.505118,6.864561,0.15546763,0,0,chained
0.038000,0.0164956247,0.0130910564,0.79360780,2.9233209027,2.9239030652,-5.8216251477e-04,4.7538774400,276.349280,0.974869729170,0.983501372298,0.52326864,0.025868300439,2.573512,4.944791,0.15760300,0,0,chained
0.038000,0.0164956247,0.0131097158,0.79473897,2.9232975049,2.9239030652,-6.0556030476e-04,4.7475248948,275.979998,0.974558302679,0.983501372298,0.54214798,0.026708481323,2.011003,3.755748,0.15933668,0,1,chained
0.038000,0.0164956247,0.0130661652,0.79209884,2.9232785732,2.9239030652,-6.2449196243e-04,4.7411083296,275.606994,0.974290676565,0.983501372298,0.55837205,0.027430868613,1.655074,2.973888,0.16083242,0,0,chained
0.038000,0.0164956247,0.0129803376,0.78689579,2.9232630029,2.9239030652,-6.4006226924e-04,4.7346495852,275.231539,0.974057973342,0.983501372298,0.57247901,0.028060475665,1.422466,2.434103,0.16218205,0,0,chained
0.038000,0.0164956247,0.0128652290,0.77991766,2.9232500422,2.9239030652,-6.5302298379e-04,4.7281614446,274.854375,0.973853980768,0.983501372298,0.58484548,0.028614559752,1.266952,2.044878,0.16344090,0,0,chained
0.038000,0.0164956247,0.0127297060,0.77170196,2.9232391527,2.9239030652,-6.6391245145e-04,4.7216519722,274.475970,0.973674081776,0.983501372298,0.59575134,0.029105779912,1.193332,1.844515,0.16464385,0,0,chained
0.038000,0.0164956247,0.0125800025,0.76262662,2.9232299353,2.9239030652,-6.7312991403e-04,4.7151265401,274.096638,0.973514703770,0.983501372298,0.60541318,0.029543817794,1.192832,1.843099,0.16581359,0,0,chained
0.038000,0.0164956247,0.0124205942,0.75296295,2.9232220861,2.9239030652,-6.8097909975e-04,4.7085888773,273.716595,0.973373003919,0.983501372298,0.61400332,0.029936299249,1.188237,1.830036,0.16696519,0,0,chained
0.038000,0.0164956247,0.0122547438,0.74290874,2.9232153695,2.9239030652,-6.8769563194e-04,4.7020416563,273.335996,0.973246673818,0.983501372298,0.62166172,0.030289362035,1.180924,1.809082,0.16810882,0,0,chained
0.038000,0.0164956247,0.0120848567,0.73260983,2.9232096000,2.9239030652,-6.9346521062e-04,4.6954868429,272.954956,0.973133809956,0.983501372298,0.62850377,0.030608028764,1.171868,1.782829,0.16925138,0,0,chained
0.038000,0.0164956247,0.0119127214,0.72217461,2.9232046290,2.9239030652,-6.9843613862e-04,4.6889259141,272.573560,0.973032823405,0.983501372298,0.63462579,0.030896464195,1.161751,1.753077,0.17039760,0,0,chained
0.038000,0.0164956247,0.0117396754,0.71168419,2.9232003370,2.9239030652,-7.0272821243e-04,4.6823600001,272.191875,0.972942374393,0.983501372298,0.64010900,0.031158159700,1.151056,1.721083,0.17155072,0,0,chained
0.038000,0.0164956247,0.0115667229,0.70119945,2.9231966260,2.9239030652,-7.0643918079e-04,4.6757899789,271.809951,0.972861323480,0.983501372298,0.64502248,0.031396069489,1.140119,1.687725,0.17271292,0,0,chained
0.038000,0.0164956247,0.0113946191,0.69076615,2.9231934156,2.9239030652,-7.0964952529e-04,4.6692165419,271.427828,0.972788694288,0.983501372298,0.64942542,0.031612713603,1.129174,1.653610,0.17388568,0,0,chained
0.038000,0.0164956247,0.0112239314,0.68041869,2.9231906391,2.9239030652,-7.1242605479e-04,4.6626402404,271.045539,0.972723644553,0.983501372298,0.65336887,0.031810257232,1.118381,1.619157,0.17506993,0,0,chained
0.038000,0.0164956247,0.0110550845,0.67018283,2.9231882405,2.9239030652,-7.1482464448e-04,4.6560615181,270.663109,0.972665443288,0.983501372298,0.65689716,0.031990572762,1.107851,1.584645,0.17626629,0,0,chained
0.038000,0.0164956247,0.0108883943,0.66007772,2.9231861728,2.9239030652,-7.1689234784e-04,4.6494807362,270.280559,0.972613452572,0.983501372298,0.66004895,0.032155288915,1.097654,1.550252,0.17747508,0,0,chained
0.038000,0.0164956247,0.0107240928,0.65011741,2.9231843961,2.9239030652,-7.1866904233e-04,4.6428981906,269.897907,0.972567112866,0.983501372298,0.66285816,0.032305830113,1.087837,1.516078,0.17869646,0,0,chained
0.038000,0.0164956247,0.0105623475,0.64031207,2.9231828764,2.9239030652,-7.2018872382e-04,4.6363141260,269.515167,0.972525931066,0.983501372298,0.66535469,0.032443448306,1.078427,1.482165,0.17993046,0,0,chained
0.038000,0.0164956247,0.0104032760,0.63066881,2.9231815846,2.9239030652,-7.2148053387e-04,4.6297287463,269.132350,0.972489470718,0.983501372298,0.66756499,0.032569248930,1.069436,1.448506,0.18117701,0,0,chained
0.038000,0.0164956247,0.0102469568,0.62119241,2.9231804956,2.9239030652,-7.2256958131e-04,4.6231422221,268.749466,0.972457343929,0.983501372298,0.66951259,0.032684212232,1.060869,1.415048,0.18243599,0,0,chained
0.038000,0.0164956247,0.0100934385,0.61188580,2.9231795876,2.9239030652,-7.2347760440e-04,4.6165546975,268.366524,0.972429204651,0.983501372298,0.67121845,0.032789210928,1.052722,1.381695,0.18370722,0,0,chained
0.038000,0.0164956247,0.0099427462,0.60275051,2.9231788417,2.9239030652,-7.2422350816e-04,4.6099662944,267.983532,0.972404743058,0.983501372298,0.67270136,0.032885024897,1.044988,1.348301,0.18499052,0,0,chained
0.038000,0.0164956247,0.0097948869,0.59378696,2.9231782414,2.9239030652,-7.2482380321e-04,4.6033771169,267.600494,0.972383680828,0.983501372298,0.67397820,0.032972353504,1.037655,1.314654,0.18628566,0,0,chained
0.038000,0.0164956247,0.0096498535,0.58499473,2.9231777722,2.9239030652,-7.2529296645e-04,4.5967872541,267.217416,0.972365767143,0.983501372298,0.67506417,0.033051825970,1.030712,1.280446,0.18759242,0,0,chained
0.038000,0.0164956247,0.0095076281,0.57637272,2.9231774214,2.9239030652,-7.2564373915e-04,4.5901967826,266.834303,0.972350775304,0.983501372298,0.67597300,0.033124010162,1.024144,1.245210,0.18891059,0,0,chained
0.038000,0.0164956247,0.0093681846,0.56791936,2.9231771778,2.9239030652,-7.2588737468e-04,4.5836057686,266.451159,0.972338499831,0.983501372298,0.67671717,0.033189420068,1.017936,1.208180,0.19023993,0,0,chained
0.038000,0.0164956247,0.0092314908,0.55963269,2.9231770313,2.9239030652,-7.2603384550e-04,4.5770142696,266.067986,0.972328753986,0.983501372298,0.67730798,0.033248522190,1.012072,1.167927,0.19158022,0,0,chained
0.038000,0.0164956247,0.0090975098,0.55151047,2.9231769732,2.9239030652,-7.2609201681e-04,4.5704223354,265.684788,0.972321367635,0.983501372298,0.67775576,0.033301741033,1.006539,1.121088,0.19293125,0,0,chained
0.038000,0.0164956247,0.0089662015,0.54355029,2.9231769954,2.9239030652,-7.2606979307e-04,4.5638300097,265.301568,0.972316185404,0.983501372298,0.67806992,0.033349463832,1.002650,1.075500,0.19429281,0,0,chained
0.038000,0.0164956247,0.0088375236,0.53574955,2.9231770909,2.9239030652,-7.2597424212e-04,4.5572373309,264.918326,0.972313065078,0.983501372298,0.67825908,0.033392044651,1.005863,1.114304,0.19566469,0,0,chained
0.038000,0.0164956247,0.0087114320,0.52810562,2.9231772535,2.9239030652,-7.2581170066e-04,4.5506443325,264.535066,0.972311876209,0.983501372298,0.67833115,0.033429807937,1.008919,1.142777,0.19704670,0,0,chained
0.038000,0.0164956247,0.0085878822,0.52061576,2.9231774773,2.9239030652,-7.2558786442e-04,4.5440510442,264.151790,0.972312498901,0.983501372298,0.67829340,0.033463051622,1.011821,1.166036,0.19843866,0,0,chained
0.038000,0.0164956247,0.0084668291,0.51327727,2.9231777573,2.9239030652,-7.2530786543e-04,4.5374574923,263.768498,0.972314822739,0.983501372298,0.67815253,0.033492049833,1.014572,1.185906,0.19984039,0,0,chained
0.038000,0.0164956247,0.0083482279,0.50608740,2.9231780888,2.9239030652,-7.2497633847e-04,4.5308637000,263.385192,0.972318745856,0.983501372298,0.67791470,0.033517055275,1.017174,1.203301,0.20125172,0,0,chained
0.038000,0.0164956247,0.0082320340,0.49904348,2.9231784677,2.9239030652,-7.2459747844e-04,4.5242696879,263.001873,0.972324174107,0.983501372298,0.67758563,0.033538301322,1.019633,1.218762,0.20267249,0,0,chained
0.038000,0.0164956247,0.0081182036,0.49214284,2.9231788901,2.9239030652,-7.2417509011e-04,4.5176754745,262.618542,0.972331020335,0.983501372298,0.67717059,0.033556003869,1.021954,1.232646,0.20410255,0,0,chained
0.038000,0.0164956247,0.0080066938,0.48538288,2.9231793525,2.9239030652,-7.2371263129e-04,4.5110810762,262.235201,0.972339203729,0.983501372298,0.67667450,0.033570362967,1.024142,1.245203,0.20554176,0,0,chained
0.038000,0.0164956247,0.0078974625,0.47876105,2.9231798519,2.9239030652,-7.2321325045e-04,4.5044865077,261.851850,0.972348649244,0.983501372298,0.67610189,0.033581564274,1.026203,1.256621,0.20698998,0,0,chained
0.038000,0.0164956247,0.0077904690,0.47227487,2.9231803853,2.9239030652,-7.2267981965e-04,4.4978917823,261.468490,0.972359287091,0.983501372298,0.67545700,0.033589780351,1.028142,1.267045,0.20844708,0,0,chained
0.038000,0.0164956247,0.0076856736,0.46592195,2.9231809502,2.9239030652,-7.2211496338e-04,4.4912969118,261.085121,0.972371052278,0.983501372298,0.67474377,0.033595171814,1.029964,1.276591,0.20991293,0,0,chained
0.038000,0.0164956247,0.0075830379,0.45969995,2.9231815441,2.9239030652,-7.2152108388e-04,4.4847019069,260.701745,0.972383884198,0.983501372298,0.67396587,0.033597888364,1.031675,1.285352,0.21138743,0,0,chained
0.038000,0.0164956247,0.0074825248,0.45360663,2.9231821648,2.9239030652,-7.2090038351e-04,4.4781067772,260.318361,0.972397726267,0.983501372298,0.67312674,0.033598069711,1.033280,1.293410,0.21287046,0,0,chained
0.038000,0.0164956247,0.0073840984,0.44763982,2.9231828103,2.9239030652,-7.2025488445e-04,4.4715115316,259.934970,0.972412525585,0.983501372298,0.67222957,0.033595846406,1.034785,1.300831,0.21436191,0,0,chained
0.038000,0.0164956247,0.0072877244,0.44179742,2.9231834787,2.9239030652,-7.1958644619e-04,4.4649161778,259.551574,0.972428232647,0.983501372298,0.67127738,0.033591340586,1.036195,1.307674,0.21586170,0,0,chained
0.038000,0.0164956247,0.0071933694,0.43607742,2.9231841684,2.9239030652,-7.1889678100e-04,4.4583207230,259.168171,0.972444801067,0.983501372298,0.67027296,0.033584666648,1.037515,1.313989,0.21736972,0,0,chained
0.038000,0.0164956247,0.0071010018,0.43047790,2.9231848777,2.9239030652,-7.1818746775e-04,4.4517251739,258.784763,0.972462187336,0.983501372298,0.66921897,0.033575931859,1.038750,1.319821,0.21888589,0,0,chained
0.038000,0.0164956247,0.0070105909,0.42499699,2.9231856052,2.9239030652,-7.1745996419e-04,4.4451295362,258.401350,0.972480350605,0.983501372298,0.66811787,0.033565236905,1.039904,1.325210,0.22041012,0,0,chained
0.038000,0.0164956247,0.0069221075,0.41963294,2.9231863496,2.9239030652,-7.1671561791e-04,4.4385338155,258.017931,0.972499252480,0.983501372298,0.66697200,0.033552676391,1.040981,1.330191,0.22194234,0,0,chained
0.038000,0.0164956247,0.0068355234,0.41438403,2.9231871095,2.9239030652,-7.1595567618e-04,4.4319380167,257.634509,0.972518856844,0.983501372298,0.66578354,0.033538339299,1.041987,1.334798,0.22348247,0,0,chained
0.038000,0.0164956247,0.0067508120,0.40924864,2.9231878839,2.9239030652,-7.1518129471e-04,4.4253421444,257.251082,0.972539129690,0.983501372298,0.66455456,0.033522309396,1.042926,1.339058,0.22503043,0,0,chained
0.038000,0.0164956247,0.0066679474,0.40422521,2.9231886716,2.9239030652,-7.1439354565e-04,4.4187462026,256.867651,0.972560038968,0.983501372298,0.66328699,0.033504665612,1.043801,1.343000,0.22658617,0,0,chained
0.038000,0.0164956247,0.0065869053,0.39931227,2.9231894717,2.9239030652,-7.1359342460e-04,4.4121501953,256.484216,0.972581554447,0.983501372298,0.66198268,0.033485482387,1.044616,1.346646,0.22814962,0,0,chained
0.038000,0.0164956247,0.0065076622,0.39450838,2.9231902833,2.9239030652,-7.1278185710e-04,4.4055541260,256.100778,0.972603647593,0.983501372298,0.66064335,0.033464829983,1.045375,1.350020,0.22972072,0,0,chained
0.038000,0.0164956247,0.0064301957,0.38981220,2.9231911055,2.9239030652,-7.1195970440e-04,4.3989579979,255.717336,0.972626291446,0.983501372298,0.65927063,0.033442774770,1.046082,1.353143,0.23129941,0,0,chained
0.038000,0.0164956247,0.0063544847,0.38522244,2.9231919374,2.9239030652,-7.1112776867e-04,4.3923618140,255.333891,0.972649460521,0.983501372298,0.65786607,0.033419379494,1.046739,1.356033,0.23288564,0,0,chained
0.038000,0.0164956247,0.0062805088,0.38073786,2.9231927784,2.9239030652,-7.1028679780e-04,4.3857655772,254.950443,0.972673130703,0.983501372298,0.65643113,0.033394703517,1.047351,1.358708,0.23447936,0,0,chained
0.038000,0.0164956247,0.0062082487,0.37635729,2.9231936277,2.9239030652,-7.0943748965e-04,4.3791692901,254.566992,0.972697279164,0.983501372298,0.65496720,0.033368803042,1.047920,1.361185,0.23608052,0,0,chained
0.038000,0.0164956247,0.0061376859,0.37207963,2.9231944847,2.9239030652,-7.0858049599e-04,4.3725729550,254.183538,0.972721884274,0.983501372298,0.65347559,0.033341731314,1.048449,1.363480,0.23768906,0,0,chained
0.038000,0.0164956247,0.0060688028,0.36790379,2.9231953487,2.9239030652,-7.0771642603e-04,4.3659765743,253.800082,0.972746925531,0.983501372298,0.65195753,0.033313538814,1.048941,1.365608,0.23930496,0,0,chained
0.038000,0.0164956247,0.0060015828,0.36382877,2.9231962193,2.9239030652,-7.0684584970e-04,4.3593801500,253.416623,0.972772383483,0.983501372298,0.65041422,0.033284273431,1.049400,1.367581,0.24092817,0,0,chained
0.038000,0.0164956247,0.0059360098,0.35985359,2.9231970959,2.9239030652,-7.0596930058e-04,4.3527836842,253.033161,0.972798239671,0.983501372298,0.64884676,0.033253980624,1.049827,1.369413,0.24255864,0,0,chained
0.038000,0.0164956247,0.0058720688,0.35597735,2.9231979779,2.9239030652,-7.0508727857e-04,4.3461871787,252.649697,0.972824476561,0.983501372298,0.64725622,0.033222703571,1.050225,1.371117,0.24419635,0,0,chained
0.038000,0.0164956247,0.0058097451,0.35219915,2.9231988649,2.9239030652,-7.0420025244e-04,4.3395906353,252.266232,0.972851077492,0.983501372298,0.64564362,0.033190483306,1.050596,1.372702,0.24584126,0,0,chained
0.038000,0.0164956247,0.0057490255,0.34851821,2.9231997565,2.9239030652,-7.0330866191e-04,4.3329940556,251.882764,0.972878026715,0.983501372298,0.64400990,0.033157358606,1.050944,1.374182,0.24749333,0,0,chained
0.038000,0.0164956247,0.0056898956,0.34493362,2.9232006522,2.9239030652,-7.0241292022e-04,4.3263974413,251.499293,0.972905308975,0.983501372298,0.64235599,0.033123367107,1.051269,1.375565,0.24915253,0,0,chained
0.038000,0.0164956247,0.0056323433,0.34144468,2.9232015518,2.9239030652,-7.0151341522e-04,4.3198007938,251.115821,0.972932910030,0.983501372298,0.64068275,0.033088543879,1.051576,1.376862,0.25081884,0,0,chained
0.038000,0.0164956247,0.0055763565,0.33805064,2.9232024547,2.9239030652,-7.0061051172e-04,4.3132041147,250.732348,0.972960816227,0.983501372298,0.63899102,0.033052922582,1.051864,1.378081,0.25249223,0,0,chained
0.038000,0.0164956247,0.0055219237,0.33475081,2.9232033606,2.9239030652,-6.9970455297e-04,4.3066074052,250.348872,0.972989014559,0.983501372298,0.63728158,0.033016535285,1.052137,1.379233,0.25417266,0,0,chained
0.038000,0.0164956247,0.0054690336,0.33154450,2.9232042693,2.9239030652,-6.9879586211e-04,4.3000106667,249.965395,0.973017492630,0.983501372298,0.63555518,0.032979412560,1.052396,1.380325,0.25586012,0,0,chained
0.038000,0.0164956247,0.0054176755,0.32843106,2.9232051804,2.9239030652,-6.9788474350e-04,4.2934139005,249.581916,0.973046238620,0.983501372298,0.63381253,0.032941583566,1.052643,1.381365,0.25755458,0,0,chained
0.038000,0.0164956247,0.0053678390,0.32540987,2.9232060937,2.9239030652,-6.9697148405e-04,4.2868171078,249.198436,0.973075241258,0.983501372298,0.63205433,0.032903076123,1.052881,1.382362,0.25925602,0,0,chained
0.038000,0.0164956247,0.0053195140,0.32248030,2.9232070088,2.9239030652,-6.9605635433e-04,4.2802202898,248.814954,0.973104489787,0.983501372298,0.63028122,0.032863916785,1.053110,1.383322,0.26096442,0,0,chained
0.038000,0.0164956247,0.0052726908,0.31964178,2.9232079256,2.9239030652,-6.9513960965e-04,4.2736234477,248.431470,0.973133973940,0.983501372298,0.62849383,0.032824130912,1.053332,1.384252,0.26267976,0,0,chained
0.038000,0.0164956247,0.0052273597,0.31689371,2.9232088437,2.9239030652,-6.9422149107e-04,4.2670265827,248.047986,0.973163683910,0.983501372298,0.62669275,0.032783742728,1.053549,1.385161,0.26440202,0,0,chained
0.038000,0.0164956247,0.0051835115,0.31423554,2.9232097629,2.9239030652,-6.9330222634e-04,4.2604296957,247.664500,0.973193610334,0.983501372298,0.62487855,0.032742775382,1.053763,1.386053,0.26613118,0,0,chained
0.038000,0.0164956247,0.0051411371,0.31166671,2.9232106831,2.9239030652,-6.9238203070e-04,4.2538327879,247.281013,0.973223744260,0.983501372298,0.62305176,0.032701251004,1.053975,1.386935,0.26786722,0,0,chained
0.038000,0.0164956247,0.0051002273,0.30918667,2.9232116041,2.9239030652,-6.9146110771e-04,4.2472358604,246.897524,0.973254077135,0.983501372298,0.62121292,0.032659190758,1.054186,1.387813,0.26961014,0,0,chained
0.038000,0.0164956247,0.0050607732,0.30679488,2.9232125255,2.9239030652,-6.9053965000e-04,4.2406389141,246.514035,0.973284600779,0.983501372298,0.61936251,0.032616614891,1.054397,1.388693,0.27135991,0,0,chained
0.038000,0.0164956247,0.0050227659,0.30449079,2.9232134473,2.9239030652,-6.8961783991e-04,4.2340419502,246.130545,0.973315307370,0.983501372298,0.61750101,0.032573542774,1.054611,1.389581,0.27311652,0,0,chained
0.038000,0.0164956247,0.0049861965,0.30227388,2.9232143693,2.9239030652,-6.8869585017e-04,4.2274449695,245.747053,0.973346189423,0.983501372298,0.61562887,0.032529992952,1.054828,1.390481,0.27487997,0,0,chained
0.038000,0.0164956247,0.0049510562,0.30014360,2.9232152913,2.9239030652,-6.8777384446e-04,4.2208479732,245.363561,0.973377239776,0.983501372298,0.61374654,0.032485983182,1.055050,1.391399,0.27665023,0,0,chained
0.038000,0.0164956247,0.0049173360,0.29809941,2.9232162132,2.9239030652,-6.8685197798e-04,4.2142509622,244.980068,0.973408451574,0.983501372298,0.61185441,0.032441530469,1.055277,1.392339,0.27842730,0,0,chained
0.038000,0.0164956247,0.0048850268,0.29614076,2.9232171348,2.9239030652,-6.8593039796e-04,4.2076539374,244.596574,0.973439818254,0.983501372298,0.60995290,0.032396651103,1.055512,1.393306,0.28021117,0,0,chained
0.038000,0.0164956247,0.0048541195,0.29426709,2.9232180559,2.9239030652,-6.8500924415e-04,4.2010568998,244.213079,0.973471333531,0.983501372298,0.60804237,0.032351360697,1.055754,1.394305,0.28200182,0,0,chained
0.038000,0.0164956247,0.0048246048,0.29247785,2.9232189765,2.9239030652,-6.8408864925e-04,4.1944598504,243.829584,0.973502991386,0.983501372298,0.60612321,0.032305674212,1.056006,1.395340,0.28379925,0,0,chained
0.038000,0.0164956247,0.0047964732,0.29077245,2.9232198964,2.9239030652,-6.8316873934e-04,4.1878627900,243.446088,0.973534786050,0.983501372298,0.60419574,0.032259605993,1.056267,1.396415,0.28560345,0,0,chained
0.038000,0.0164956247,0.0047697151,0.28915032,2.9232208155,2.9239030652,-6.8224963428e-04,4.1812657197,243.062592,0.973566711998,0.983501372298,0.60226033,0.032213169794,1.056540,1.397534,0.28741442,0,0,chained
0.038000,0.0164956247,0.0047443205,0.28761084,2.9232217337,2.9239030652,-6.8133144806e-04,4.1746686403,242.679094,0.973598763936,0.983501372298,0.60031727,0.032166378805,1.056825,1.398701,0.28923214,0,0,chained
0.038000,0.0164956247,0.0047202794,0.28615342,2.9232226509,2.9239030652,-6.8041428916e-04,4.1680715526,242.295597,0.973630936786,0.983501372298,0.59836688,0.032119245681,1.057123,1.399918,0.29105662,0,0,chained
0.038000,0.0164956247,0.0046975813,0.28477741,2.9232235669,2.9239030652,-6.7949826086e-04,4.1614744577,241.912099,0.973663225684,0.983501372298,0.59640946,0.032071782560,1.057435,1.401190,0.29288783,0,0,chained
0.038000,0.0164956247,0.0046762155,0.28348217,2.9232244817,2.9239030652,-6.7858346155e-04,4.1548773564,241.528601,0.973695625964,0.983501372298,0.59444529,0.032024001092,1.057761,1.402520,0.29472579,0,0,chained
0.038000,0.0164956247,0.0046561710,0.28226703,2.9232253952,2.9239030652,-6.7766998501e-04,4.1482802495,241.145102,0.973728133155,0.983501372298,0.59247463,0.031975912456,1.058103,1.403911,0.29657049,0,0,chained
0.038000,0.0164956247,0.0046374367,0.28113132,2.9232263072,2.9239030652,-6.7675792068e-04,4.1416831379,240.761603,0.973760742966,0.983501372298,0.59049775,0.031927527381,1.058462,1.405366,0.29842192,0,0,chained
0.038000,0.0164956247,0.0046200008,0.28007431,2.9232272178,2.9239030652,-6.7584735391e-04,4.1350860225,240.378104,0.973793451286,0.983501372298,0.58851491,0.031878856168,1.058838,1.406887,0.30028007,0,0,chained
0.038000,0.0164956247,0.0046038514,0.27909530,2.9232281268,2.9239030652,-6.7493836618e-04,4.1284889040,239.994604,0.973826254167,0.983501372298,0.58652632,0.031829908704,1.059232,1.408477,0.30214496,0,0,chained
0.038000,0.0164956247,0.0045889763,0.27819354,2.9232290341,2.9239030652,-6.7403103536e-04,4.1218917832,239.611105,0.973859147828,0.983501372298,0.58453224,0.031780694484,1.059644,1.410139,0.30401657,0,0,chained
0.038000,0.0164956247,0.0045753628,0.27736826,2.9232299397,2.9239030652,-6.7312543587e-04,4.1152946611,239.227605,0.973892128639,0.983501372298,0.58253287,0.031731222624,1.060076,1.411875,0.30589490,0,0,chained
0.038000,0.0164956247,0.0045629980,0.27661868,2.9232308435,2.9239030652,-6.7222163891e-04,4.1086975382,238.844106,0.973925193120,0.983501372298,0.58052843,0.031681501876,1.060528,1.413686,0.30777995,0,0,chained
0.038000,0.0164956247,0.0045518686,0.27594399,2.9232317455,2.9239030652,-6.7131971264e-04,4.1021004154,238.460606,0.973958337930,0.983501372298,0.57851912,0.031631540648,1.061001,1.415576,0.30967172,0,0,chained
0.038000,0.0164956247,0.0045419610,0.27534337,2.9232326454,2.9239030652,-6.7041972235e-04,4.0955032935,238.077107,0.973991559868,0.983501372298,0.57650514,0.031581347011,1.061495,1.417546,0.31157022,0,0,chained
0.038000,0.0164956247,0.0045332612,0.27481597,2.9232335434,2.9239030652,-6.6952173062e-04,4.0889061731,237.693607,0.974024855863,0.983501372298,0.57448667,0.031530928718,1.062011,1.419598,0.31347543,0,0,chained
0.038000,0.0164956247,0.0045257550,0.27436093,2.9232344394,2.9239030652,-6.6862579749e-04,4.0823090549,237.310108,0.974058222967,0.983501372298,0.57246388,0.031480293213,1.062550,1.421733,0.31538737,0,0,chained
0.038000,0.0164956247,0.0045194278,0.27397736,2.9232353332,2.9239030652,-6.6773198059e-04,4.0757119396,236.926609,0.974091658357,0.983501372298,0.57043696,0.031429447646,1.063111,1.423952,0.31730603,0,0,chained
0.038000,0.0164956247,0.0045142647,0.27366437,2.9232362248,2.9239030652,-6.6684033532e-04,4.0691148279,236.543110,0.974125159322,0.983501372298,0.56840606,0.031378398883,1.063697,1.426258,0.31923141,0,0,chained
0.038000,0.0164956247,0.0045102506,0.27342102,2.9232371143,2.9239030652,-6.6595091491e-04,4.0625177204,236.159611,0.974158723266,0.983501372298,0.56637134,0.031327153515,1.064306,1.428651,0.32116352,0,0,chained
0.038000,0.0164956247,0.0045073700,0.27324640,2.9232380014,2.9239030652,-6.6506377062e-04,4.0559206176,235.776112,0.974192347698,0.983501372298,0.56433295,0.031275717872,1.064940,1.431133,0.32310236,0,0,chained
0.038000,0.0164956247,0.0045056073,0.27313954,2.9232388862,2.9239030652,-6.6417895182e-04,4.0493235202,235.392614,0.974226030230,0.983501372298,0.56229105,0.031224098033,1.065599,1.433704,0.32504793,0,0,chained
0.038000,0.0164956247,0.0045049466,0.27309948,2.9232397687,2.9239030652,-6.6329650610e-04,4.0427264288,235.009117,0.974259768576,0.983501372298,0.56024576,0.031172299830,1.066283,1.436365,0.32700024,0,0,chained
0.038000,0.0164956247,0.0045053717,0.27312526,2.9232406487,2.9239030652,-6.6241647939e-04,4.0361293438,234.625619,0.974293560542,0.983501372298,0.55819721,0.031120328864,1.066994,1.439117,0.32895928,0,1,chained
0.038000,0.0164956247,0.0045068664,0.27321587,2.9232415263,2.9239030652,-6.6153891606e-04,4.0295322657,234.242122,0.974327404029,0.983501372298,0.55614555,0.031068190509,1.067731,1.441961,0.33092506,0,0,chained
0.038000,0.0164956247,0.0045094141,0.27337032,2.9232424013,2.9239030652,-6.6066385904e-04,4.0229351952,233.858626,0.974361297025,0.983501372298,0.55409088,0.031015889920,1.068494,1.444898,0.33289760,0,0,chained
0.038000,0.0164956247,0.0045129983,0.27358760,2.9232432738,2.9239030652,-6.5979134984e-04,4.0163381325,233.475129,0.974395237606,0.983501372298,0.55203333,0.030963432046,1.069285,1.447927,0.33487688,0,0,chained
0.038000,0.0164956247,0.0045176022,0.27386669,2.9232441437,2.9239030652,-6.5892142872e-04,4.0097410781,233.091634,0.974429223928,0.983501372298,0.54997301,0.030910821631,1.070103,1.451048,0.33686291,0,0,chained
0.038000,0.0164956247,0.0045232089,0.27420658,2.9232450110,2.9239030652,-6.5805413474e-04,4.0031440325,232.708139,0.974463254227,0.983501372298,0.54791002,0.030858063224,1.070948,1.454263,0.33885571,0,0,chained
0.038000,0.0164956247,0.0045298015,0.27460624,2.9232458757,2.9239030652,-6.5718950582e-04,3.9965469960,232.324644,0.974497326817,0.983501372298,0.54584447,0.030805161186,1.071822,1.457572,0.34085528,0,0,chained
0.038000,0.0164956247,0.0045373630,0.27506464,2.9232467376,2.9239030652,-6.5632757885e-04,3.9899499690,231.941150,0.974531440085,0.983501372298,0.54377645,0.030752119697,1.072724,1.460973,0.34286162,0,0,chained
0.038000,0.0164956247,0.0045458764,0.27558074,2.9232475968,2.9239030652,-6.5546838975e-04,3.9833529518,231.557657,0.974565592491,0.983501372298,0.54170606,0.030698942761,1.073655,1.464468,0.34487474,0,0,chained
0.038000,0.0164956247,0.0045553247,0.27615351,2.9232484532,2.9239030652,-6.5461197351e-04,3.9767559448,231.174164,0.974599782563,0.983501372298,0.53963338,0.030645634210,1.074615,1.468056,0.34689464,0,0,chained
0.038000,0.0164956247,0.0045656908,0.27678193,2.9232493068,2.9239030652,-6.5375836434e-04,3.9701589481,230.790671,0.974634008896,0.983501372298,0.53755851,0.030592197715,1.075603,1.471737,0.34892134,0,0,chained
0.038000,0.0164956247,0.0045769578,0.27746496,2.9232501576,2.9239030652,-6.5290759562e-04,3.9635619621,230.407180,0.974668270151,0.983501372298,0.53548152,0.030538636786,1.076621,1.475511,0.35095484,0,0,chained
0.038000,0.0164956247,0.0045891088,0.27820158,2.9232510055,2.9239030652,-6.5205970005e-04,3.9569649871,230.023689,0.974702565050,0.983501372298,0.53340249,0.030484954781,1.077668,1.479377,0.35299515,0,0,chained
0.038000,0.0164956247,0.0046021269,0.27899076,2.9232518505,2.9239030652,-6.5121470969e-04,3.9503680231,229.640198,0.974736892376,0.983501372298,0.53132149,0.030431154907,1.078746,1.483334,0.35504228,0,0,chained
0.038000,0.0164956247,0.0046159954,0.27983150,2.9232526925,2.9239030652,-6.5037265598e-04,3.9437710705,229.256709,0.974771250971,0.983501372298,0.52923860,0.030377240230,1.079852,1.487383,0.35709623,0,0,chained
0.038000,0.0164956247,0.0046306978,0.28072279,2.9232535316,2.9239030652,-6.4953356983e-04,3.9371741294,228.873220,0.974805639735,0.983501372298,0.52715388,0.030323213673,1.080989,1.491522,0.35915702,0,0,chained
0.038000,0.0164956247,0.0046462174,0.28166362,2.9232543677,2.9239030652,-6.4869748168e-04,3.9305772000,228.489731,0.974840057620,0.983501372298,0.52506739,0.030269078026,1.082156,1.495752,0.36122465,0,0,chained
0.038000,0.0164956247,0.0046625381,0.28265302,2.9232552007,2.9239030652,-6.4786442150e-04,3.9239802824,228.106244,0.974874503633,0.983501372298,0.52297920,0.030214835949,1.083353,1.500071,0.36329914,0,0,chained
0.038000,0.0164956247,0.0046796436,0.28368999,2.9232560307,2.9239030652,-6.4703441890e-04,3.9173833768,227.722757,0.974908976834,0.983501372298,0.52088936,0.030160489971,1.084580,1.504478,0.36538049,0,0,chained
0.038000,0.0164956247,0.0046975181,0.28477358,2.9232568577,2.9239030652,-6.4620750314e-04,3.9107864832,227.339270,0.974943476331,0.983501372298,0.51879793,0.030106042501,1.085838,1.508973,0.36746871,0,0,chained
0.038000,0.0164956247,0.0047161458,0.28590283,2.9232576815,2.9239030652,-6.4538370319e-04,3.9041896017,226.955785,0.974978001283,0.983501372298,0.51670495,0.030051495827,1.087125,1.513554,0.36956382,0,0,chained
0.038000,0.0164956247,0.0047355113,0.28707681,2.9232585021,2.9239030652,-6.4456304777e-04,3.8975927325,226.572300,0.975012550893,0.983501372298,0.51461048,0.029996852119,1.088443,1.518222,0.37166583,0,0,chained
0.038000,0.0164956247,0.0047555991,0.28829457,2.9232593196,2.9239030652,-6.4374556537e-04,3.8909958756,226.188816,0.975047124414,0.983501372298,0.51251456,0.029942113436,1.089792,1.522974,0.37377474,0,0,chained
0.038000,0.0164956247,0.0047763943,0.28955523,2.9232601339,2.9239030652,-6.4293128436e-04,3.8843990310,225.805332,0.975081721140,0.983501372298,0.51041724,0.029887281727,1.091171,1.527810,0.37589058,0,0,chained
0.038000,0.0164956247,0.0047978822,0.29085787,2.9232609449,2.9239030652,-6.4212023294e-04,3.8778021988,225.421850,0.975116340411,0.983501372298,0.50831854,0.029832358832,1.092580,1.532728,0.37801334,0,0,chained
0.038000,0.0164956247,0.0048200482,0.29220161,2.9232617527,2.9239030652,-6.4131243926e-04,3.8712053790,225.038368,0.975150981609,0.983501372298,0.50621852,0.029777346488,1.094019,1.537728,0.38014305,0,0,chained
0.038000,0.0164956247,0.0048428780,0.29358561,2.9232625572,2.9239030652,-6.4050793140e-04,3.8646085717,224.654886,0.975185644156,0.983501372298,0.50411720,0.029722246330,1.095489,1.542809,0.38227972,0,0,chained
0.038000,0.0164956247,0.0048663579,0.29500901,2.9232633584,2.9239030652,-6.3970673744e-04,3.8580117768,224.271406,0.975220327514,0.983501372298,0.50201462,0.029667059896,1.096988,1.547968,0.38442335,0,0,chained
0.038000,0.0164956247,0.0048904740,0.29647098,2.9232641563,2.9239030652,-6.3890888550e-04,3.8514149944,223.887926,0.975255031186,0.983501372298,0.49991081,0.029611788625,1.098518,1.553205,0.38657398,0,0,chained
0.038000,0.0164956247,0.0049152131,0.29797072,2.9232649508,2.9239030652,-6.3811440375e-04,3.8448182244,223.504447,0.975289754712,0.983501372298,0.49780580,0.029556433863,1.100077,1.558519,0.38873160,0,0,chained
0.038000,0.0164956247,0.0049405621,0.29950743,2.9232657418,2.9239030652,-6.3732332046e-04,3.8382214668,223.120968,0.975324497668,0.983501372298,0.49569960,0.029500996865,1.101666,1.563908,0.39089623,0,0,chained
0.038000,0.0164956247,0.0049665083,0.30108034,2.9232665295,2.9239030652,-6.3653566405e-04,3.8316247217,222.737491,0.975359259667,0.983501372298,0.49359226,0.029445478796,1.103284,1.569370,0.39306789,0,0,chained
0.038000,0.0164956247,0.0049930392,0.30268870,2.9232673137,2.9239030652,-6.3575146311e-04,3.8250279889,222.354014,0.975394040360,0.983501372298,0.49148378,0.029389880733,1.104932,1.574904,0.39524659,0,0,chained
0.038000,0.0164956247,0.0050201428,0.30433178,2.9232680944,2.9239030652,-6.3497074641e-04,3.8184312686,221.970538,0.975428839428,0.983501372298,0.48937418,0.029334203667,1.106608,1.580510,0.39743235,0,0,chained
0.038000,0.0164956247,0.0050478073,0.30600886,2.9232688716,2.9239030652,-6.3419354298e-04,3.8118345605,221.587062,0.975463656590,0.983501372298,0.48726349,0.029278448506,1.108314,1.586184,0.39962519,0,0,chained
0.038000,0.0164956247,0.0050760211,0.30771924,2.9232696453,2.9239030652,-6.3341988213e-04,3.8052378648,221.203587,0.975498491596,0.983501372298,0.48515172,0.029222616077,1.110048,1.591926,0.40182512,0,0,chained
0.038000,0.0164956247,0.0051047732,0.30946225,2.9232704154,2.9239030652,-6.3264979345e-04,3.7986411813,220.820113,0.975533344229,0.983501372298,0.48303888,0.029166707126,1.111810,1.597734,0.40403216,0,0,chained
0.038000,0.0164956247,0.0051340527,0.31123724,2.9232711819,2.9239030652,-6.3188330689e-04,3.7920445100,220.436640,0.975568214303,0.983501372298,0.48092498,0.029110722318,1.113600,1.603607,0.40624632,0,0,chained
0.038000,0.0164956247,0.0051638491,0.31304356,2.9232719447,2.9239030652,-6.3112045275e-04,3.7854478510,220.053167,0.975603101666,0.983501372298,0.47881003,0.029054662246,1.115418,1.609542,0.40846763,0,0,chained
0.038000,0.0164956247,0.0051941523,0.31488060,2.9232727039,2.9239030652,-6.3036126176e-04,3.7788512040,219.669695,0.975638006193,0.983501372298,0.47669405,0.028998527421,1.117263,1.615537,0.41069609,0,0,chained
0.038000,0.0164956247,0.0052249523,0.31674777,2.9232734594,2.9239030652,-6.2960576505e-04,3.7722545692,219.286224,0.975672927790,0.983501372298,0.47457703,0.028942318285,1.119135,1.621592,0.41293174,0,0,chained
0.038000,0.0164956247,0.0052562396,0.31864447,2.9232742112,2.9239030652,-6.2885399425e-04,3.7656579464,218.902754,0.975707866396,0.983501372298,0.47245897,0.028886035205,1.121033,1.627705,0.41517459,0,0,chained
0.038000,0.0164956247,0.0052880050,0.32057016,2.9232749592,2.9239030652,-6.2810598148e-04,3.7590613356,218.519284,0.975742821974,0.983501372298,0.47033989,0.028829678474,1.122958,1.633872,0.41742466,0,0,chained
0.038000,0.0164956247,0.0053202396,0.32252428,2.9232757034,2.9239030652,-6.2736175938e-04,3.7524647368,218.135815,0.975777794518,0.983501372298,0.46821978,0.028773248318,1.124907,1.640093,0.41968197,0,0,chained
0.038000,0.0164956247,0.0053529347,0.32450633,2.9232764438,2.9239030652,-6.2662136119e-04,3.7458681500,217.752346,0.975812784051,0.983501372298,0.46609864,0.028716744891,1.126882,1.646366,0.42194654,0,0,chained
0.038000,0.0164956247,0.0053860821,0.32651580,2.9232771803,2.9239030652,-6.2588482072e-04,3.7392715750,217.368878,0.975847790621,0.983501372298,0.46397647,0.028660168278,1.128881,1.652688,0.42421839,0,0,chained
0.038000,0.0164956247,0.0054196737,0.32855220,2.9232779130,2.9239030652,-6.2515217242e-04,3.7326750119,216.985411,0.975882814308,0.983501372298,0.46185326,0.028603518497,1.130905,1.659057,0.42649755,0,0,chained
0.038000,0.0164956247,0.0054537020,0.33061506,2.9232786417,2.9239030652,-6.2442345141e-04,3.7260784606,216.601945,0.975917855214,0.983501372298,0.45972900,0.028546795500,1.132951,1.665472,0.42878403,0,0,chained
0.038000,0.0164956247,0.0054881594,0.33270395,2.9232793665,2.9239030652,-6.2369869352e-04,3.7194819212,216.218479,0.975952913470,0.983501372298,0.45760370,0.028489999171,1.135021,1.671930,0.43107787,0,0,chained
0.038000,0.0164956247,0.0055230390,0.33481842,2.9232800872,2.9239030652,-6.2297793530e-04,3.7128853935,215.835014,0.975987989234,0.983501372298,0.45547733,0.028433129331,1.137112,1.678429,0.43337907,0,0,chained
0.038000,0.0164956247,0.0055583338,0.33695807,2.9232808040,2.9239030652,-6.2226121408e-04,3.7062888776,215.451550,0.976023082689,0.983501372298,0.45334989,0.028376185733,1.139225,1.684966,0.43568767,0,0,chained
0.038000,0.0164956247,0.0055940375,0.33912250,2.9232815166,2.9239030652,-6.2154856799e-04,3.6996923734,215.068086,0.976058194044,0.983501372298,0.45122136,0.028319168069,1.141358,1.691539,0.43800370,0,0,chained
0.038000,0.0164956247,0.0056301437,0.34131134,2.9232822251,2.9239030652,-6.2084003602e-04,3.6930958810,214.684623,0.976093323534,0.983501372298,0.44909174,0.028262075967,1.143512,1.698146,0.44032717,0,0,chained
0.038000,0.0164956247,0.0056666465,0.34352421,2.9232829295,2.9239030652,-6.2013565801e-04,3.6864994002,214.301161,0.976128471421,0.983501372298,0.44696100,0.028204908989,1.145684,1.704784,0.44265811,0,0,chained
0.038000,0.0164956247,0.0057035403,0.34576079,2.9232836297,2.9239030652,-6.1943547476e-04,3.6799029312,213.917699,0.976163637988,0.983501372298,0.44482913,0.028147666639,1.147875,1.711451,0.44499655,0,0,chained
0.038000,0.0164956247,0.0057408196,0.34802074,2.9232843256,2.9239030652,-6.1873952798e-04,3.6733064739,213.534238,0.976198823548,0.983501372298,0.44269610,0.028090348355,1.150084,1.718144,0.44734252,0,0,chained
0.038000,0.0164956247,0.0057784793,0.35030376,2.9232850173,2.9239030652,-6.1804786040e-04,3.6667100283,213.150778,0.976234028436,0.983501372298,0.44056191,0.028032953515,1.152308,1.724860,0.44969604,0,0,chained
0.038000,0.0164956247,0.0058165146,0.35260954,2.9232857047,2.9239030652,-6.1736051579e-04,3.6601135945,212.767319,0.976269253012,0.983501372298,0.43842652,0.027975481435,1.154549,1.731596,0.45205715,0,0,chained
0.038000,0.0164956247,0.0058549208,0.35493780,2.9232863876,2.9239030652,-6.1667753899e-04,3.6535171723,212.383860,0.976304497663,0.983501372298,0.43628991,0.027917931369,1.156804,1.738349,0.45442587,0,0,chained
0.038000,0.0164956247,0.0058936936,0.35728829,2.9232870662,2.9239030652,-6.1599897594e-04,3.6469207620,212.000402,0.976339762799,0.983501372298,0.43415206,0.027860302510,1.159072,1.745118,0.45680223,0,0,chained
0.038000,0.0164956247,0.0059328289,0.35966076,2.9232877403,2.9239030652,-6.1532487377e-04,3.6403243634,211.616944,0.976375048855,0.983501372298,0.43201295,0.027802593991,1.161353,1.751897,0.45918626,0,0,chained
0.038000,0.0164956247,0.0059723229,0.36205497,2.9232884099,2.9239030652,-6.1465528081e-04,3.6337279767,211.233487,0.976410356291,0.983501372298,0.42987254,0.027744804881,1.163646,1.758684,0.46157799,0,0,chained
0.038000,0.0164956247,0.0060121720,0.36447070,2.9232890749,2.9239030652,-6.1399024664e-04,3.6271316019,210.850031,0.976445685592,0.983501372298,0.42773080,0.027686934191,1.165948,1.765476,0.46397747,0,0,chained
0.038000,0.0164956247,0.0060523727,0.36690776,2.9232897353,2.9239030652,-6.1332982213e-04,3.6205352389,210.466576,0.976481037266,0.983501372298,0.42558770,0.027628980869,1.168259,1.772270,0.46638471,0,0,chained
0.038000,0.0164956247,0.0060929221,0.36936595,2.9232903911,2.9239030652,-6.1267405951e-04,3.6139388880,210.083121,0.976516411849,0.983501372298,0.42344322,0.027570943802,1.170577,1.779060,0.46879975,0,0,chained
0.038000,0.0164956247,0.0061338171,0.37184509,2.9232910422,2.9239030652,-6.1202301241e-04,3.6073425491,209.699667,0.976551809899,0.983501372298,0.42129732,0.027512821816,1.172902,1.785845,0.47122264,0,0,chained
0.038000,0.0164956247,0.0061750552,0.37434504,2.9232916884,2.9239030652,-6.1137673590e-04,3.6007462222,209.316214,0.976587232001,0.983501372298,0.41914995,0.027454613674,1.175231,1.792620,0.47365340,0,0,chained
0.038000,0.0164956247,0.0062166340,0.37686563,2.9232923299,2.9239030652,-6.1073528656e-04,3.5941499076,208.932761,0.976622678764,0.983501372298,0.41700109,0.027396318077,1.177564,1.799381,0.47609206,0,0,chained
0.038000,0.0164956247,0.0062585512,0.37940674,2.9232929664,2.9239030652,-6.1009872254e-04,3.5875536052,208.549309,0.976658150823,0.983501372298,0.41485070,0.027337933664,1.179898,1.806123,0.47853868,0,0,chained
0.038000,0.0164956247,0.0063008049,0.38196825,2.9232935981,2.9239030652,-6.0946710359e-04,3.5809573151,208.165858,0.976693648839,0.983501372298,0.41269874,0.027279459012,1.182232,1.812843,0.48099328,0,0,chained
0.038000,0.0164956247,0.0063433934,0.38455006,2.9232942247,2.9239030652,-6.0884049113e-04,3.5743610375,207.782407,0.976729173497,0.983501372298,0.41054516,0.027220892634,1.184563,1.819536,0.48345591,0,0,chained
0.038000,0.0164956247,0.0063863151,0.38715206,2.9232948462,2.9239030652,-6.0821894834e-04,3.5677647724,207.398958,0.976764725509,0.983501372298,0.40838992,0.027162232977,1.186892,1.826197,0.48592661,0,0,chained
0.038000,0.0164956247,0.0064295687,0.38977419,2.9232954626,2.9239030652,-6.0760254019e-04,3.5611685200,207.015509,0.976800305615,0.983501372298,0.40623297,0.027103478427,1.189214,1.832822,0.48840542,0,0,chained
0.038000,0.0164956247,0.0064731531,0.39241637,2.9232960738,2.9239030652,-6.0699133350e-04,3.5545722804,206.632060,0.976835914579,0.983501372298,0.40407428,0.027044627301,1.191529,1.839404,0.49089237,0,0,chained
0.038000,0.0164956247,0.0065170675,0.39507855,2.9232966798,2.9239030652,-6.0638539706e-04,3.5479760536,206.248613,0.976871553191,0.983501372298,0.40191379,0.026985677854,1.193834,1.845939,0.49338752,0,0,chained
0.038000,0.0164956247,0.0065613112,0.39776070,2.9232972804,2.9239030652,-6.0578480164e-04,3.5413798399,205.865166,0.976907222272,0.983501372298,0.39975146,0.026926628270,1.196128,1.852421,0.49589091,0,0,chained
0.038000,0.0164956247,0.0066058837,0.40046278,2.9232978755,2.9239030652,-6.0518962010e-04,3.5347836394,205.481720,0.976942922668,0.983501372298,0.39758722,0.026867476669,1.198407,1.858845,0.49840259,0,0,chained
0.038000,0.0164956247,0.0066507847,0.40318477,2.9232984652,2.9239030652,-6.0459992744e-04,3.5281874523,205.098275,0.976978655253,0.983501372298,0.39542104,0.026808221101,1.200669,1.865203,0.50092260,0,0,chained
0.038000,0.0164956247,0.0066960143,0.40592669,2.9232990494,2.9239030652,-6.0401580093e-04,3.5215912786,204.714830,0.977014420930,0.983501372298,0.39325285,0.026748859545,1.202912,1.871490,0.50345099,0,0,chained
0.038000,0.0164956247,0.0067415727,0.40868853,2.9232996278,2.9239030652,-6.0343732014e-04,3.5149951187,204.331387,0.977050220631,0.983501372298,0.39108259,0.026689389912,1.205133,1.877699,0.50598782,0,0,chained
0.038000,0.0164956247,0.0067874601,0.41147033,2.9233002006,2.9239030652,-6.0286456704e-04,3.5083989726,203.947944,0.977086055316,0.983501372298,0.38891022,0.026629810038,1.207329,1.883822,0.50853312,0,0,chained
0.038000,0.0164956247,0.0068336772,0.41427210,2.9233007675,2.9239030652,-6.0229762612e-04,3.5018028405,203.564502,0.977121925977,0.983501372298,0.38673566,0.026570117687,1.209497,1.889853,0.51108697,0,0,chained
0.038000,0.0164956247,0.0068802247,0.41709391,2.9233013286,2.9239030652,-6.0173658445e-04,3.4952067227,203.181061,0.977157833635,0.983501372298,0.38455886,0.026510310550,1.211635,1.895783,0.51364940,0,0,chained
0.038000,0.0164956247,0.0069271037,0.41993582,2.9233018836,2.9239030652,-6.0118153179e-04,3.4886106194,202.797620,0.977193779343,0.983501372298,0.38237976,0.026450386240,1.213738,1.901603,0.51622048,0,0,chained
0.038000,0.0164956247,0.0069743153,0.42279789,2.9233024326,2.9239030652,-6.0063256070e-04,3.4820145308,202.414181,0.977229764184,0.983501372298,0.38019828,0.026390342294,1.215803,1.907307,0.51880027,0,0,chained
0.038000,0.0164956247,0.0070218610,0.42568021,2.9233029754,2.9239030652,-6.0008976663e-04,3.4754184571,202.030742,0.977265789276,0.983501372298,0.37801436,0.026330176168,1.217827,1.912883,0.52138882,0,0,chained
0.038000,0.0164956247,0.0070697423,0.42858288,2.9233035119,2.9239030652,-5.9955324807e-04,3.4688223986,201.647305,0.977301855768,0.983501372298,0.37582793,0.026269885239,1.219806,1.918322,0.52398619,0,0,chained
0.038000,0.0164956247,0.0071179612,0.43150601,2.9233040421,2.9239030652,-5.9902310661e-04,3.4622263555,201.263868,0.977337964845,0.983501372298,0.37363892,0.026209466799,1.221735,1.923615,0.52659244,0,0,chained
0.038000,0.0164956247,0.0071665195,0.43444972,2.9233045657,2.9239030652,-5.9849944713e-04,3.4556303281,200.880432,0.977374117723,0.983501372298,0.37144726,0.026148918058,1.223610,1.928749,0.52920765,0,0,chained
0.038000,0.0164956247,0.0072154197,0.43741415,2.9233050828,2.9239030652,-5.9798237786e-04,3.4490343167,200.496997,0.977410315659,0.983501372298,0.36925286,0.026088236139,1.225427,1.933714,0.53183187,0,0,chained
0.038000,0.0164956247,0.0072646641,0.44039945,2.9233055932,2.9239030652,-5.9747201056e-04,3.4424383216,200.113563,0.977446559941,0.983501372298,0.36705566,0.026027418074,1.227181,1.938498,0.53446517,0,0,chained
0.038000,0.0164956247,0.0073142553,0.44340578,2.9233060967,2.9239030652,-5.9696846067e-04,3.4358423430,199.730130,0.977482851898,0.983501372298,0.36485556,0.025966460805,1.228866,1.943087,0.53710762,0,0,chained
0.038000,0.0164956247,0.0073641964,0.44643331,2.9233065933,2.9239030652,-5.9647184741e-04,3.4292463814,199.346698,0.977519192896,0.983501372298,0.36265249,0.025905361181,1.230477,1.947468,0.53975931,0,0,chained
0.038000,0.0164956247,0.0074144904,0.44948224,2.9233070829,2.9239030652,-5.9598229399e-04,3.4226504370,198.963266,0.977555584342,0.983501372298,0.36044636,0.025844115956,1.232009,1.951625,0.54242028,0,0,chained
0.038000,0.0164956247,0.0074651406,0.45255277,2.9233075652,2.9239030652,-5.9549992772e-04,3.4160545102,198.579836,0.977592027682,0.983501372298,0.35823709,0.025782721782,1.233455,1.955544,0.54509064,0,0,chained
0.038000,0.0164956247,0.0075161507,0.45564511,2.9233080403,2.9239030652,-5.9502488023e-04,3.4094586014,198.196407,0.977628524404,0.983501372298,0.35602458,0.025721175212,1.234809,1.959207,0.54777045,0,0,chained
0.038000,0.0164956247,0.0075675243,0.45875949,2.9233085079,2.9239030652,-5.9455728763e-04,3.4028627108,197.812979,0.977665076040,0.983501372298,0.35380874,0.025659472694,1.236063,1.962597,0.55045979,0,0,chained
0.038000,0.0164956247,0.0076192656,0.46189615,2.9233089679,2.9239030652,-5.9409729068e-04,3.3962668390,197.429552,0.977701684167,0.983501372298,0.35158948,0.025597610567,1.237210,1.965694,0.55315875,0,0,chained
0.038000,0.0164956247,0.0076713788,0.46505537,2.9233094201,2.9239030652,-5.9364503503e-04,3.3896709864,197.046127,0.977738350406,0.983501372298,0.34936670,0.025535585061,1.238243,1.968479,0.55586741,0,0,chained
0.038000,0.0164956247,0.0077238685,0.46823740,2.9233098645,2.9239030652,-5.9320067141e-04,3.3830751533,196.662702,0.977775076426,0.983501372298,0.34714029,0.025473392289,1.239152,1.970929,0.55858587,0,0,chained
0.038000,0.0164956247,0.0077767393,0.47144254,2.9233103008,2.9239030652,-5.9276435582e-04,3.3764793402,196.279279,0.977811863947,0.983501372298,0.34491015,0.025411028247,1.239929,1.973021,0.56131421,0,0,chained
0.038000,0.0164956247,0.0078299964,0.47467110,2.9233107289,2.9239030652,-5.9233624983e-04,3.3698835477,195.895856,0.977848714736,0.983501372298,0.34267617,0.025348488809,1.240564,1.974729,0.56405252,0,0,chained
0.038000,0.0164956247,0.0078836449,0.47792339,2.9233111486,2.9239030652,-5.9191652077e-04,3.3632877761,195.512435,0.977885630614,0.983501372298,0.34043825,0.025285769722,1.241046,1.976025,0.56680092,0,0,chained
0.038000,0.0164956247,0.0079376906,0.48119976,2.9233115598,2.9239030652,-5.9150534201e-04,3.3566920259,195.129015,0.977922613458,0.983501372298,0.33819628,0.025222866602,1.241364,1.976881,0.56955948,0,0,chained
0.038000,0.0164956247,0.0079921391,0.48450054,2.9233119623,2.9239030652,-5.9110289323e-04,3.3500962978,194.745597,0.977959665199,0.983501372298,0.33595012,0.025159774930,1.241507,1.977264,0.57232833,0,0,chained
0.038000,0.0164956247,0.0080469967,0.48782613,2.9233123558,2.9239030652,-5.9070936072e-04,3.3435005922,194.362180,0.977996787825,0.983501372298,0.33369967,0.025096490047,1.241460,1.977139,0.57510756,0,0,chained
0.038000,0.0164956247,0.0081022697,0.49117690,2.9233127402,2.9239030652,-5.9032493767e-04,3.3369049098,193.978764,0.978033983387,0.983501372298,0.33144479,0.025033007148,1.241211,1.976469,0.57789729,0,0,chained
0.038000,0.0164956247,0.0081579649,0.49455326,2.9233131153,2.9239030652,-5.8994982451e-04,3.3303092511,193.595349,0.978071253998,0.983501372298,0.32918537,0.024969321278,1.240743,1.975212,0.58069763,0,0,chained
0.038000,0.0164956247,0.0082140893,0.49795564,2.9233134809,2.9239030652,-5.8958422924e-04,3.3237136167,193.211936,0.978108601834,0.983501372298,0.32692126,0.024905427324,1.240041,1.973322,0.58350869,0,0,chained
0.038000,0.0164956247,0.0082706502,0.50138448,2.9233138368,2.9239030652,-5.8922836779e-04,3.3171180073,192.828525,0.978146029141,0.983501372298,0.32465234,0.024841320011,1.239086,1.970751,0.58633061,0,0,chained
0.038000,0.0164956247,0.0083276554,0.50484026,2.9233141827,2.9239030652,-5.8888246442e-04,3.3105224236,192.445114,0.978183538234,0.983501372298,0.32237846,0.024776993896,1.237859,1.967444,0.58916351,0,0,chained
0.038000,0.0164956247,0.0083851128,0.50832345,2.9233145184,2.9239030652,-5.8854675211e-04,3.3039268663,192.061706,0.978221131502,0.983501372298,0.32009947,0.024712443358,1.236338,1.963341,0.59200751,0,0,chained
0.038000,0.0164956247,0.0084430309,0.51183457,2.9233148437,2.9239030652,-5.8822147301e-04,3.2973313361,191.678299,0.978258811410,0.983501372298,0.31781524,0.024647662593,1.234501,1.958375,0.59486275,0,0,chained
0.038000,0.0164956247,0.0085014185,0.51537415,2.9233151583,2.9239030652,-5.8790687889e-04,3.2907358338,191.294893,0.978296580502,0.983501372298,0.31552559,0.024582645608,1.232322,1.952472,0.59772938,0,0,chained
0.038000,0.0164956247,0.0085602846,0.51894274,2.9233154619,2.9239030652,-5.8760323164e-04,3.2841403602,190.911490,0.978334441404,0.983501372298,0.31323039,0.024517386209,1.229772,1.945551,0.60060753,0,0,chained
0.038000,0.0164956247,0.0086196389,0.52254092,2.9233157544,2.9239030652,-5.8731080376e-04,3.2775449162,190.528088,0.978372396832,0.983501372298,0.31092945,0.024451877995,1.226821,1.937517,0.60349737,0,0,chained
0.038000,0.0164956247,0.0086794913,0.52616930,2.9233160353,2.9239030652,-5.8702987895e-04,3.2709495025,190.144687,0.978410449588,0.983501372298,0.30862261,0.024386114348,1.223434,1.928268,0.60639903,0,0,chained
0.038000,0.0164956247,0.0087398523,0.52982851,2.9233163044,2.9239030652,-5.8676075268e-04,3.2643541202,189.761289,0.978448602572,0.983501372298,0.30630969,0.024320088425,1.219573,1.917684,0.60931269,0,0,chained
0.038000,0.0164956247,0.0088007327,0.53351921,2.9233165614,2.9239030652,-5.8650373283e-04,3.2577587702,189.377892,0.978486858782,0.983501372298,0.30399052,0.024253793143,1.215196,1.905631,0.61223851,0,0,chained
0.038000,0.0164956247,0.0088621440,0.53724209,2.9233168060,2.9239030652,-5.8625914034e-04,3.2511634535,188.994498,0.978525221317,0.983501372298,0.30166490,0.024187221173,1.210254,1.891954,0.61517667,0,0,chained
0.038000,0.0164956247,0.0089240979,0.54099787,2.9233170379,2.9239030652,-5.8602730996e-04,3.2445681712,188.611105,0.978563693388,0.983501372298,0.29933264,0.024120364927,1.204694,1.876474,0.61812734,0,0,chained
0.038000,0.0164956247,0.0089866068,0.54478730,2.9233172566,2.9239030652,-5.8580859100e-04,3.2379729243,188.227715,0.978602278317,0.983501372298,0.29699354,0.024053216543,1.198455,1.858981,0.62109071,0,0,chained
0.038000,0.0164956247,0.0090496837,0.54861116,2.9233174618,2.9239030652,-5.8560334812e-04,3.2313777140,187.844326,0.978640979548,0.983501372298,0.29464739,0.023985767875,1.191468,1.839229,0.62406698,0,0,chained
0.038000,0.0164956247,0.0091133422,0.55247027,2.9233176532,2.9239030652,-5.8541196229e-04,3.2247825415,187.460940,0.978679800648,0.983501372298,0.29229397,0.023918010476,1.183652,1.816922,0.62705636,0,0,chained
0.038000,0.0164956247,0.0091775962,0.55636549,2.9233178303,2.9239030652,-5.8523483164e-04,3.2181874082,187.077556,0.978718745317,0.983501372298,0.28993306,0.023849935586,1.174915,1.791702,0.63005904,0,0,chained
0.038000,0.0164956247,0.0092424607,0.56029771,2.9233179928,2.9239030652,-5.8507237253e-04,3.2115923152,186.694174,0.978757817393,0.983501372298,0.28756443,0.023781534113,1.165151,1.763129,0.63307525,0,0,chained
0.038000,0.0164956247,0.0093079510,0.56426787,2.9233181401,2.9239030652,-5.8492502061e-04,3.2049972641,186.310795,0.978797020860,0.983501372298,0.28518783,0.023712796614,1.154233,1.730648,0.63610522,0,0,chained
0.038000,0.0164956247,0.0093740833,0.56827695,2.9233182719,2.9239030652,-5.8479323202e-04,3.1984022563,185.927418,0.978836359857,0.983501372298,0.28280302,0.023643713282,1.142011,1.693543,0.63914918,0,0,chained
0.038000,0.0164956247,0.0094408745,0.57232598,2.9233183877,2.9239030652,-5.8467748462e-04,3.1918072934,185.544044,0.978875838683,0.983501372298,0.28040973,0.023574273923,1.128302,1.650858,0.64220739,0,0,chained
0.038000,0.0164956247,0.0095083423,0.57641602,2.9233184869,2.9239030652,-5.8457827934e-04,3.1852123769,185.160673,0.978915461810,0.983501372298,0.27800769,0.023504467932,1.112885,1.601264,0.64528010,0,0,chained
0.038000,0.0164956247,0.0095765051,0.58054820,2.9233185690,2.9239030652,-5.8449614167e-04,3.1786175087,184.777305,0.978955233891,0.983501372298,0.27559662,0.023434284273,1.095484,1.542792,0.64836758,0,0,chained
0.038000,0.0164956247,0.0096453825,0.58472369,2.9233186335,2.9239030652,-5.8443162323e-04,3.1720226905,184.393939,0.978995159770,0.983501372298,0.27317623,0.023363711456,1.075744,1.472260,0.65147010,0,0,chained
0.038000,0.0164956247,0.0097149948,0.58894374,2.9233186799,2.9239030652,-5.8438530348e-04,3.1654279242,184.010576,0.979035244495,0.983501372298,0.27074621,0.023292737504,1.053204,1.383717,0.65458798,0,0,chained
0.038000,0.0164956247,0.0097853633,0.59320963,2.9233187074,2.9239030652,-5.8435779156e-04,3.1588332118,183.627217,0.979075493326,0.983501372298,0.26830624,0.023221349931,1.027237,1.262220,0.65772151,0,0,chained
0.038000,0.0164956247,0.0098565105,0.59752272,2.9233187154,2.9239030652,-5.8434972834e-04,3.1522385556,183.243861,0.979115911755,0.983501372298,0.26585598,0.023149535707,0.996904,1.000000,0.66087101,1,0,chained
0.038000,0.0164956247,0.0099284599,0.60188444,2.9233187034,2.9239030652,-5.8436178855e-04,3.1456439577,182.860508,0.979156505513,0.983501372298,0.26339510,0.023077281225,0.960993,1.000000,0.66403682,1,0,chained
0.038000,0.0164956247,0.0100012363,0.60629630,2.9233186705,2.9239030652,-5.8439468317e-04,3.1390494206,182.477158,0.979197280590,0.983501372298,0.26092323,0.023004572266,0.917170,1.000000,0.66721930,1,0,chained
0.038000,0.0164956247,0.0100748656,0.61075987,2.9233186160,2.9239030652,-5.8444916206e-04,3.1324549467,182.093813,0.979238243252,0.983501372298,0.25843999,0.022931393957,0.861276,1.000000,0.67041881,1,0,chained
0.038000,0.0164956247,0.0101493753,0.61527681,2.9233185392,2.9239030652,-5.8452601670e-04,3.1258605389,181.710471,0.979279400056,0.983501372298,0.25594497,0.022857730730,0.782980,1.000000,0.67363575,1,0,chained
0.038000,0.0164956247,0.0102247943,0.61984887,2.9233184391,2.9239030652,-5.8462608334e-04,3.1192661998,181.327133,0.979320757869,0.983501372298,0.25343778,0.022783566277,0.619935,1.000001,0.67687051,1,0,chained
0.038000,0.0164956247,0.0103011531,0.62447790,2.9233183149,2.9239030652,-5.8475024632e-04,3.1126719327,180.943800,0.979362323896,0.983501372298,0.25091795,0.022708883495,0.563998,1.311453,0.68012354,1,0,chained
0.038000,0.0164956247,0.0103784836,0.62916584,2.9233181657,2.9239030652,-5.8489944178e-04,3.1060777407,180.560470,0.979404105697,0.983501372298,0.24838505,0.022633664433,0.577397,1.476290,0.68339527,1,0,chained
0.038000,0.0164956247,0.0104568200,0.63391476,2.9233179905,2.9239030652,-5.8507466175e-04,3.0994836273,180.177146,0.979446111214,0.983501372298,0.24583859,0.022557890234,0.591172,1.612840,0.68668620,1,0,chained
0.038000,0.0164956247,0.0105361980,0.63872683,2.9233177882,2.9239030652,-5.8527695854e-04,3.0928895961,179.793826,0.979488348800,0.983501372298,0.24327806,0.022481541063,0.605341,1.735989,0.68999681,1,0,chained
0.038000,0.0164956247,0.0106166557,0.64360434,2.9233175577,2.9239030652,-5.8550744972e-04,3.0862956512,179.410511,0.979530827251,0.983501372298,0.24070292,0.022404596041,0.619922,1.851377,0.69332763,1,0,chained
0.038000,0.0164956247,0.0106982333,0.64854975,2.9233172978,2.9239030652,-5.8576732351e-04,3.0797017967,179.027201,0.979573555837,0.983501372298,0.23811262,0.022327033159,0.634934,1.961898,0.69667924,1,0,chained
0.038000,0.0164956247,0.0107809735,0.65356564,2.9233170073,2.9239030652,-5.8605784482e-04,3.0731080373,178.643897,0.979616544339,0.983501372298,0.23550657,0.022248829196,0.650396,2.069298,0.70005220,1,0,chained
0.038000,0.0164956247,0.0108649216,0.65865475,2.9233166848,2.9239030652,-5.8638036187e-04,3.0665143776,178.260599,0.979659803093,0.983501372298,0.23288413,0.022169959618,0.666331,2.174741,0.70344717,1,0,chained
0.038000,0.0164956247,0.0109501260,0.66382002,2.9233163289,2.9239030652,-5.8673631363e-04,3.0599208231,177.877307,0.979703343035,0.983501372298,0.23024465,0.022090398471,0.682763,2.279062,0.70686478,1,0,chained
0.038000,0.0164956247,0.0110366378,0.66906456,2.9233159379,2.9239030652,-5.8712723850e-04,3.0533273792,177.494021,0.979747175743,0.983501372298,0.22758741,0.022010118293,0.699717,2.382898,0.71030576,1,0,chained
0.038000,0.0164956247,0.0111245120,0.67439168,2.9233155104,2.9239030652,-5.8755478178e-04,3.0467340522,177.110742,0.979791313514,0.983501372298,0.22491169,0.021929089870,0.717220,2.486760,0.71377085,1,0,chained
0.038000,0.0164956247,0.0112138070,0.67980493,2.9233150445,2.9239030652,-5.8802070849e-04,3.0401408485,176.727470,0.979835769400,0.983501372298,0.22221668,0.021847282253,0.735302,2.591073,0.71726084,1,0,chained
0.038000,0.0164956247,0.0113045852,0.68530810,2.9233145383,2.9239030652,-5.8852691336e-04,3.0335477753,176.344206,0.979880557292,0.983501372298,0.21950154,0.021764662484,0.753995,2.696205,0.72077660,1,0,chained
0.038000,0.0164956247,0.0113969139,0.69090526,2.9233139897,2.9239030652,-5.8907543420e-04,3.0269548404,175.960950,0.979925691997,0.983501372298,0.21676538,0.021681195445,0.773333,2.802487,0.72431902,1,0,chained
0.038000,0.0164956247,0.0114908647,0.69660076,2.9233133967,2.9239030652,-5.8966846667e-04,3.0203620521,175.577702,0.979971189324,0.983501372298,0.21400723,0.021596843643,0.793355,2.910223,0.72788908,1,0,chained
0.038000,0.0164956247,0.0115865152,0.70239930,2.9233127568,2.9239030652,-5.9030838092e-04,3.0137694197,175.194464,0.980017066182,0.983501372298,0.21122608,0.021511566986,0.814100,3.019703,0.73148781,1,0,chained
0.038000,0.0164956247,0.0116839485,0.70830591,2.9233120674,2.9239030652,-5.9099774053e-04,3.0071769531,174.811235,0.980063340692,0.983501372298,0.20842082,0.021425322514,0.835613,3.131206,0.73511635,1,0,chained
0.038000,0.0164956247,0.0117832545,0.71432606,2.9233113258,2.9239030652,-5.9173932415e-04,3.0005846635,174.428016,0.980110032312,0.983501372298,0.20559027,0.021338064106,0.857943,3.245010,0.73877588,1,0,chained
0.038000,0.0164956247,0.0118845306,0.72046563,2.9233105290,2.9239030652,-5.9253615017e-04,2.9939925628,174.044808,0.980157161984,0.983501372298,0.20273317,0.021249742135,0.881143,3.361395,0.74246771,1,0,chained
0.038000,0.0164956247,0.0119878820,0.72673101,2.9233096737,2.9239030652,-5.9339150521e-04,2.9874006644,173.661613,0.980204752293,0.983501372298,0.19984815,0.021160303089,0.905272,3.480648,0.74619323,1,0,chained
0.038000,0.0164956247,0.0120934235,0.73312916,2.9233087562,2.9239030652,-5.9430897687e-04,2.9808089830,173.278429,0.980252827662,0.983501372298,0.19693371,0.021069689116,0.930395,3.603069,0.74995397,1,0,chained
0.038000,0.0164956247,0.0122012799,0.73966764,2.9233077727,2.9239030652,-5.9529249176e-04,2.9742175349,172.895260,0.980301414565,0.983501372298,0.19398827,0.020977837521,0.956581,3.728970,0.75375158,1,0,chained
0.038000,0.0164956247,0.0123115875,0.74635473,2.9233067188,2.9239030652,-5.9634635976e-04,2.9676263384,172.512104,0.980350541778,0.983501372298,0.19101008,0.020884680168,0.983910,3.858687,0.75758783,1,0,chained
0.038000,0.0164956247,0.0124244961,0.75319949,2.9233055898,2.9239030652,-5.9747532584e-04,2.9610354137,172.128965,0.980400240674,0.983501372298,0.18799722,0.020790142790,1.012468,3.992578,0.76146470,0,0,chained
0.038000,0.0164956247,0.0125401701,0.76021189,2.9233043805,2.9239030652,-5.9868463099e-04,2.9544447836,171.745843,0.980450545567,0.983501372298,0.18494763,0.020694144183,1.042355,4.131033,0.76538433,0,0,chained
0.038000,0.0164956247,0.0126587908,0.76740294,2.9233030851,2.9239030652,-5.9998008441e-04,2.9478544738,171.362739,0.980501494108,0.983501372298,0.18185902,0.020596595257,1.073677,4.274475,0.76934908,0,0,chained
0.038000,0.0164956247,0.0127805592,0.77478480,2.9233016970,2.9239030652,-6.0136814938e-04,2.9412645132,170.979656,0.980553127770,0.983501372298,0.17872888,0.020497397909,1.106558,4.423372,0.77336154,0,0,chained
0.038000,0.0164956247,0.0129056988,0.78237102,2.9233002091,2.9239030652,-6.0285604624e-04,2.9346749349,170.596595,0.980605492410,0.983501372298,0.17555442,0.020396443689,1.141135,4.578241,0.77742460,0,0,chained
0.038000,0.0164956247,0.0130344589,0.79017674,2.9232986133,2.9239030652,-6.0445187677e-04,2.9280857766,170.213559,0.980658638953,0.983501372298,0.17233257,0.020293612190,1.177564,4.739659,0.78154146,0,0,chained
0.038000,0.0164956247,0.0131671195,0.79821890,2.9232969004,2.9239030652,-6.0616477548e-04,2.9214970816,169.830549,0.980712624217,0.983501372298,0.16905986,0.020188769106,1.216024,4.908274,0.78571569,0,0,chained
0.038000,0.0164956247,0.0133039962,0.80651667,2.9232950601,2.9239030652,-6.0800509533e-04,2.9149089002,169.447569,0.980767511914,0.983501372298,0.16573246,0.020081763866,1.256717,5.084820,0.78995132,0,0,chained
0.038000,0.0164956247,0.0134454472,0.81509172,2.9232930805,2.9239030652,-6.0998463778e-04,2.9083212909,169.064622,0.980823373893,0.983501372298,0.16234598,0.019972426712,1.299879,5.270131,0.79425288,0,0,chained
0.038000,0.0164956247,0.0135918809,0.82396885,2.9232909482,2.9239030652,-6.1211694070e-04,2.9017343225,168.681713,0.980880291670,0.983501372298,0.15889551,0.019860565084,1.345781,5.465165,0.79862551,0,0,chained
0.038000,0.0164956247,0.0137437671,0.83317652,2.9232886475,2.9239030652,-6.1441764275e-04,2.8951480762,168.298846,0.980938358369,0.983501372298,0.15537538,0.019745959057,1.394740,5.671031,0.80307513,0,0,chained
0.038000,0.0164956247,0.0139016495,0.84274769,2.9232861602,2.9239030652,-6.1690495034e-04,2.8885626495,167.916026,0.980997681176,0.983501372298,0.15177910,0.019628355542,1.447130,5.889022,0.80760851,0,0,chained
0.038000,0.0164956247,0.0140661634,0.85272087,2.9232834649,2.9239030652,-6.1960024441e-04,2.8819781600,167.533261,0.981058384516,0.983501372298,0.14809914,0.019507460808,1.503394,6.120661,0.81223355,0,0,chained
0.038000,0.0164956247,0.0142380578,0.86314147,2.9232805363,2.9239030652,-6.2252888123e-04,2.8753947517,167.150558,0.981120614214,0.983501372298,0.14432664,0.019382930668,1.564065,6.367763,0.81695952,0,0,chained
0.038000,0.0164956247,0.0144182262,0.87406367,2.9232773439,2.9239030652,-6.2572126815e-04,2.8688126030,166.767929,0.981184543039,0.983501372298,0.14045114,0.019254357409,1.629788,6.632510,0.82179740,0,0,chained
0.038000,0.0164956247,0.0146077475,0.88555285,2.9232738508,2.9239030652,-6.2921433767e-04,2.8622319385,166.385386,0.981250378254,0.983501372298,0.13646007,0.019121251994,1.701357,6.917568,0.82676039,0,0,chained
0.038000,0.0164956247,0.0148079435,0.89768916,2.9232700116,2.9239030652,-6.3305361474e-04,2.8556530465,166.002947,0.981318372111,0.983501372298,0.13233813,0.018983019307,1.779765,7.226238,0.83186456,0,0,chained
0.038000,0.0164956247,0.0150204624,0.91057251,2.9232657690,2.9239030652,-6.3729619428e-04,2.8490763040,165.620632,0.981388836864,0.983501372298,0.12806641,0.018838922761,1.866269,7.562686,0.83712985,0,0,chained
0.038000,0.0164956247,0.0152474008,0.92433000,2.9232610500,2.9239030652,-6.4201516707e-04,2.8425022178,165.238471,0.981462166887,0.983501372298,0.12362099,0.018688032116,1.962504,7.932274,0.84258145,0,0,chained
0.038000,0.0164956247,0.0154914922,0.93912734,2.9232557587,2.9239030652,-6.4730645102e-04,2.8359314887,164.856506,0.981538872541,0.983501372298,0.11897093,0.018529143589,2.070644,8.342086,0.84825200,0,0,chained
0.038000,0.0164956247,0.0157564108,0.95518728,2.9232497653,2.9239030652,-6.5329982910e-04,2.8293651237,164.474794,0.981619634418,0.983501372298,0.11407497,0.018360651874,2.193675,8.801773,0.85418509,0,0,chained
0.038000,0.0164956247,0.0160472882,0.97282088,2.9232428873,2.9239030652,-6.6017783310e-04,2.8228046383,164.093425,0.981705395277,0.983501372298,0.10887596,0.018180333129,2.335857,9.325005,0.86044115,0,0,chained
0.038000,0.0164956247,0.0163716606,0.99248503,2.9232348547,2.9239030652,-6.6821050835e-04,2.8162524591,163.712538,0.981797527689,0.983501372298,0.10329070,0.017984949211,2.503599,9.932166,0.86710828,0,0,chained
0.039000,0.0167343473,0.0008367174,0.05000000,2.9217901954,2.9218692804,-7.9085039513e-05,4.7867359063,278.259387,0.979287112689,0.983262649676,0.23756750,0.011932676885,100.469409,200.933841,0.09186113,0,0,chained
0.039000,0.0167343473,0.0011351217,0.06783185,2.9217887428,2.9218692804,-8.0537626331e-05,4.7870271694,278.276318,0.979273787758,0.983262649676,0.23836376,0.011977609190,99.652147,199.299276,0.09218894,0,0,chained
0.039000,0.0167343473,0.0014958925,0.08939055,2.9217864024,2.9218692804,-8.2877965891e-05,4.7874931159,278.303404,0.979252372181,0.983262649676,0.23964350,0.012049725357,98.348252,196.691420,0.09271351,0,0,chained
0.039000,0.0167343473,0.0018280983,0.10924229,2.9217836842,2.9218692804,-8.5596198041e-05,4.7880291491,278.334565,0.979227577940,0.983262649676,0.24112513,0.012133067246,96.853487,193.701812,0.09331728,0,0,chained
0.039000,0.0167343473,0.0022245956,0.13293590,2.9217797368,2.9218692804,-8.9543568023e-05,4.7887977480,278.379244,0.979191716571,0.983262649676,0.24326811,0.012253319601,94.719887,189.434495,0.09418377,0,0,chained
0.039000,0.0167343473,0.0025887112,0.15469448,2.9217754420,2.9218692804,-9.3838403888e-05,4.7896208193,278.427091,0.979152881652,0.983262649676,0.24558878,0.012383154126,92.447434,184.889459,0.09511297,0,0,chained
0.039000,0.0167343473,0.0030249929,0.18076551,2.9217694574,2.9218692804,-9.9822993945e-05,4.7907449012,278.492435,0.979099061672,0.983262649676,0.24880492,0.012562414370,89.363971,178.722347,0.09638490,0,0,chained
0.039000,0.0167343473,0.0035454598,0.21186723,2.9217611320,2.9218692804,-1.0814844916e-04,4.7922647093,278.580783,0.979024702636,0.983262649676,0.25324842,0.012808790289,85.230300,170.454733,0.09811164,0,0,chained
0.039000,0.0167343473,0.0040275655,0.24067658,2.9217522786,2.9218692804,-1.1700185216e-04,4.7938251530,278.671494,0.978946199168,0.983262649676,0.25793958,0.013067260084,81.025861,162.045552,0.09989571,0,0,chained
0.039000,0.0167343473,0.0046142330,0.27573427,2.9217400357,2.9218692804,-1.2924468274e-04,4.7958892132,278.791481,0.978838447928,0.983262649676,0.26437851,0.013419282304,75.521027,151.035433,0.10227877,0,0,chained
0.039000,0.0167343473,0.0053319049,0.31862043,2.9217228776,2.9218692804,-1.4640282070e-04,4.7986011310,278.949128,0.978688644997,0.983262649676,0.27333033,0.013903431568,68.372385,136.737458,0.10546476,0,0,chained
0.039000,0.0167343473,0.0062218249,0.37179968,2.9216982645,2.9218692804,-1.7101591945e-04,4.8021299829,279.154265,0.978475312396,0.983262649676,0.28607852,0.014582522685,59.171851,118.335252,0.10974666,0,0,chained
0.039000,0.0167343473,0.0073565283,0.43960652,2.9216614194,2.9218692804,-2.0786097617e-04,4.8066411635,279.416506,0.978156993603,0.983262649676,0.30510040,0.015574071047,47.435117,94.859692,0.11558725,0,0,chained
0.039000,0.0167343473,0.0087980673,0.52574906,2.9216051552,2.9218692804,-2.6412518728e-04,4.8118331434,279.718323,0.977666687422,0.983262649676,0.33439979,0.017054973916,33.391596,66.768215,0.12336298,0,0,chained
0.039000,0.0167343473,0.0104209047,0.62272549,2.9215264626,2.9218692804,-3.4281778806e-04,4.8158992345,279.954690,0.976956567651,0.983262649676,0.37683466,0.019116690258,19.700677,39.375957,0.13228903,0,0,chained
0.039000,0.0167343473,0.0121427504,0.72561841,2.9214128231,2.9218692804,-4.5645734721e-04,4.8156383629,279.939525,0.975836118472,0.983262649676,0.44378971,0.022225852429,8.209557,16.357983,0.14191044,0,0,chained
0.039000,0.0167343473,0.0128833332,0.76987366,2.9213357807,2.9218692804,-5.3349974927e-04,4.8110582335,279.673276,0.974970398214,0.983262649676,0.49552285,0.024549839390,4.077341,8.030152,0.14664382,0,0,chained
0.039000,0.0167343473,0.0131233600,0.78421702,2.9212853091,2.9218692804,-5.8397130458e-04,4.8054036327,279.344567,0.974329692650,0.983262649676,0.53380971,0.026243092158,2.470016,4.728551,0.14914061,0,0,chained
0.039000,0.0167343473,0.0131258140,0.78436366,2.9212493000,2.9218692804,-6.1998045326e-04,4.7993364924,278.991876,0.973821038841,0.983262649676,0.56420550,0.027577980734,1.730530,3.142880,0.15074523,0,1,chained
0.039000,0.0167343473,0.0129975601,0.77669955,2.9212225726,2.9218692804,-6.4670778139e-04,4.7930602991,278.627032,0.973405566635,0.983262649676,0.58903301,0.028665804829,1.359825,2.281303,0.15194022,0,0,chained
0.039000,0.0167343473,0.0127942798,0.76455207,2.9212022288,2.9218692804,-6.6705164894e-04,4.7866621026,278.255096,0.973060691266,0.983262649676,0.60964185,0.029569520069,1.163950,1.759584,0.15294353,0,0,chained
0.039000,0.0167343473,0.0125479099,0.74982966,2.9211864479,2.9218692804,-6.8283254431e-04,4.7801865794,277.878665,0.972771124813,0.983262649676,0.62694557,0.030330712604,1.159372,1.746008,0.15386313,0,0,chained
0.039000,0.0167343473,0.0122775689,0.73367480,2.9211740188,2.9218692804,-6.9526164058e-04,4.7736592887,277.499225,0.972525774881,0.983262649676,0.64160702,0.030978976481,1.146527,1.707352,0.15475468,0,0,chained
0.039000,0.0167343473,0.0119949635,0.71678706,2.9211641073,2.9218692804,-7.0517316051e-04,4.7670959151,277.117688,0.972316318227,0.983262649676,0.65412360,0.031536193261,1.128737,1.652233,0.15564730,0,0,chained
0.039000,0.0167343473,0.0117073573,0.69960047,2.9211561238,2.9218692804,-7.1315660442e-04,4.7605065749,276.734640,0.972136383444,0.983262649676,0.66487602,0.032018926466,1.108842,1.587934,0.15655610,0,0,chained
0.039000,0.0167343473,0.0114192865,0.68238613,2.9211496428,2.9218692804,-7.1963763364e-04,4.7538980481,276.350478,0.971981019313,0.983262649676,0.67416017,0.032439935935,1.088438,1.518202,0.15748862,0,0,chained
0.039000,0.0167343473,0.0111335818,0.66531318,2.9211443508,2.9218692804,-7.2492959964e-04,4.7472750231,275.965473,0.971846327343,0.983262649676,0.68220900,0.032809199005,1.068407,1.444564,0.15844824,0,0,chained
0.039000,0.0167343473,0.0108519905,0.64848603,2.9211400131,2.9218692804,-7.2926727135e-04,4.7406408289,275.579818,0.971729200268,0.983262649676,0.68920820,0.033134623109,1.049216,1.366792,0.15943605,0,0,chained
0.039000,0.0167343473,0.0105755627,0.63196745,2.9211364510,2.9218692804,-7.3282941381e-04,4.7339978835,275.193655,0.971627132919,0.983262649676,0.69530747,0.033422553425,1.031094,1.282399,0.16045190,0,0,chained
0.039000,0.0167343473,0.0103048957,0.61579311,2.9211335262,2.9218692804,-7.3575417229e-04,4.7273479792,274.807087,0.971538083614,0.983262649676,0.70062882,0.033678140506,1.014132,1.182845,0.16149499,0,0,chained
0.039000,0.0167343473,0.0100402897,0.59998095,2.9211311307,2.9218692804,-7.3814976063e-04,4.7206924678,274.420193,0.971460371513,0.983262649676,0.70527269,0.033905609986,0.998345,1.000000,0.16256418,1,0,chained
0.039000,0.0167343473,0.0097818501,0.58453729,2.9211291784,2.9218692804,-7.4010200439e-04,4.7140323856,274.033033,0.971392599746,0.983262649676,0.70932255,0.034108463016,0.983703,1.000000,0.16365819,1,0,chained
0.039000,0.0167343473,0.0095295546,0.56946079,2.9211276007,2.9218692804,-7.4167974984e-04,4.7073685379,273.645655,0.971333597244,0.983262649676,0.71284838,0.034289626992,0.971245,1.000000,0.16477574,1,0,chained
0.039000,0.0167343473,0.0092832978,0.55474514,2.9211263416,2.9218692804,-7.4293880012e-04,4.7007015590,273.258094,0.971282374243,0.983262649676,0.71590933,0.034451570222,0.976287,1.000000,0.16591555,1,0,chained
0.039000,0.0167343473,0.0090429210,0.54038086,2.9211253556,2.9218692804,-7.4392481939e-04,4.6940319539,272.870381,0.971238087920,0.983262649676,0.71855577,0.034596390100,0.981032,1.000000,0.16707642,1,0,chained
0.039000,0.0167343473,0.0088082327,0.52635651,2.9211246049,2.9218692804,-7.4467550342e-04,4.6873601293,272.482539,0.971200015578,0.983262649676,0.72083087,0.034725881631,0.985445,1.000000,0.16825722,1,0,chained
0.039000,0.0167343473,0.0085790224,0.51265951,2.9211240582,2.9218692804,-7.4522222148e-04,4.6806864158,272.094587,0.971167533530,0.983262649676,0.72277191,0.034841591193,0.989510,1.000000,0.16945693,1,0,chained
0.039000,0.0167343473,0.0083550694,0.49927668,2.9211236891,2.9218692804,-7.4559127242e-04,4.6740110844,271.706541,0.971140100325,0.983262649676,0.72441124,0.034944859136,0.993228,1.000000,0.17067457,1,0,chained
0.039000,0.0167343473,0.0081361496,0.48619462,2.9211234756,2.9218692804,-7.4580485568e-04,4.6673343592,271.318414,0.971117243306,0.983262649676,0.72577712,0.035036853808,0.996605,1.000000,0.17190928,1,0,chained
0.039000,0.0167343473,0.0079220394,0.47339997,2.9211233986,2.9218692804,-7.4588182937e-04,4.6606564270,270.930217,0.971098547749,0.983262649676,0.72689431,0.035118598975,0.999649,1.000002,0.17316026,1,0,chained
0.039000,0.0167343473,0.0077125186,0.46087956,2.9211234421,2.9218692804,-7.4583830748e-04,4.6539774444,270.541959,0.971083648033,0.983262649676,0.72778468,0.035190996088,1.002399,1.071707,0.17442676,0,0,chained
0.039000,0.0167343473,0.0075073718,0.44862053,2.9211235923,2.9218692804,-7.4568813445e-04,4.6472975439,270.153647,0.971072220392,0.983262649676,0.72846757,0.035254842492,1.004846,1.103416,0.17570813,0,0,chained
0.039000,0.0167343473,0.0073063897,0.43661038,2.9211238371,2.9218692804,-7.4544326532e-04,4.6406168379,269.765289,0.971063976937,0.983262649676,0.72896017,0.035310846429,1.007020,1.125715,0.17700376,0,0,chained
0.039000,0.0167343473,0.0071093695,0.42483697,2.9211241663,2.9218692804,-7.4511407249e-04,4.6339354226,269.376889,0.971058660698,0.983262649676,0.72927786,0.035359639473,1.008937,1.142927,0.17831307,0,0,chained
0.039000,0.0167343473,0.0069161149,0.41328859,2.9211245708,2.9218692804,-7.4470959506e-04,4.6272533810,268.988453,0.971056041471,0.983262649676,0.72943438,0.035401786899,1.010615,1.156709,0.17963557,0,0,chained
0.039000,0.0167343473,0.0067264363,0.40195390,2.9211250427,2.9218692804,-7.4423774280e-04,4.6205707845,268.599985,0.971055912334,0.983262649676,0.72944209,0.035437796391,1.012072,1.167926,0.18097079,0,0,chained
0.039000,0.0167343473,0.0065401503,0.39082195,2.9211255749,2.9218692804,-7.4370546407e-04,4.6138876954,268.211488,0.971058086707,0.983262649676,0.72931216,0.035468125378,1.013324,1.177107,0.18231830,0,0,chained
0.039000,0.0167343473,0.0063570794,0.37988213,2.9211261615,2.9218692804,-7.4311888485e-04,4.6072041682,267.822966,0.971062395847,0.983262649676,0.72905466,0.035493187258,1.014385,1.184609,0.18367770,0,0,chained
0.039000,0.0167343473,0.0061770516,0.36912414,2.9211267970,2.9218692804,-7.4248342457e-04,4.6005202509,267.434421,0.971068686719,0.983262649676,0.72867873,0.035513356703,1.015269,1.190689,0.18504864,0,0,chained
0.039000,0.0167343473,0.0059998993,0.35853800,2.9211274765,2.9218692804,-7.4180389296e-04,4.5938359858,267.045855,0.971076820168,0.983262649676,0.72819270,0.035528974199,1.015991,1.195541,0.18643077,0,0,chained
0.039000,0.0167343473,0.0058254596,0.34811394,2.9211281958,2.9218692804,-7.4108457160e-04,4.5871514106,266.657272,0.971086669345,0.983262649676,0.72760414,0.035540349944,1.016562,1.199317,0.18782380,0,0,chained
0.039000,0.0167343473,0.0056535726,0.33784243,2.9211289511,2.9218692804,-7.4032928280e-04,4.5804665591,266.268672,0.971098118350,0.983262649676,0.72691997,0.035547767221,1.016994,1.202137,0.18922744,0,0,chained
0.039000,0.0167343473,0.0054840813,0.32771408,2.9211297390,2.9218692804,-7.3954144803e-04,4.5737814617,265.880059,0.971111061049,0.983262649676,0.72614655,0.035551485315,1.017298,1.204101,0.19064143,0,0,chained
0.039000,0.0167343473,0.0053168308,0.31771964,2.9211305563,2.9218692804,-7.3872413785e-04,4.5670961461,265.491432,0.971125400050,0.983262649676,0.72528969,0.035551742056,1.017483,1.205291,0.19206553,0,0,chained
0.039000,0.0167343473,0.0051516671,0.30784990,2.9211314003,2.9218692804,-7.3788011447e-04,4.5604106375,265.102795,0.971141045804,0.983262649676,0.72435474,0.035548756033,1.017559,1.205777,0.19349951,0,0,chained
0.039000,0.0167343473,0.0049884362,0.29809566,2.9211322685,2.9218692804,-7.3701186846e-04,4.5537249592,264.714147,0.971157915819,0.983262649676,0.72334664,0.035542728539,1.017534,1.205617,0.19494317,0,0,chained
0.039000,0.0167343473,0.0048269835,0.28844767,2.9211331588,2.9218692804,-7.3612165034e-04,4.5470391331,264.325491,0.971175933966,0.983262649676,0.72226992,0.035533845275,1.017416,1.204860,0.19639631,0,0,chained
0.039000,0.0167343473,0.0046671519,0.27889656,2.9211340689,2.9218692804,-7.3521149792e-04,4.5403531797,263.936828,0.971195029871,0.983262649676,0.72112880,0.035522277859,1.017213,1.203550,0.19785876,0,0,chained
0.039000,0.0167343473,0.0045087809,0.26943273,2.9211349972,2.9218692804,-7.3428325999e-04,4.5336671186,263.548158,0.971215138373,0.983262649676,0.71992717,0.035508185152,1.016931,1.201724,0.19933034,0,0,chained
0.039000,0.0167343473,0.0043517053,0.26004631,2.9211359418,2.9218692804,-7.3333861708e-04,4.5269809689,263.159483,0.971236199041,0.983262649676,0.71866864,0.035491714444,1.016577,1.199412,0.20081091,0,0,chained
0.039000,0.0167343473,0.0041957525,0.25072699,2.9211369013,2.9218692804,-7.3237909944e-04,4.5202947492,262.770804,0.971258155754,0.983262649676,0.71735657,0.035473002495,1.016157,1.196641,0.20230031,0,0,chained
0.039000,0.0167343473,0.0040407412,0.24146392,2.9211378743,2.9218692804,-7.3140610292e-04,4.5136084783,262.382122,0.971280956314,0.983262649676,0.71599406,0.035452176477,1.015676,1.193434,0.20379841,0,0,chained
0.039000,0.0167343473,0.0038864782,0.23224558,2.9211388595,2.9218692804,-7.3042090285e-04,4.5069221754,261.993439,0.971304552108,0.983262649676,0.71458404,0.035429354806,1.015140,1.189808,0.20530508,0,0,chained
0.039000,0.0167343473,0.0037327555,0.22305952,2.9211398557,2.9218692804,-7.2942466631e-04,4.5002358603,261.604754,0.971328897801,0.983262649676,0.71312921,0.035404647895,1.014553,1.185780,0.20682021,0,0,chained
0.039000,0.0167343473,0.0035793460,0.21389218,2.9211408619,2.9218692804,-7.2841846299e-04,4.4935495542,261.216070,0.971353951062,0.983262649676,0.71163209,0.035378158821,1.013921,1.181359,0.20834367,0,0,chained
0.039000,0.0167343473,0.0034259984,0.20472853,2.9211418771,2.9218692804,-7.2740327482e-04,4.4868632801,260.827388,0.971379672311,0.983262649676,0.71009506,0.035349983939,1.013247,1.176553,0.20987538,0,0,chained
0.039000,0.0167343473,0.0032724308,0.19555174,2.9211429004,2.9218692804,-7.2638000451e-04,4.4801770638,260.438709,0.971406024501,0.983262649676,0.70852032,0.035320213425,1.012535,1.171366,0.21141521,0,0,chained
0.039000,0.0167343473,0.0031183215,0.18634258,2.9211439309,2.9218692804,-7.2534948324e-04,4.4734909344,260.050036,0.971432972907,0.983262649676,0.70690996,0.035288931778,1.011790,1.165796,0.21296309,0,0,chained
0.039000,0.0167343473,0.0029632976,0.17707877,2.9211449679,2.9218692804,-7.2431247760e-04,4.4668049262,259.661369,0.971460484939,0.983262649676,0.70526591,0.035256218268,1.011014,1.159838,0.21451892,0,0,chained
0.039000,0.0167343473,0.0028069190,0.16773400,2.9211460107,2.9218692804,-7.2326969581e-04,4.4601190800,259.272712,0.971488529970,0.983262649676,0.70359002,0.035222147355,1.010211,1.153482,0.21608261,0,0,chained
0.039000,0.0167343473,0.0026486555,0.15827659,2.9211470586,2.9218692804,-7.2222179355e-04,4.4534334464,258.884067,0.971517079173,0.983262649676,0.70188399,0.035186789073,1.009385,1.146708,0.21765407,0,0,chained
0.039000,0.0167343473,0.0024878538,0.14866751,2.9211481110,2.9218692804,-7.2116937934e-04,4.4467480894,258.495438,0.971546105364,0.983262649676,0.70014946,0.035150209391,1.008538,1.139489,0.21923323,0,0,chained
0.039000,0.0167343473,0.0023236891,0.13885747,2.9211491674,2.9218692804,-7.2011301990e-04,4.4400630925,258.106830,0.971575582848,0.983262649676,0.69838797,0.035112470560,1.007673,1.131788,0.22081999,0,0,chained
0.039000,0.0167343473,0.0021550878,0.12878231,2.9211502272,2.9218692804,-7.1905324561e-04,4.4333785694,257.718250,0.971605487254,0.983262649676,0.69660096,0.035073631459,1.006793,1.123548,0.22241428,0,0,chained
0.039000,0.0167343473,0.0019806023,0.11835552,2.9211512899,2.9218692804,-7.1799055681e-04,4.4266946808,257.329707,0.971635795348,0.983262649676,0.69478983,0.035033747975,1.005900,1.114690,0.22401599,0,0,chained
0.039000,0.0167343473,0.0017981922,0.10745518,2.9211523550,2.9218692804,-7.1692543207e-04,4.4200116670,256.941214,0.971666484778,0.983262649676,0.69295591,0.034992873453,1.004998,1.105098,0.22562500,0,0,chained
0.039000,0.0167343473,0.0016048108,0.09589921,2.9211534221,2.9218692804,-7.1585834145e-04,4.4133299115,256.552795,0.971697533671,0.983262649676,0.69110051,0.034951059363,1.004087,1.094590,0.22724119,0,0,chained
0.039000,0.0167343473,0.0013955322,0.08339329,2.9211544906,2.9218692804,-7.1478977195e-04,4.4066500880,256.164488,0.971728919813,0.983262649676,0.68922496,0.034908356565,1.003171,1.082872,0.22886432,0,0,chained
0.039000,0.0167343473,0.0011613935,0.06940178,2.9211555601,2.9218692804,-7.1372029472e-04,4.3999735547,255.776372,0.971760618680,0.983262649676,0.68733072,0.034864818123,1.002252,1.069401,0.23049402,0,0,chained
0.039000,0.0167343473,0.0008824129,0.05273064,2.9211566296,2.9218692804,-7.1265079497e-04,4.3933037795,255.388649,0.971792596292,0.983262649676,0.68541982,0.034820509579,1.001332,1.052965,0.23212938,0,0,chained
0.039000,0.0167343473,0.0004869786,0.02910054,2.9211576964,2.9218692804,-7.1158400372e-04,4.3866558827,255.002198,0.971824762470,0.983262649676,0.68349766,0.034775574952,1.000415,1.029243,0.23376661,0,0,chained
0.039500,0.0168549254,0.0008427463,0.05000000,2.9207729824,2.9208522020,-7.9219629424e-05,4.8066538219,279.417242,0.979118474583,0.983142071588,0.23871936,0.011987595310,97.046726,194.088300,0.09083993,0,0,chained
0.039500,0.0168549254,0.0011441605,0.06788286,2.9207715136,2.9208522020,-8.0688447354e-05,4.8069432860,279.434069,0.979104748755,0.983142071588,0.23953371,0.012033253949,96.249661,192.494127,0.09116417,0,0,chained
0.039500,0.0168549254,0.0015090253,0.08953023,2.9207691422,2.9208522020,-8.3059827188e-05,4.8074073094,279.461043,0.979082643301,0.983142071588,0.24084522,0.012106687091,94.975510,189.945755,0.09168398,0,0,chained
0.039500,0.0168549254,0.0018453549,0.10948461,2.9207663829,2.9208522020,-8.5819096472e-05,4.8079420875,279.492130,0.979057004168,0.983142071588,0.24236639,0.012191703632,93.512461,187.019574,0.09228319,0,0,chained
0.039500,0.0168549254,0.0022470867,0.13331929,2.9207623700,2.9208522020,-8.9832066738e-05,4.8087100088,279.536771,0.979019865655,0.983142071588,0.24456981,0.012314553515,91.421553,182.837637,0.09314406,0,0,chained
0.039500,0.0168549254,0.0026162034,0.15521893,2.9207579986,2.9208522020,-9.4203390935e-05,4.8095332764,279.584628,0.978979601273,0.983142071588,0.24695869,0.012447343872,89.192750,178.379893,0.09406785,0,0,chained
0.039500,0.0168549254,0.0030586181,0.18146732,2.9207519019,2.9208522020,-1.0030011024e-04,4.8106585794,279.650044,0.978923750567,0.983142071588,0.25027230,0.012630845230,86.167176,172.328548,0.09533264,0,0,chained
0.039500,0.0168549254,0.0035864827,0.21278544,2.9207434140,2.9208522020,-1.0878801128e-04,4.8121810903,279.738549,0.978846528719,0.983142071588,0.25485386,0.012883231051,82.110779,164.215469,0.09704935,0,0,chained
0.039500,0.0168549254,0.0040754201,0.24179402,2.9207343833,2.9208522020,-1.1781873815e-04,4.8137450425,279.829464,0.978764962459,0.983142071588,0.25969318,0.013148131004,77.986315,155.966218,0.09882188,0,0,chained
0.039500,0.0168549254,0.0046702492,0.27708513,2.9207218919,2.9208522020,-1.3031011235e-04,4.8158144012,279.949759,0.978652976389,0.983142071588,0.26633729,0.013509003804,72.590408,145.173928,0.10118671,0,0,chained
0.039500,0.0168549254,0.0053974322,0.32022878,2.9207043867,2.9208522020,-1.4781530268e-04,4.8185339216,280.107848,0.978497288845,0.983142071588,0.27557421,0.014005313719,65.593954,131.180285,0.10434153,0,0,chained
0.039500,0.0168549254,0.0062977714,0.37364576,2.9206792978,2.9208522020,-1.7290425557e-04,4.8220734365,280.313605,0.978275737382,0.983142071588,0.28871882,0.014700983019,56.615211,113.221589,0.10856523,0,0,chained
0.039500,0.0168549254,0.0074413553,0.44149441,2.9206418584,2.9208522020,-2.1034361105e-04,4.8266010070,280.576798,0.977946087011,0.983142071588,0.30827693,0.015714050114,45.226984,90.442912,0.11428279,0,0,chained
0.039500,0.0168549254,0.0088781357,0.52673836,2.9205853011,2.9208522020,-2.6690094194e-04,4.8318336044,280.880976,0.977443522876,0.983142071588,0.33809397,0.017212481809,31.775589,63.535438,0.12176334,0,0,chained
0.039500,0.0168549254,0.0104443947,0.61966425,2.9205089330,2.9208522020,-3.4326904658e-04,4.8361119856,281.129684,0.976741062849,0.983142071588,0.37977081,0.019229152875,19.048912,38.071559,0.12999003,0,0,chained
0.039500,0.0168549254,0.0120758189,0.71645638,2.9204022606,2.9208522020,-4.4994137392e-04,4.8373225126,281.200054,0.975674780762,0.983142071588,0.44303316,0.022163170192,8.443006,16.826581,0.13847264,0,0,chained
0.039500,0.0168549254,0.0129511826,0.76839157,2.9203103139,2.9208522020,-5.4188809421e-04,4.8339918428,281.006438,0.974621038614,0.983142071588,0.50555151,0.024963574332,3.690665,7.243270,0.14339416,0,0,chained
0.039500,0.0168549254,0.0131648366,0.78106763,2.9202498361,2.9208522020,-6.0236591400e-04,4.8288933268,280.710054,0.973815520194,0.983142071588,0.55334279,0.027063433031,2.044836,3.828471,0.14560719,0,0,chained
0.039500,0.0168549254,0.0130538003,0.77447986,2.9202084858,2.9208522020,-6.4371618764e-04,4.8231068804,280.373680,0.973184092583,0.983142071588,0.59080528,0.028695277995,1.404355,2.390365,0.14677643,0,1,chained
0.039500,0.0168549254,0.0127783678,0.75813849,2.9201794527,2.9208522020,-6.7274935929e-04,4.8169735721,280.017143,0.972682985729,0.983142071588,0.62053587,0.029986792889,1.143531,1.698204,0.14754993,0,0,chained
0.039500,0.0168549254,0.0124226943,0.73703644,2.9201585826,2.9208522020,-6.9361940438e-04,4.8106433628,279.649159,0.972281080100,0.983142071588,0.64438087,0.031023839209,1.132389,1.663713,0.14819912,0,0,chained
0.039500,0.0168549254,0.0120314483,0.71382388,2.9201432395,2.9208522020,-7.0896251205e-04,4.8041936096,279.274226,0.971954951108,0.983142071588,0.66373005,0.031868750052,1.107337,1.582938,0.14883798,0,0,chained
0.039500,0.0168549254,0.0116281223,0.68989461,2.9201317308,2.9208522020,-7.2047117111e-04,4.7976675562,278.894858,0.971687197494,0.983142071588,0.67961583,0.032566832170,1.077697,1.479482,0.14951228,0,0,chained
0.039500,0.0168549254,0.0112249436,0.66597409,2.9201229531,2.9208522020,-7.2924893674e-04,4.7910907036,278.512537,0.971465023745,0.983142071588,0.69279736,0.033150941391,1.047706,1.360257,0.15023824,0,0,chained
0.039500,0.0168549254,0.0108281496,0.64243236,2.9201161708,2.9208522020,-7.3603119289e-04,4.7844787686,278.128176,0.971279000373,0.983142071588,0.70383410,0.033645060721,1.019183,1.215990,0.15101942,0,0,chained
0.039500,0.0168549254,0.0104407651,0.61944891,2.9201108818,2.9208522020,-7.4132024725e-04,4.7778418245,277.742362,0.971122105672,0.983142071588,0.71314263,0.034066924856,0.992819,1.000000,0.15185412,1,0,chained
0.039500,0.0168549254,0.0100640735,0.59709986,2.9201067341,2.9208522020,-7.4546787549e-04,4.7711865576,277.355482,0.970989035231,0.983142071588,0.72103768,0.034429859106,0.968787,1.000000,0.15273867,1,0,chained
0.039500,0.0168549254,0.0096984070,0.57540492,2.9201034757,2.9208522020,-7.4872634924e-04,4.7645175471,276.967804,0.970875718603,0.983142071588,0.72776074,0.034744044766,0.961982,1.000000,0.15366883,1,0,chained
0.039500,0.0168549254,0.0093435792,0.55435304,2.9201009214,2.9208522020,-7.5128058443e-04,4.7578380173,276.579514,0.970778983201,0.983142071588,0.73350004,0.035017388975,0.968485,1.000000,0.15464047,1,0,chained
0.039500,0.0168549254,0.0089991250,0.53391663,2.9200989332,2.9208522020,-7.5326883881e-04,4.7511502959,276.190747,0.970696319280,0.983142071588,0.73840447,0.035256127910,0.974537,1.000000,0.15564977,1,0,chained
0.039500,0.0168549254,0.0086644362,0.51405960,2.9200974057,2.9208522020,-7.5479635657e-04,4.7444561007,275.801605,0.970625714055,0.983142071588,0.74259347,0.035465249850,0.980026,1.000000,0.15669333,1,0,chained
0.039500,0.0168549254,0.0083388367,0.49474184,2.9200962575,2.9208522020,-7.5594454504e-04,4.7377567252,275.412161,0.970565532720,0.983142071588,0.74616402,0.035648797049,0.984920,1.000000,0.15776812,1,0,chained
0.039500,0.0168549254,0.0080216252,0.47592173,2.9200954247,2.9208522020,-7.5677729071e-04,4.7310531614,275.022474,0.970514432117,0.983142071588,0.74919581,0.035810083909,0.989227,1.000000,0.15887152,1,0,chained
0.039500,0.0168549254,0.0077120972,0.45755748,2.9200948566,2.9208522020,-7.5734538597e-04,4.7243461833,274.632588,0.970471297084,0.983142071588,0.75175500,0.035951857233,0.992974,1.000000,0.16000122,1,0,chained
0.039500,0.0168549254,0.0074095562,0.43960777,2.9200945123,2.9208522020,-7.5768968919e-04,4.7176364046,274.242540,0.970435192892,0.983142071588,0.75389706,0.036076415637,0.996202,1.000000,0.16115520,1,0,chained
0.039500,0.0168549254,0.0071133171,0.42203195,2.9200943586,2.9208522020,-7.5784341813e-04,4.7109243199,273.852357,0.970405329225,0.983142071588,0.75566887,0.036185699721,0.998950,1.000001,0.16233170,1,0,chained
0.039500,0.0168549254,0.0068227058,0.40479003,2.9200943682,2.9208522020,-7.5783384010e-04,4.7042103339,273.462064,0.970381032568,0.983142071588,0.75711038,0.036281361052,1.001268,1.051634,0.16352916,0,0,chained
0.039500,0.0168549254,0.0065370549,0.38784241,2.9200945185,2.9208522020,-7.5768353502e-04,4.6974947840,273.071680,0.970361724782,0.983142071588,0.75825591,0.036364815563,1.003185,1.083067,0.16474621,0,0,chained
0.039500,0.0168549254,0.0062556973,0.37114951,2.9200947907,2.9208522020,-7.5741135160e-04,4.6907779562,272.681222,0.970346906296,0.983142071588,0.75913509,0.036437285351,1.004746,1.102293,0.16598166,0,0,chained
0.039500,0.0168549254,0.0059779582,0.35467129,2.9200951689,2.9208522020,-7.5703314001e-04,4.6840600984,272.290704,0.970336142805,0.983142071588,0.75977368,0.036499831731,1.005985,1.115552,0.16723442,0,0,chained
0.039500,0.0168549254,0.0057031442,0.33836662,2.9200956397,2.9208522020,-7.5656231926e-04,4.6773414308,271.900139,0.970329054614,0.983142071588,0.76019423,0.036553381630,1.006931,1.124876,0.16850354,0,0,chained
0.039500,0.0168549254,0.0054305296,0.32219245,2.9200961917,2.9208522020,-7.5601032140e-04,4.6706221544,271.509538,0.970325308050,0.983142071588,0.76041651,0.036598748853,1.007615,1.131264,0.16978817,0,0,chained
0.039500,0.0168549254,0.0051593398,0.30610279,2.9200968151,2.9208522020,-7.5538694240e-04,4.6639024594,271.118913,0.970324608467,0.983142071588,0.76045801,0.036636651362,1.008062,1.135302,0.17108754,0,0,chained
0.039500,0.0168549254,0.0048887280,0.29004744,2.9200975014,2.9208522020,-7.5470062206e-04,4.6571825331,270.728275,0.970326694509,0.983142071588,0.76033425,0.036667725420,1.008295,1.137368,0.17240095,0,0,chained
0.039500,0.0168549254,0.0046177457,0.27397011,2.9200982434,2.9208522020,-7.5395866909e-04,4.6504625680,270.337634,0.970331333364,0.983142071588,0.76005903,0.036692537269,1.008335,1.137719,0.17372778,0,0,chained
0.039500,0.0168549254,0.0043453007,0.25780599,2.9200990346,2.9208522020,-7.5316744394e-04,4.6437427726,269.947004,0.970338316809,0.983142071588,0.75964470,0.036711592835,1.008201,1.136531,0.17506745,0,0,chained
0.039500,0.0168549254,0.0040700970,0.24147819,2.9200998695,2.9208522020,-7.5233250861e-04,4.6370233855,269.556397,0.970347457883,0.983142071588,0.75910236,0.036725345849,1.007909,1.133923,0.17641943,0,0,chained
0.039500,0.0168549254,0.0037905447,0.22489241,2.9201007433,2.9208522020,-7.5145875106e-04,4.6303046947,269.165830,0.970358588056,0.983142071588,0.75844201,0.036734204712,1.007474,1.129965,0.17778322,0,0,chained
0.039500,0.0168549254,0.0035046205,0.20792857,2.9201016515,2.9208522020,-7.5055049037e-04,4.6235870703,268.775326,0.970371554779,0.983142071588,0.75767270,0.036738538353,1.006911,1.124679,0.17915833,0,0,chained
0.039500,0.0168549254,0.0032096358,0.19042717,2.9201025905,2.9208522020,-7.4961156854e-04,4.6168710179,268.384913,0.970386219298,0.983142071588,0.75680265,0.036738681296,1.006231,1.118042,0.18054431,0,0,chained
0.039500,0.0168549254,0.0029018295,0.17216507,2.9201035566,2.9208522020,-7.4864543624e-04,4.6101572786,267.994634,0.970402454598,0.983142071588,0.75583942,0.036734938192,1.005447,1.109964,0.18194066,0,0,chained
0.039500,0.0168549254,0.0025755843,0.15280900,2.9201045468,2.9208522020,-7.4765524301e-04,4.6034470328,267.604558,0.970420143153,0.983142071588,0.75478996,0.036727588250,1.004568,1.100261,0.18334681,0,0,chained
0.039500,0.0168549254,0.0022217376,0.13181533,2.9201055581,2.9208522020,-7.4664396633e-04,4.5967423745,267.214807,0.970439174029,0.983142071588,0.75366086,0.036716889779,1.003604,1.088584,0.18476203,0,0,chained
0.039500,0.0168549254,0.0018232286,0.10817186,2.9201065874,2.9208522020,-7.4561466742e-04,4.5900476512,266.825634,0.970459436810,0.983142071588,0.75245867,0.036703087962,1.002565,1.074229,0.18618512,0,0,chained
0.039500,0.0168549254,0.0013400326,0.07950392,2.9201076306,2.9208522020,-7.4457137191e-04,4.5833746768,266.437725,0.970480801912,0.983142071588,0.75119108,0.036686435252,1.001459,1.055499,0.18761327,0,0,chained
0.039500,0.0168549254,0.0005995052,0.03556855,2.9201086758,2.9208522020,-7.4352621448e-04,4.5767868276,266.054765,0.970502962559,0.983142071588,0.74987630,0.036667343247,1.000307,1.025070,0.18903247,0,0,chained
0.040000,0.0169763061,0.0008488153,0.05000000,2.9197556387,2.9198349985,-7.9359734658e-05,4.8263992669,280.565071,0.978948848045,0.983020690872,0.23985447,0.012043140059,93.739747,187.474160,0.08981189,0,0,chained
0.040000,0.0169763061,0.0011532665,0.06793389,2.9197541533,2.9198349985,-8.0845142391e-05,4.8266868143,280.581787,0.978934714282,0.983020690872,0.24068702,0.012089539771,92.962432,185.919486,0.09013253,0,0,chained
0.040000,0.0169763061,0.0015222739,0.08967050,2.9197517502,2.9198349985,-8.3248305741e-05,4.8271487289,280.608638,0.978911904470,0.983020690872,0.24203065,0.012164320060,91.717409,183.429367,0.09064751,0,0,chained
0.040000,0.0169763061,0.0018627869,0.10972864,2.9197489488,2.9198349985,-8.6049692643e-05,4.8276820531,280.639641,0.978885400022,0.983020690872,0.24359191,0.012251054188,90.285439,180.565340,0.09124205,0,0,chained
0.040000,0.0169763061,0.0022698395,0.13370632,2.9197448683,2.9198349985,-9.0130127505e-05,4.8284490415,280.684227,0.978846950194,0.983020690872,0.24585682,0.012376574054,88.236377,176.467086,0.09209717,0,0,chained
0.040000,0.0169763061,0.0026440443,0.15574909,2.9197404182,2.9198349985,-9.4580219824e-05,4.8292722648,280.732082,0.978805215519,0.983020690872,0.24831523,0.012512407127,86.050368,172.094925,0.09301536,0,0,chained
0.040000,0.0169763061,0.0030926982,0.18217733,2.9197342060,2.9198349985,-1.0079247425e-04,4.8303985033,280.797552,0.978747273914,0.983020690872,0.25172832,0.012700277207,83.081586,166.157154,0.09427276,0,0,chained
0.040000,0.0169763061,0.0036280780,0.21371422,2.9197255508,2.9198349985,-1.0944768284e-04,4.8319233910,280.886196,0.978667103509,0.983020690872,0.25645080,0.012958852399,79.101112,158.195903,0.09597901,0,0,chained
0.040000,0.0169763061,0.0041239345,0.24292296,2.9197163377,2.9198349985,-1.1866073694e-04,4.8334905741,280.977298,0.978582384626,0.983020690872,0.26144122,0.013230365882,75.055406,150.104151,0.09773940,0,0,chained
0.040000,0.0169763061,0.0047269862,0.27844610,2.9197035916,2.9198349985,-1.3140682472e-04,4.8355649454,281.097884,0.978466046869,0.983020690872,0.26829417,0.013600317388,69.767117,139.527066,0.10008490,0,0,chained
0.040000,0.0169763061,0.0054636511,0.32183980,2.9196857332,2.9198349985,-1.4926530095e-04,4.8382918490,281.256403,0.978304334902,0.983020690872,0.27781992,0.014109034359,62.921698,125.835449,0.10320657,0,0,chained
0.040000,0.0169763061,0.0063741306,0.37547218,2.9196601668,2.9198349985,-1.7483166571e-04,4.8418421237,281.462785,0.978074437705,0.983020690872,0.29136216,0.014821426983,54.164254,108.319275,0.10736813,0,0,chained
0.040000,0.0169763061,0.0075256544,0.44330341,2.9196221541,2.9198349985,-2.1284435751e-04,4.8463874201,281.727009,0.977733508633,0.983020690872,0.31144480,0.015855594819,43.124966,86.238336,0.11295507,0,0,chained
0.040000,0.0169763061,0.0089555384,0.52753163,2.9195653930,2.9198349985,-2.6960545368e-04,4.8516660240,282.033862,0.977219497124,0.983020690872,0.34172297,0.017369249858,30.259452,60.502376,0.12013121,0,0,chained
0.040000,0.0169763061,0.0104674796,0.61659347,2.9194912770,2.9198349985,-3.4372147647e-04,4.8561495448,282.294495,0.976525006545,0.983020690872,0.38263237,0.019341623836,18.425393,36.823630,0.12770187,0,0,chained
0.040000,0.0169763061,0.0119937603,0.70650000,2.9193925888,2.9198349985,-4.4240965589e-04,4.8585454800,282.433774,0.975526057297,0.983020690872,0.44147611,0.022068864233,8.749190,17.441045,0.13508517,0,0,chained
0.040000,0.0169763061,0.0129807555,0.76463957,2.9192904544,2.9198349985,-5.4454409925e-04,4.8572965483,282.361172,0.974340375789,0.983020690872,0.51131942,0.025192804603,3.537889,6.931510,0.13986718,0,0,chained
0.040000,0.0169763061,0.0131744818,0.77605114,2.9192148806,2.9198349985,-6.2011783954e-04,4.8535419501,282.142912,0.973291446331,0.983020690872,0.57310727,0.027892245192,1.729569,3.140742,0.14167333,0,1,chained
0.040000,0.0169763061,0.0128655461,0.75785309,2.9191644247,2.9198349985,-6.7057373278e-04,4.8485030277,281.849992,0.972450718076,0.983020690872,0.62263090,0.030030679627,1.165358,1.763739,0.14215069,0,0,chained
0.040000,0.0169763061,0.0123224469,0.72586149,2.9191319209,2.9198349985,-7.0307759974e-04,4.8427474829,281.515415,0.971810188262,0.983020690872,0.66036171,0.031653911567,1.101368,1.562901,0.14228376,0,0,chained
0.040000,0.0169763061,0.0117025091,0.68934366,2.9191107799,2.9198349985,-7.2421853100e-04,4.8365986646,281.157976,0.971327475433,0.983020690872,0.68879622,0.032879311862,1.055001,1.391198,0.14245429,0,0,chained
0.040000,0.0169763061,0.0110748581,0.65237149,2.9190965893,2.9198349985,-7.3840916644e-04,4.8302326419,280.787910,0.970958627509,0.983020690872,0.71052344,0.033820823008,1.006190,1.117631,0.14276133,0,0,chained
0.040000,0.0169763061,0.0104647891,0.61643499,2.9190867489,2.9198349985,-7.4824960358e-04,4.8237411720,280.410552,0.970671002164,0.983020690872,0.72746619,0.034561208732,0.961856,1.000000,0.14321051,1,0,chained
0.040000,0.0169763061,0.0098796633,0.58196779,2.9190797477,2.9198349985,-7.5525078330e-04,4.8171731088,280.028742,0.970442463829,0.983020690872,0.74092838,0.035155968184,0.954259,1.000000,0.14378425,1,0,chained
0.040000,0.0169763061,0.0093199551,0.54899782,2.9190746805,2.9198349985,-7.6031800202e-04,4.8105557967,279.644069,0.970258109406,0.983020690872,0.75178790,0.035642207223,0.963484,1.000000,0.14446251,1,0,chained
0.040000,0.0169763061,0.0087835996,0.51740346,2.9190709815,2.9198349985,-7.6401695810e-04,4.8039054158,279.257473,0.970107700394,0.983020690872,0.76064783,0.036045292535,0.971829,1.000000,0.14522784,1,0,chained
0.040000,0.0169763061,0.0082676786,0.48701281,2.9190682823,2.9198349985,-7.6671613542e-04,4.7972320621,278.869542,0.969984006802,0.983020690872,0.76793408,0.036383069701,0.978973,1.000000,0.14606614,1,0,chained
0.040000,0.0169763061,0.0077690597,0.45764135,2.9190663338,2.9198349985,-7.6866471252e-04,4.7905423519,278.480660,0.969881779942,0.983020690872,0.77395582,0.036668454650,0.984906,1.000000,0.14696618,1,0,chained
0.040000,0.0169763061,0.0072846096,0.42910451,2.9190649617,2.9198349985,-7.7003679274e-04,4.7838408273,278.091092,0.969797111110,0.983020690872,0.77894329,0.036911041426,0.989729,1.000000,0.14791905,1,0,chained
0.040000,0.0169763061,0.0068112249,0.40121949,2.9190640409,2.9198349985,-7.7095751804e-04,4.7771307558,277.701026,0.969727022558,0.983020690872,0.78307190,0.037118122916,0.993575,1.000000,0.14891762,1,0,chained
0.040000,0.0169763061,0.0063457755,0.37380190,2.9190634794,2.9198349985,-7.7151907227e-04,4.7704146122,277.310608,0.969669199814,0.983020690872,0.78647799,0.037295356388,0.996574,1.000000,0.14995612,1,0,chained
0.040000,0.0169763061,0.0058849874,0.34665889,2.9190632076,2.9198349985,-7.7179082870e-04,4.7636943916,276.919952,0.969621811930,0.983020690872,0.78926940,0.037447209061,0.998846,1.000001,0.15102981,1,0,chained
0.040000,0.0169763061,0.0054252654,0.31957867,2.9190631725,2.9198349985,-7.7182598617e-04,4.7569718356,276.529161,0.969583387766,0.983020690872,0.79153280,0.037577263848,1.000502,1.032197,0.15213475,0,0,chained
0.040000,0.0169763061,0.0049624185,0.29231439,2.9190633324,2.9198349985,-7.7166603109e-04,4.7502486302,276.138332,0.969552728663,0.983020690872,0.79333879,0.037688434477,1.001621,1.058583,0.15326763,0,0,chained
0.040000,0.0169763061,0.0044912171,0.26455797,2.9190636546,2.9198349985,-7.7134382411e-04,4.7435266269,275.747573,0.969528845991,0.983020690872,0.79474562,0.037783118574,1.002286,1.069945,0.15442556,0,0,chained
0.040000,0.0169763061,0.0040045981,0.23589337,2.9190641127,2.9198349985,-7.7088579085e-04,4.7368081780,275.357021,0.969510914785,0.983020690872,0.79580187,0.037863310168,1.002561,1.074169,0.15560595,0,0,chained
0.040000,0.0169763061,0.0034920871,0.20570359,2.9190646849,2.9198349985,-7.7031355616e-04,4.7300967822,274.966878,0.969498238917,0.983020690872,0.79654855,0.037930681914,1.002499,1.073238,0.15680628,0,0,chained
0.040000,0.0169763061,0.0029361667,0.17295675,2.9190653532,2.9198349985,-7.6964528825e-04,4.7233986457,274.577507,0.969490223643,0.983020690872,0.79702069,0.037986644052,1.002148,1.067727,0.15802379,0,0,chained
0.040000,0.0169763061,0.0023018617,0.13559261,2.9190661012,2.9198349985,-7.6889722741e-04,4.7167276016,274.189710,0.969486350752,0.983020690872,0.79724883,0.038032378544,1.001549,1.057237,0.15925445,0,0,chained
0.040000,0.0169763061,0.0014917289,0.08787123,2.9190669108,2.9198349985,-7.6808771332e-04,4.7101294113,273.806148,0.969486140575,0.983020690872,0.79726121,0.038068799651,1.000744,1.039336,0.16048828,0,0,chained
0.042000,0.0174697209,0.0008734860,0.05000000,2.9156849374,2.9157649155,-7.9978184183e-05,4.9036121152,285.053558,0.978260659728,0.982527276076,0.24422922,0.012271631526,81.605417,163.204708,0.08564562,0,0,chained
0.042000,0.0174697209,0.0011903125,0.06813575,2.9156833822,2.9157649155,-8.1533336240e-05,4.9038909130,285.069765,0.978244826102,0.982527276076,0.24513557,0.012321134470,80.902873,161.799565,0.08595137,0,0,chained
0.042000,0.0174697209,0.0015763026,0.09023056,2.9156808449,2.9157649155,-8.4070603153e-05,4.9043426208,285.096023,0.978219057808,0.982527276076,0.24661059,0.012401588399,79.768630,159.530992,0.08644614,0,0,chained
0.042000,0.0174697209,0.0020368840,0.11659511,2.9156768971,2.9157649155,-8.8018483298e-05,4.9050377284,285.136430,0.978179116239,0.982527276076,0.24889693,0.012526026211,78.032922,156.059436,0.08720611,0,0,chained
0.042000,0.0174697209,0.0024574762,0.14067060,2.9156724213,2.9157649155,-9.2494247768e-05,4.9058144727,285.181584,0.978134046706,0.982527276076,0.25147679,0.012666047984,76.107222,152.207873,0.08805350,0,0,chained
0.042000,0.0174697209,0.0029575554,0.16929609,2.9156660241,2.9157649155,-9.8891454554e-05,4.9069040593,285.244923,0.978069991674,0.982527276076,0.25514342,0.012864336440,73.430550,146.854290,0.08923922,0,0,chained
0.042000,0.0174697209,0.0034167530,0.19558143,2.9156591266,2.9157649155,-1.0578896186e-04,4.9080520442,285.311657,0.978001361997,0.982527276076,0.25907192,0.013075850342,70.641413,141.275748,0.09048522,0,0,chained
0.042000,0.0174697209,0.0039684003,0.22715877,2.9156495522,2.9157649155,-1.1536335252e-04,4.9096002866,285.401658,0.977906756086,0.982527276076,0.26448734,0.013365835574,66.930080,133.852689,0.09216126,0,0,chained
0.042000,0.0174697209,0.0046300335,0.26503191,2.9156362224,2.9157649155,-1.2869311703e-04,4.9116703239,285.521992,0.977776114037,0.982527276076,0.27196554,0.013763268020,62.058024,124.107991,0.09439625,0,0,chained
0.042000,0.0174697209,0.0054258977,0.31058869,2.9156175228,2.9157649155,-1.4739277744e-04,4.9144126675,285.681408,0.977594451992,0.982527276076,0.28236422,0.014310173385,55.762751,111.516534,0.09735094,0,0,chained
0.042000,0.0174697209,0.0063910375,0.36583512,2.9155909070,2.9157649155,-1.7400854385e-04,4.9180082369,285.890424,0.977337935547,0.982527276076,0.29704771,0.015071356720,47.787238,95.564012,0.10122232,0,0,chained
0.042000,0.0174697209,0.0075770836,0.43372665,2.9155520958,2.9157649155,-2.1281977146e-04,4.9226589528,286.160776,0.976965234611,0.982527276076,0.31838182,0.016155385456,37.960471,75.907769,0.10623561,0,0,chained
0.042000,0.0174697209,0.0089719426,0.51357103,2.9154970664,2.9157649155,-2.6784912246e-04,4.9282157652,286.483801,0.976432609569,0.982527276076,0.34887028,0.017663750118,27.038889,54.059279,0.11221287,0,0,chained
0.042000,0.0174697209,0.0103070179,0.58999327,2.9154329095,2.9157649155,-3.3200606031e-04,4.9334956287,286.790726,0.975794214352,0.982527276076,0.38541324,0.019417598118,17.764061,35.499954,0.11771299,0,0,chained
0.042000,0.0174697209,0.0115175404,0.65928588,2.9153607292,2.9157649155,-4.0418633080e-04,4.9384465252,287.078529,0.975037073021,0.982527276076,0.42875345,0.021436081437,10.621066,21.194951,0.12220827,0,0,chained
0.042000,0.0174697209,0.0124736515,0.71401550,2.9152858698,2.9157649155,-4.7904577287e-04,4.9432288535,287.356532,0.974185116502,0.982527276076,0.47752106,0.023645162143,5.875908,11.666097,0.12508688,0,0,chained
0.042000,0.0174697209,0.0130632485,0.74776515,2.9152164888,2.9157649155,-5.4842671976e-04,4.9481956946,287.645261,0.973305329968,0.982527276076,0.52788171,0.025872898762,3.224824,6.290683,0.12611049,0,0,chained
0.042000,0.0174697209,0.0132803120,0.76019028,2.9151583940,2.9157649155,-6.0652153365e-04,4.9535685006,287.957589,0.972470487793,0.982527276076,0.57566966,0.027946694474,1.943578,3.610160,0.12562732,0,0,chained
0.042000,0.0174697209,0.0132048485,0.75587060,2.9151123203,2.9157649155,-6.5259525531e-04,4.9593199096,288.291927,0.971716434885,0.982527276076,0.61883308,0.029791584649,1.365956,2.296460,0.12422011,0,1,chained
0.042000,0.0174697209,0.0129252801,0.73986758,2.9150761371,2.9157649155,-6.8877847657e-04,4.9653402073,288.641895,0.971044131980,0.982527276076,0.65731697,0.031416501136,1.108353,1.586313,0.12233551,0,0,chained
0.042000,0.0174697209,0.0125041332,0.71576033,2.9150474061,2.9157649155,-7.1750942235e-04,4.9715390543,289.002242,0.970442026789,0.982527276076,0.69178262,0.032857054050,0.995035,1.000000,0.12022945,1,0,chained
0.042000,0.0174697209,0.0119800978,0.68576355,2.9150242134,2.9157649155,-7.4070216595e-04,4.9778572948,289.369530,0.969897902398,0.982527276076,0.72292933,0.034147550260,0.948870,1.000000,0.11803672,1,0,chained
0.042000,0.0174697209,0.0113763641,0.65120468,2.9150051852,2.9157649155,-7.5973033295e-04,4.9842573310,289.741572,0.969401890270,0.982527276076,0.75132201,0.035314829752,0.934631,1.000000,0.11582827,1,0,chained
0.042000,0.0174697209,0.0107064777,0.61285912,2.9149893458,2.9157649155,-7.7556976894e-04,4.9907143596,290.116928,0.968946536830,0.982527276076,0.77738730,0.036378851746,0.935397,1.000000,0.11364228,1,0,chained
0.042000,0.0174697209,0.0099775248,0.57113246,2.9149759914,2.9157649155,-7.8892418880e-04,4.9972107764,290.494574,0.968526264410,0.982527276076,0.80144450,0.037354424659,0.942756,1.000000,0.11149974,1,0,chained
0.042000,0.0174697209,0.0091915190,0.52614000,2.9149646035,2.9157649155,-8.0031203954e-04,5.0037326571,290.873699,0.968136851786,0.982527276076,0.82373521,0.038252702317,0.952481,1.000000,0.10941231,1,0,chained
0.042000,0.0174697209,0.0083454765,0.47771092,2.9149547924,2.9157649155,-8.1012310064e-04,5.0102671996,291.253561,0.967775054502,0.982527276076,0.84444518,0.039082242696,0.962491,1.000000,0.10738654,1,0,chained
0.042000,0.0174697209,0.0074301082,0.42531350,2.9149462608,2.9157649155,-8.1865472794e-04,5.0168001537,291.633330,0.967438371220,0.982527276076,0.86371757,0.039849663919,0.971824,1.000000,0.10542650,1,0,chained
0.042000,0.0174697209,0.0064261777,0.36784661,2.9149387813,2.9157649155,-8.2613420246e-04,5.0233118148,292.011862,0.967124966908,0.982527276076,0.88165743,0.040559904469,0.980103,1.000000,0.10353578,1,0,chained
0.042000,0.0174697209,0.0052951570,0.30310484,2.9149321863,2.9157649155,-8.3272921448e-04,5.0297677584,292.387155,0.966833857774,0.982527276076,0.89832106,0.041215875248,0.987241,1.000000,0.10172053,1,0,chained
0.042000,0.0174697209,0.0039507899,0.22615071,2.9149263777,2.9157649155,-8.3853787440e-04,5.0360882960,292.754576,0.966565915090,0.982527276076,0.91365861,0.041816285390,0.993268,1.000000,0.09999748,1,0,chained
0.042000,0.0174697209,0.0021274141,0.12177722,2.9149214412,2.9157649155,-8.4347438095e-04,5.0419792475,293.097025,0.966329953771,0.982527276076,0.92716549,0.042342226993,0.998137,1.000000,0.09843692,1,0,chained
0.045000,0.0182327376,0.0009116369,0.05000000,2.9095747997,2.9096558934,-8.1093634519e-05,5.0139265404,291.466283,0.977200471048,0.981764259423,0.25030736,0.012633428492,66.348469,132.689403,0.07930751,0,0,chained
0.045000,0.0182327376,0.0012474806,0.06841982,2.9095731309,2.9096558934,-8.2762528326e-05,5.0141895439,291.481572,0.977181898077,0.981764259423,0.25132602,0.012687956295,65.746384,131.485163,0.07958964,0,0,chained
0.045000,0.0182327376,0.0016597921,0.09103362,2.9095703741,2.9096558934,-8.5519237372e-05,5.0146212526,291.506668,0.977151298464,0.981764259423,0.25300430,0.012777673977,64.762925,129.518128,0.08005113,0,0,chained
0.045000,0.0182327376,0.0021555390,0.11822355,2.9095660294,2.9096558934,-8.9863990674e-05,5.0152948500,291.545825,0.977103264101,0.981764259423,0.25563881,0.012918211871,63.240524,126.473140,0.08076718,0,0,chained
0.045000,0.0182327376,0.0026106819,0.14318650,2.9095610534,2.9096558934,-9.4840026346e-05,5.0160562528,291.590086,0.977048523297,0.981764259423,0.25864115,0.013077927170,61.537562,123.066999,0.08157071,0,0,chained
0.045000,0.0182327376,0.0031534573,0.17295578,2.9095538884,2.9096558934,-1.0200501663e-04,5.0171341650,291.652747,0.976970172935,0.981764259423,0.26293838,0.013305704923,59.159596,118.310740,0.08269757,0,0,chained
0.045000,0.0182327376,0.0037951134,0.20814831,2.9095436969,2.9096558934,-1.1219651446e-04,5.0186311396,291.739768,0.976859580768,0.981764259423,0.26900396,0.013625572724,55.922327,111.835713,0.08424155,0,0,chained
0.045000,0.0182327376,0.0043824107,0.24035945,2.9095327374,2.9096558934,-1.2315601727e-04,5.0201954573,291.830704,0.976741615983,0.981764259423,0.27547391,0.013964659688,52.622468,105.235433,0.08582833,0,0,chained
0.045000,0.0182327376,0.0050865229,0.27897747,2.9095175399,2.9096558934,-1.3835350884e-04,5.0222912961,291.952538,0.976579373668,0.981764259423,0.28437231,0.014427516109,48.339197,96.668050,0.08790968,0,0,chained
0.045000,0.0182327376,0.0059287027,0.32516800,2.9094963905,2.9096558934,-1.5950284502e-04,5.0250776453,292.114512,0.976355501968,0.981764259423,0.29665087,0.015059671218,42.901498,85.791339,0.09059126,0,0,chained
0.045000,0.0182327376,0.0069344098,0.38032741,2.9094667949,2.9096558934,-1.8909843603e-04,5.0287544124,292.328247,0.976044384484,0.981764259423,0.31371454,0.015926102260,36.208801,72.403790,0.09395843,0,0,chained
0.045000,0.0182327376,0.0081282923,0.44580756,2.9094251862,2.9096558934,-2.3070720393e-04,5.0335759084,292.608527,0.975607652653,0.981764259423,0.33766771,0.017120171334,28.355587,56.693535,0.09800643,0,0,chained
0.045000,0.0182327376,0.0094376856,0.51762307,2.9093704659,2.9096558934,-2.8542743494e-04,5.0395260914,292.954420,0.975027318400,0.981764259423,0.36949696,0.018670829409,20.291912,40.559168,0.10223979,0,0,chained
0.045000,0.0182327376,0.0105645257,0.57942619,2.9093139602,2.9096558934,-3.4193319377e-04,5.0455531158,293.304779,0.974411884147,0.981764259423,0.40325131,0.020276374994,14.088604,28.141673,0.10543633,0,0,chained
0.045000,0.0182327376,0.0114842820,0.62987151,2.9092588335,2.9096558934,-3.9705987402e-04,5.0517249496,293.663556,0.973786355648,0.981764259423,0.43755929,0.021873435419,9.645483,19.238989,0.10748056,0,0,chained
0.045000,0.0182327376,0.0121901789,0.66858742,2.9092078875,2.9096558934,-4.4800588017e-04,5.0580863440,294.033352,0.973177570990,0.981764259423,0.47094894,0.023398983740,6.644763,13.213848,0.10845000,0,0,chained
0.045000,0.0182327376,0.0127018969,0.69665330,2.9091625940,2.9096558934,-4.9329942435e-04,5.0646342894,294.413993,0.972603940368,0.981764259423,0.50241051,0.024813855270,4.688920,9.269965,0.10855940,0,0,chained
0.045000,0.0182327376,0.0130539457,0.71596191,2.9091231079,2.9096558934,-5.3278544538e-04,5.0713363596,294.803593,0.972072563616,0.981764259423,0.53155462,0.026107065482,3.429867,6.710718,0.10805057,0,0,chained
0.045000,0.0182327376,0.0132816188,0.72844896,2.9090888563,2.9096558934,-5.6703707862e-04,5.0781552611,295.199985,0.971582783093,0.981764259423,0.55841731,0.027285462136,2.616380,5.034115,0.10712298,0,0,chained
0.045000,0.0182327376,0.0134142281,0.73572211,2.9090590456,2.9096558934,-5.9684774360e-04,5.0850601178,295.601374,0.971130498039,0.981764259423,0.58322352,0.028362851385,2.083950,3.912295,0.10591922,0,0,chained
0.045000,0.0182327376,0.0134740606,0.73900371,2.9090329136,2.9096558934,-6.2297975677e-04,5.0920282043,296.006438,0.970710763881,0.981764259423,0.60624443,0.029353913138,1.729342,3.140236,0.10453530,0,0,chained
0.045000,0.0182327376,0.0134775267,0.73919381,2.9090098112,2.9096558934,-6.4608214377e-04,5.0990434317,296.414243,0.970318913132,0.981764259423,0.62773603,0.030271816831,1.488710,2.591552,0.10303478,0,1,chained
0.045000,0.0182327376,0.0134366431,0.73695149,2.9089892111,2.9096558934,-6.6668232535e-04,5.1060944613,296.824128,0.969950908061,0.981764259423,0.64791978,0.031127638453,1.322528,2.188022,0.10145981,0,0,chained
0.045000,0.0182327376,0.0133602678,0.73276258,2.9089706912,2.9096558934,-6.8520222739e-04,5.1131732165,297.235626,0.969603373142,0.981764259423,0.66698082,0.031930470643,1.206034,1.880213,0.09983868,0,0,chained
0.045000,0.0182327376,0.0132550047,0.72698928,2.9089539146,2.9096558934,-7.0197880636e-04,5.1202738445,297.648395,0.969273519022,0.981764259423,0.68507213,0.032687731128,1.123432,1.635388,0.09819063,0,0,chained
0.045000,0.0182327376,0.0131258398,0.71990505,2.9089386109,2.9096558934,-7.1728246609e-04,5.1273920216,298.062184,0.968959042894,0.981764259423,0.70232001,0.033405484938,1.064420,1.429098,0.09652890,0,0,chained
0.045000,0.0182327376,0.0129765819,0.71171879,2.9089245615,2.9096558934,-7.3133189948e-04,5.1345244901,298.476804,0.968658035487,0.981764259423,0.71882919,0.034088722642,1.022125,1.233645,0.09486273,0,0,chained
0.045000,0.0182327376,0.0128101697,0.70259168,2.9089115878,2.9096558934,-7.4430556558e-04,5.1416687488,298.892109,0.968368903036,0.981764259423,0.73468706,0.034741584504,0.991861,1.000000,0.09319859,1,0,chained
0.045000,0.0182327376,0.0126288880,0.69264903,2.9088995429,2.9096558934,-7.5635043376e-04,5.1488228418,299.307986,0.968090304611,0.981764259423,0.74996718,0.035367536049,0.970364,1.000000,0.09154107,1,0,chained
0.045000,0.0182327376,0.0124345200,0.68198865,2.9088883048,2.9096558934,-7.6758862820e-04,5.1559852133,299.724345,0.967821102670,0.981764259423,0.76473194,0.035969504189,0.955325,1.000000,0.08989339,1,0,chained
0.045000,0.0182327376,0.0122284584,0.67068691,2.9088777709,2.9096558934,-7.7812249449e-04,5.1631546053,300.141111,0.967560324265,0.981764259423,0.77903470,0.036549982653,0.945079,1.000000,0.08825782,1,0,chained
0.045000,0.0182327376,0.0120117847,0.65880314,2.9088678549,2.9096558934,-7.8803848874e-04,5.1703299841,300.558226,0.967307130603,0.981764259423,0.79292146,0.037111113903,0.938416,1.000000,0.08663595,1,0,chained
0.045000,0.0182327376,0.0117853279,0.64638280,2.9088584832,2.9096558934,-7.9741018688e-04,5.1775104874,300.975638,0.967060793066,0.981764259423,0.80643218,0.037654753170,0.934439,1.000000,0.08502885,1,0,chained
0.045000,0.0182327376,0.0115497074,0.63345986,2.9088495927,2.9096558934,-8.0630063390e-04,5.1846953847,301.393306,0.966820674210,0.981764259423,0.81960184,0.038182518850,0.932482,1.000000,0.08343722,1,0,chained
0.045000,0.0182327376,0.0113053641,0.62005851,2.9088411292,2.9096558934,-8.1476419393e-04,5.1918840475,301.811192,0.966586212629,0.981764259423,0.83246121,0.038695832466,0.932045,1.000000,0.08186151,1,0,chained
0.045000,0.0182327376,0.0110525834,0.60619440,2.9088330454,2.9096558934,-8.2284802012e-04,5.1990759258,302.229266,0.966356910795,0.981764259423,0.84503759,0.039195950607,0.932748,1.000000,0.08030194,1,0,chained
0.045000,0.0182327376,0.0107915099,0.59187546,2.9088253001,2.9096558934,-8.3059323224e-04,5.2062705307,302.647498,0.966132325241,0.981764259423,0.85735530,0.039683990631,0.934305,1.000000,0.07875860,1,0,chained
0.045000,0.0182327376,0.0105221575,0.57710245,2.9088178575,2.9096558934,-8.3803586772e-04,5.2134674188,303.065863,0.965912058581,0.981764259423,0.86943613,0.040160951509,0.936495,1.000000,0.07723145,1,0,chained
0.045000,0.0182327376,0.0102444141,0.56186922,2.9088106857,2.9096558934,-8.4520765544e-04,5.2206661806,303.484336,0.965695752973,0.981764259423,0.88129972,0.040627730831,0.939151,1.000000,0.07572040,1,0,chained
0.045000,0.0182327376,0.0099580407,0.54616267,2.9088037567,2.9096558934,-8.5213664970e-04,5.2278664284,303.902896,0.965483084759,0.981764259423,0.89296380,0.041085138760,0.942144,1.000000,0.07422528,1,0,chained
0.045000,0.0182327376,0.0096626665,0.52996246,2.9087970456,2.9096558934,-8.5884775286e-04,5.2350677872,304.321521,0.965273760032,0.981764259423,0.90444451,0.041533909539,0.945373,1.000000,0.07274587,1,0,chained
0.045000,0.0182327376,0.0093577781,0.51324043,2.9087905302,2.9096558934,-8.6536314851e-04,5.2422698836,304.740189,0.965067510984,0.981764259423,0.91575653,0.041974711000,0.948765,1.000000,0.07128195,1,0,chained
0.045000,0.0182327376,0.0090427020,0.49595964,2.9087841907,2.9096558934,-8.7170266201e-04,5.2494723353,305.158877,0.964864092884,0.981764259423,0.92691328,0.042408152426,0.952259,1.000000,0.06983326,1,0,chained
0.045000,0.0182327376,0.0087165787,0.47807295,2.9087780093,2.9096558934,-8.7788406130e-04,5.2566747381,305.577562,0.964663281616,0.981764259423,0.93792705,0.042834791016,0.955811,1.000000,0.06839956,1,0,chained
0.045000,0.0182327376,0.0083783257,0.45952100,2.9087719701,2.9096558934,-8.8392330787e-04,5.2638766507,305.996219,0.964464871701,0.981764259423,0.94880912,0.043255137131,0.959387,1.000000,0.06698057,1,0,chained
0.045000,0.0182327376,0.0080265846,0.44022926,2.9087660586,2.9096558934,-8.8983476491e-04,5.2710775740,306.414818,0.964268674784,0.981764259423,0.95956982,0.043669658395,0.962961,1.000000,0.06557606,1,0,chained
0.045000,0.0182327376,0.0076596450,0.42010395,2.9087602620,2.9096558934,-8.9563136741e-04,5.2782769228,306.833326,0.964074518610,0.981764259423,0.97021858,0.044078782680,0.966512,1.000000,0.06418579,1,0,chained
0.045000,0.0182327376,0.0072753330,0.39902582,2.9087545686,2.9096558934,-9.0132475598e-04,5.2854739843,307.251701,0.963882246553,0.981764259423,0.98076401,0.044482899803,0.970027,1.000000,0.06280956,1,0,chained
0.045000,0.0182327376,0.0068708442,0.37684106,2.9087489680,2.9096558934,-9.0692537260e-04,5.2926678557,307.669890,0.963691717894,0.981764259423,0.99121382,0.044882361593,0.973494,1.000000,0.06144719,1,0,chained
0.045000,0.0182327376,0.0064424831,0.35334700,2.9087434509,2.9096558934,-9.1244250991e-04,5.2998573417,308.087825,0.963502809239,0.981764259423,1.00157478,0.045277479558,0.976904,1.000000,0.06009858,1,0,chained
0.045000,0.0182327376,0.0059852389,0.32826880,2.9087380091,2.9096558934,-9.1788429334e-04,5.3070407822,308.505408,0.963315417872,0.981764259423,1.01185252,0.045668518475,0.980252,1.000000,0.05876369,1,0,chained
0.045000,0.0182327376,0.0054920526,0.30121931,2.9087326358,2.9096558934,-9.2325754719e-04,5.3142157354,308.922498,0.963129468851,0.981764259423,1.02205116,0.046055682268,0.983533,1.000000,0.05744265,1,0,chained
0.045000,0.0182327376,0.0049524480,0.27162394,2.9087273260,2.9096558934,-9.2856742267e-04,5.3213783447,309.338870,0.962944930067,0.981764259423,1.03217245,0.046439083492,0.986743,1.000000,0.05613582,1,0,chained
0.045000,0.0182327376,0.0043496947,0.23856509,2.9087220769,2.9096558934,-9.3381645414e-04,5.3285219177,309.754135,0.962761847558,0.981764259423,1.04221386,0.046818671120,0.989877,1.000000,0.05484406,1,0,chained
0.045000,0.0182327376,0.0036539497,0.20040598,2.9087168915,2.9096558934,-9.3900191207e-04,5.3356331387,310.167520,0.962580439991,0.981764259423,1.05216341,0.047194036869,0.992930,1.000000,0.05356940,1,0,chained
0.045000,0.0182327376,0.0028010551,0.15362778,2.9087117870,2.9096558934,-9.4410640062e-04,5.3426788466,310.577096,0.962401431342,0.981764259423,1.06198139,0.047563731949,0.995888,1.000000,0.05231729,1,0,chained
0.045000,0.0182327376,0.0015829664,0.08682001,2.9087068528,2.9096558934,-9.4904055090e-04,5.3495259018,310.975125,0.962228069733,0.981764259423,1.07148965,0.047921117779,0.998700,1.000000,0.05111057,1,0,chained
