beta,gamma,Az,Az_over_gamma,C_sail,C_sail_eq,dC_from_eq,T_nd,T_days,x0,x_eq,dx_over_gamma,vy0,nu_max,lambda_max,delta,stable,is_fold,seeded_by
0.005000,0.0105621442,0.0005281072,0.05000000,2.9907163602,2.9907869617,-7.0601529063e-05,3.2620328983,189.626353,0.988055579510,0.989434852751,0.13058648,0.009176909472,725.056431,1450.112172,0.11337149,0,0,bootstrap
0.005000,0.0105621442,0.0007352675,0.06961347,2.9907149527,2.9907869617,-7.2008969231e-05,3.2619888646,189.623793,0.988056714049,0.989434852751,0.13047906,0.009212515179,720.396792,1440.792890,0.11398940,0,0,bootstrap
0.005000,0.0105621442,0.0010001050,0.09468769,2.9907124887,2.9907869617,-7.4472993027e-05,3.2619097424,189.619194,0.988058782984,0.989434852751,0.13028318,0.009274353073,712.296521,1424.592340,0.11506797,0,0,bootstrap
0.005000,0.0105621442,0.0012586245,0.11916373,2.9907093717,2.9907869617,-7.7590044612e-05,3.2618058935,189.613157,0.988061547958,0.989434852751,0.13002140,0.009351691641,702.153193,1404.305674,0.11642675,0,0,bootstrap
0.005000,0.0105621442,0.0015099725,0.14296080,2.9907056764,2.9907869617,-8.1285297359e-05,3.2616772519,189.605679,0.988065033831,0.989434852751,0.12969137,0.009442127464,690.277256,1380.553787,0.11802982,0,0,bootstrap
0.005000,0.0105621442,0.0017536035,0.16602723,2.9907014795,2.9907869617,-8.5482194169e-05,3.2615237218,189.596754,0.988069258126,0.989434852751,0.12929142,0.009543250530,676.983144,1353.965550,0.11984093,0,0,bootstrap
0.005000,0.0105621442,0.0019891897,0.18833200,2.9906968560,2.9907869617,-9.0105712578e-05,3.2613452292,189.586378,0.988074227177,0.989434852751,0.12882096,0.009652765875,662.573852,1325.146949,0.12182515,0,0,bootstrap
0.005000,0.0105621442,0.0022165441,0.20985740,2.9906918777,2.9907869617,-9.5084059679e-05,3.2611417880,189.574552,0.988079933701,0.989434852751,0.12828068,0.009768559060,647.332105,1294.663438,0.12394974,0,0,bootstrap
0.005000,0.0105621442,0.0024355662,0.23059392,2.9906866123,2.9907869617,-1.0034945421e-04,3.2609135673,189.561285,0.988086355808,0.989434852751,0.12767265,0.009888725349,631.515816,1263.030841,0.12618453,0,0,bootstrap
0.005000,0.0105621442,0.0026462115,0.25053734,2.9906811232,2.9907869617,-1.0583853098e-04,3.2606609459,189.546600,0.988093457358,0.989434852751,0.12700029,0.010011579304,615.355850,1230.710888,0.12850201,0,0,bootstrap
0.005000,0.0105621442,0.0028484793,0.26968759,2.9906754690,2.9907869617,-1.1149268055e-04,3.2603845457,189.530532,0.988101189504,0.989434852751,0.12626823,0.010135655263,599.054924,1198.109013,0.13087741,0,0,bootstrap
0.005000,0.0105621442,0.0030424117,0.28804868,2.9906697033,2.9907869617,-1.1725843365e-04,3.2600852376,189.513133,0.988109493179,0.989434852751,0.12548206,0.010259703517,582.787157,1165.573455,0.13328868,0,0,bootstrap
0.005000,0.0105621442,0.0032280979,0.30562903,2.9906638738,2.9907869617,-1.2308786327e-04,3.2597641219,189.494466,0.988118302198,0.989434852751,0.12464804,0.010382683425,566.698208,1133.395534,0.13571655,0,0,bootstrap
0.005000,0.0105621442,0.0034056774,0.32244186,2.9906580228,2.9907869617,-1.2893891475e-04,3.2594224873,189.474606,0.988127546581,0.989434852751,0.12377280,0.010503753116,550.906107,1101.811306,0.13814454,0,0,bootstrap
0.005000,0.0105621442,0.0035753418,0.33850530,2.9906521861,2.9907869617,-1.3477557351e-04,3.2590617567,189.453637,0.988137155737,0.989434852751,0.12286303,0.010622255314,535.502832,1071.004731,0.14055884,0,0,bootstrap
0.005000,0.0105621442,0.0037373313,0.35384210,2.9906463939,2.9907869617,-1.4056781684e-04,3.2586834292,189.431644,0.988147061184,0.989434852751,0.12192520,0.010737699445,520.556573,1041.112185,0.14294825,0,0,bootstrap
0.005000,0.0105621442,0.0039369497,0.37274152,2.9906389683,2.9907869617,-1.4799342396e-04,3.2581676908,189.401663,0.988160278761,0.989434852751,0.12067379,0.010882680966,501.881829,1003.762662,0.14600362,0,0,bootstrap
0.005000,0.0105621442,0.0041247702,0.39052394,2.9906316989,2.9907869617,-1.5526284010e-04,3.2576280398,189.370293,0.988173762074,0.989434852751,0.11939722,0.011021465324,484.118568,968.236102,0.14898803,0,0,bootstrap
0.005000,0.0105621442,0.0043015541,0.40726144,2.9906246131,2.9907869617,-1.6234859882e-04,3.2570675303,189.337710,0.988187402960,0.989434852751,0.11810573,0.011153873673,467.287531,934.573992,0.15189244,0,0,bootstrap
0.005000,0.0105621442,0.0045162013,0.42758376,2.9906157015,2.9907869617,-1.7126017444e-04,3.2563120615,189.293793,0.988205230332,0.989434852751,0.11641788,0.011316553831,446.781873,893.562628,0.15554134,0,0,bootstrap
0.005000,0.0105621442,0.0047152063,0.44642510,2.9906071466,2.9907869617,-1.7981508144e-04,3.2555313249,189.248408,0.988223021206,0.989434852751,0.11473348,0.011468870173,427.774209,855.547250,0.15904276,0,0,bootstrap
0.005000,0.0105621442,0.0049001814,0.46393813,2.9905989503,2.9907869617,-1.8801143736e-04,3.2547297416,189.201811,0.988240665043,0.989434852751,0.11306300,0.011611420362,410.169663,820.338107,0.16239857,0,0,bootstrap
0.005000,0.0105621442,0.0051221205,0.48495082,2.9905888153,2.9907869617,-1.9814637021e-04,3.2536622313,189.139755,0.988263262022,0.989434852751,0.11092357,0.011783314198,389.199938,778.398591,0.16655299,0,0,bootstrap
0.005000,0.0105621442,0.0053256924,0.50422455,2.9905792406,2.9907869617,-2.0772108278e-04,3.2525718843,189.076372,0.988285373975,0.989434852751,0.10883006,0.011941463494,370.177525,740.353699,0.17048615,0,0,bootstrap
0.005000,0.0105621442,0.0055133521,0.52199175,2.9905701866,2.9907869617,-2.1677511648e-04,3.2514634761,189.011938,0.988306943040,0.989434852751,0.10678795,0.012087387550,352.873271,705.745126,0.17421598,0,0,bootstrap
0.005000,0.0105621442,0.0057369081,0.54315752,2.9905591259,2.9907869617,-2.2783581539e-04,3.2500012640,188.926938,0.988334134578,0.989434852751,0.10421351,0.012261079194,332.608018,665.214533,0.17879047,0,0,bootstrap
0.005000,0.0105621442,0.0059407708,0.56245879,2.9905487888,2.9907869617,-2.3817289627e-04,3.2485205483,188.840862,0.988360359432,0.989434852751,0.10173060,0.012419053920,314.509933,629.018275,0.18308768,0,0,bootstrap
0.005000,0.0105621442,0.0061812144,0.58522344,2.9905363022,2.9907869617,-2.5065949237e-04,3.2465745980,188.727741,0.988393053540,0.989434852751,0.09863520,0.012604521692,293.693685,587.385667,0.18831263,0,0,bootstrap
0.005000,0.0105621442,0.0063985022,0.60579576,2.9905247554,2.9907869617,-2.6220633149e-04,3.2446109888,188.613594,0.988424251368,0.989434852751,0.09568146,0.012771041218,275.424305,550.846795,0.19318339,0,0,bootstrap
0.005000,0.0105621442,0.0066527086,0.62986345,2.9905109447,2.9907869617,-2.7601699474e-04,3.2420388362,188.464071,0.988462755233,0.989434852751,0.09203600,0.012964194578,254.759229,509.516496,0.19906648,0,0,bootstrap
0.005000,0.0105621442,0.0069448792,0.65752550,2.9904946898,2.9907869617,-2.9227186652e-04,3.2386717169,188.268336,0.988509703910,0.989434852751,0.08759101,0.013183527842,232.016228,464.030301,0.20608358,0,0,bootstrap
0.005000,0.0105621442,0.0072028260,0.68194732,2.9904800184,2.9907869617,-3.0694335703e-04,3.2352865339,188.071551,0.988553576568,0.989434852751,0.08343724,0.013374406135,212.881466,425.760583,0.21251655,0,0,bootstrap
0.005000,0.0105621442,0.0074825277,0.70842885,2.9904637893,2.9907869617,-3.2317238522e-04,3.2311196459,187.829324,0.988603759487,0.989434852751,0.07868604,0.013578058648,193.171993,386.341398,0.21975854,0,0,bootstrap
0.005000,0.0105621442,0.0077303923,0.73189611,2.9904491447,2.9907869617,-3.3781698707e-04,3.2269398490,187.586347,0.988650547438,0.989434852751,0.07425626,0.013755335313,176.630402,353.257973,0.22642235,0,0,bootstrap
0.005000,0.0105621442,0.0079528088,0.75295401,2.9904358048,2.9907869617,-3.5115690770e-04,3.2227509245,187.342839,0.988694434109,0.989434852751,0.07010117,0.013911633708,162.535391,325.067705,0.23261198,0,0,bootstrap
0.005000,0.0105621442,0.0081544162,0.77204174,2.9904235584,2.9907869617,-3.6340329989e-04,3.2185553221,187.098943,0.988735816760,0.989434852751,0.06618315,0.014050880410,150.372550,300.741774,0.23840541,0,0,bootstrap
0.005000,0.0105621442,0.0083386866,0.78948804,2.9904122423,2.9907869617,-3.7471936502e-04,3.2143546944,186.854755,0.988775018525,0.989434852751,0.06247162,0.014176013342,139.764489,279.525400,0.24386261,0,0,bootstrap
0.005000,0.0105621442,0.0085082857,0.80554530,2.9904017279,2.9907869617,-3.8523384311e-04,3.2101501956,186.610342,0.988812305248,0.989434852751,0.05894139,0.014289283652,130.427606,260.851379,0.24903070,0,0,bootstrap
0.005000,0.0105621442,0.0086653044,0.82041148,2.9903919116,2.9907869617,-3.9505009636e-04,3.2059426547,186.365752,0.988847898056,0.989434852751,0.05557155,0.014392451695,122.144344,244.284595,0.25394739,0,0,bootstrap
0.005000,0.0105621442,0.0088114133,0.83424474,2.9903827093,2.9907869617,-4.0425239305e-04,3.2017326821,186.121021,0.988881982772,0.989434852751,0.05234448,0.014486918372,114.744808,229.485258,0.25864334,0,0,bootstrap
0.005000,0.0105621442,0.0089479683,0.84717346,2.9903740513,2.9907869617,-4.1291036151e-04,3.1975207371,185.876175,0.988914717029,0.989434852751,0.04924528,0.014573815654,108.094244,216.183862,0.26314386,0,0,bootstrap
0.005000,0.0105621442,0.0090760851,0.85930327,2.9903658795,2.9907869617,-4.2108221614e-04,3.1933071711,185.631234,0.988946235694,0.989434852751,0.04626116,0.014654070504,102.084304,204.163710,0.26747007,0,0,bootstrap
0.005000,0.0105621442,0.0091966930,0.87072216,2.9903581446,2.9907869617,-4.2881713978e-04,3.1890922581,185.386216,0.988976655057,0.989434852751,0.04338112,0.014728451016,96.626808,193.248442,0.27163979,0,0,bootstrap
0.005000,0.0105621442,0.0093105746,0.88150421,2.9903508046,2.9907869617,-4.3615707383e-04,3.1848762142,185.141132,0.989006076107,0.989434852751,0.04059561,0.014797600354,91.649212,183.292968,0.27566820,0,0,bootstrap
0.005000,0.0105621442,0.0094183950,0.89171240,2.9903438236,2.9907869617,-4.4313808438e-04,3.1806592123,184.895992,0.989034587111,0.989434852751,0.03789625,0.014862062148,87.091254,174.176766,0.27956838,0,0,bootstrap
0.005000,0.0105621442,0.0095207243,0.90140071,2.9903371703,2.9907869617,-4.4979141956e-04,3.1764413925,184.650804,0.989062265675,0.989434852751,0.03527570,0.014922299797,82.902436,165.798840,0.28335162,0,0,bootstrap
0.005000,0.0105621442,0.0096180553,0.91061579,2.9903308174,2.9907869617,-4.5614433832e-04,3.1722228690,184.405576,0.989089180400,0.989434852751,0.03272748,0.014978711335,79.040106,158.073885,0.28702780,0,0,bootstrap
0.005000,0.0105621442,0.0097108165,0.91939821,2.9903247409,2.9907869617,-4.6222076753e-04,3.1680037362,184.160312,0.989115392231,0.989434852751,0.03024580,0.015031641035,75.467978,150.929330,0.29060557,0,0,bootstrap
0.005000,0.0105621442,0.0097993832,0.92778350,2.9903189199,2.9907869617,-4.6804182861e-04,3.1637840727,183.915017,0.989140955557,0.989434852751,0.02782552,0.015081388561,72.154976,144.303023,0.29409259,0,0,bootstrap
0.005000,0.0105621442,0.0098840858,0.93580296,2.9903133354,2.9907869617,-4.7362626347e-04,3.1595639444,183.669695,0.989165919127,0.989434852751,0.02546203,0.015128216265,69.074328,138.141417,0.29749564,0,0,bootstrap
0.005000,0.0105621442,0.0099652171,0.94348428,2.9903079709,2.9907869617,-4.7899078226e-04,3.1553434069,183.424350,0.989190326797,0.989434852751,0.02315117,0.015172355065,66.202835,132.398116,0.30082078,0,0,bootstrap
0.005000,0.0105621442,0.0100430373,0.95085212,2.9903028114,2.9907869617,-4.8415034945e-04,3.1511225075,183.178983,0.989214218174,0.989434852751,0.02088918,0.015214009214,63.520294,127.032716,0.30407344,0,0,bootstrap
0.005000,0.0105621442,0.0101177791,0.95792851,2.9902978433,2.9907869617,-4.8911842104e-04,3.1469012867,182.933598,0.989237629144,0.989434852751,0.01867269,0.015253360203,61.009027,122.009858,0.30725849,0,0,bootstrap
0.005000,0.0105621442,0.0101896514,0.96473321,2.9902930546,2.9907869617,-4.9390714259e-04,3.1426797793,182.688196,0.989260592324,0.989434852751,0.01649858,0.015290569985,58.653494,117.298462,0.31038036,0,0,bootstrap
0.005000,0.0105621442,0.0102588423,0.97128406,2.9902884342,2.9907869617,-4.9852751559e-04,3.1384580153,182.442779,0.989283137449,0.989434852751,0.01436406,0.015325783645,56.439978,112.871097,0.31344302,0,0,bootstrap
0.005000,0.0105621442,0.0103255221,0.97759715,2.9902839722,2.9907869617,-5.0298953811e-04,3.1342360210,182.197349,0.989305291700,0.989434852751,0.01226655,0.015359131639,54.356327,108.703454,0.31645013,0,0,bootstrap
0.005000,0.0105621442,0.0103898451,0.98368710,2.9902796594,2.9907869617,-5.0730232439e-04,3.1300138192,181.951907,0.989327079990,0.989434852751,0.01020368,0.015390731670,52.391731,104.773918,0.31940499,0,0,bootstrap
0.005000,0.0105621442,0.0104519519,0.98956723,2.9902754875,2.9907869617,-5.1147420698e-04,3.1257914300,181.706454,0.989348525206,0.989434852751,0.00817330,0.015420690282,50.536546,101.063198,0.32231064,0,0,bootstrap
0.005000,0.0105621442,0.0105119708,0.99524969,2.9902714489,2.9907869617,-5.1551282451e-04,3.1215688708,181.460991,0.989369648425,0.989434852751,0.00617340,0.015449104206,48.782138,97.554025,0.32516987,0,0,bootstrap
0.007000,0.0108185193,0.0005409260,0.05000000,2.9866721343,2.9867437544,-7.1620123812e-05,3.3468958066,194.559548,0.987694897320,0.989178477663,0.13713340,0.009314094379,666.817029,1333.633307,0.11526448,0,0,bootstrap(after chain)
0.007000,0.0108185193,0.0007544411,0.06973607,2.9866707320,2.9867437544,-7.3022396730e-05,3.3469029871,194.559965,0.987695575694,0.989178477663,0.13707070,0.009349395434,662.463528,1324.926302,0.11587913,0,0,bootstrap(after chain)
0.007000,0.0108185193,0.0010289418,0.09510930,2.9866682577,2.9867437544,-7.5496708935e-05,3.3469136132,194.560583,0.987696853716,0.989178477663,0.13695256,0.009411198040,654.837348,1309.673933,0.11696052,0,0,bootstrap(after chain)
0.007000,0.0108185193,0.0013795304,0.12751564,2.9866640125,2.9867437544,-7.9741887645e-05,3.3469256702,194.561284,0.987699281468,0.989178477663,0.13672816,0.009515822618,641.917245,1283.833712,0.11880688,0,0,bootstrap(after chain)
0.007000,0.0108185193,0.0017221492,0.15918529,2.9866587094,2.9867437544,-8.5044950356e-05,3.3469294988,194.561507,0.987702716523,0.989178477663,0.13641064,0.009644105279,626.065443,1252.130087,0.12109841,0,0,bootstrap(after chain)
0.007000,0.0108185193,0.0020566467,0.19010427,2.9866524575,2.9867437544,-9.1296841535e-05,3.3469174725,194.560807,0.987707314184,0.989178477663,0.13598566,0.009792051986,607.782194,1215.563566,0.12378043,0,0,bootstrap(after chain)
0.007000,0.0108185193,0.0023831552,0.22028479,2.9866453593,2.9867437544,-9.8395110686e-05,3.3468812950,194.558704,0.987713216172,0.989178477663,0.13544011,0.009955935524,587.545416,1175.089980,0.12680249,0,0,bootstrap(after chain)
0.007000,0.0108185193,0.0027017390,0.24973279,2.9866375141,2.9867437544,-1.0624028347e-04,3.3468122393,194.554690,0.987720535559,0.989178477663,0.13476355,0.010132284220,565.811644,1131.622404,0.13011735,0,0,bootstrap(after chain)
0.007000,0.0108185193,0.0030121094,0.27842159,2.9866290269,2.9867437544,-1.1472752576e-04,3.3467015083,194.548253,0.987729339943,0.989178477663,0.13394973,0.010317749129,543.030147,1086.059374,0.13367766,0,0,bootstrap(after chain)
0.007000,0.0108185193,0.0033134357,0.30627441,2.9866200174,2.9867437544,-1.2373692972e-04,3.3465408703,194.538915,0.987739632080,0.989178477663,0.13299838,0.010508947820,519.658121,1039.315280,0.13743210,0,0,bootstrap(after chain)
0.007000,0.0108185193,0.0036043016,0.33316034,2.9866106277,2.9867437544,-1.3312664967e-04,3.3463236144,194.526286,0.987751331706,0.989178477663,0.13191694,0.010702381095,496.165199,992.329389,0.14132247,0,0,bootstrap(after chain)
0.007000,0.0108185193,0.0038828628,0.35890889,2.9866010206,2.9867437544,-1.4273378380e-04,3.3460456508,194.510127,0.987764267406,0.989178477663,0.13072124,0.010894506693,473.017752,946.034448,0.14528389,0,0,bootstrap(after chain)
0.007000,0.0108185193,0.0041472061,0.38334323,2.9865913684,2.9867437544,-1.5238596169e-04,3.3457063316,194.490402,0.987778188503,0.989178477663,0.12943446,0.011081993231,450.642049,901.282988,0.14924912,0,0,bootstrap(after chain)
0.007000,0.0108185193,0.0043957928,0.40632111,2.9865818334,2.9867437544,-1.6192093582e-04,3.3453085299,194.467277,0.987792799031,0.989178477663,0.12808394,0.011262066021,429.379412,858.757660,0.15315592,0,0,bootstrap(after chain)
0.007000,0.0108185193,0.0046277919,0.42776573,2.9865725486,2.9867437544,-1.7120579928e-04,3.3448578638,194.441080,0.987807802528,0.989178477663,0.12669711,0.011432777326,409.454976,818.908730,0.15695419,0,0,bootstrap(after chain)
0.007000,0.0108185193,0.0048431718,0.44767418,2.9865636068,2.9867437544,-1.8014761947e-04,3.3443614324,194.412221,0.987822939866,0.989178477663,0.12529790,0.011593077386,390.973939,781.946599,0.16060971,0,0,bootstrap(after chain)
0.007000,0.0108185193,0.0050425730,0.46610566,2.9865550611,2.9867437544,-1.8869328264e-04,3.3438266054,194.381131,0.987838008937,0.989178477663,0.12390501,0.011742691577,373.942216,747.883095,0.16410379,0,0,bootstrap(after chain)
0.007000,0.0108185193,0.0052798141,0.48803482,2.9865445706,2.9867437544,-1.9918377339e-04,3.3430846879,194.338003,0.987857276333,0.989178477663,0.12212404,0.011921794657,353.852421,707.703429,0.16839741,0,0,bootstrap(after chain)
0.007000,0.0108185193,0.0054947069,0.50789824,2.9865347760,2.9867437544,-2.0897842325e-04,3.3423019548,194.292501,0.987875997426,0.989178477663,0.12039358,0.012084695293,335.884229,671.766970,0.17241419,0,0,bootstrap(after chain)
0.007000,0.0108185193,0.0056901770,0.52596634,2.9865256339,2.9867437544,-2.1812050553e-04,3.3414881220,194.245192,0.987894082228,0.989178477663,0.11872192,0.012233151780,319.779072,639.556580,0.17617342,0,0,bootstrap(after chain)
0.007000,0.0108185193,0.0059196647,0.54717883,2.9865146281,2.9867437544,-2.2912624446e-04,3.3403950723,194.181652,0.987916605567,0.989178477663,0.11664000,0.012407481483,301.216158,602.430655,0.18071591,0,0,bootstrap(after chain)
0.007000,0.0108185193,0.0061257747,0.56623042,2.9865045017,2.9867437544,-2.3925270693e-04,3.3392730373,194.116426,0.987938028557,0.989178477663,0.11465979,0.012563833799,284.906416,569.811078,0.18491566,0,0,bootstrap(after chain)
0.007000,0.0108185193,0.0063653023,0.58837093,2.9864924572,2.9867437544,-2.5129718282e-04,3.3377831383,194.029816,0.987964350129,0.989178477663,0.11222677,0.012744980890,266.433302,532.864728,0.18994129,0,0,bootstrap(after chain)
0.007000,0.0108185193,0.0066385509,0.61362842,2.9864783701,2.9867437544,-2.6538429345e-04,3.3358097905,193.915103,0.987996255156,0.989178477663,0.10927766,0.012950525535,246.051787,492.101541,0.19586912,0,0,bootstrap(after chain)
0.007000,0.0108185193,0.0068781727,0.63577764,2.9864657261,2.9867437544,-2.7802832783e-04,3.3338089698,193.798793,0.988025888348,0.989178477663,0.10653855,0.013129493094,228.832898,457.663610,0.20124342,0,0,bootstrap(after chain)
0.007000,0.0108185193,0.0071512448,0.66101881,2.9864510018,2.9867437544,-2.9275253646e-04,3.3311804143,193.645991,0.988061555277,0.989178477663,0.10324171,0.013331646647,210.001397,420.000414,0.20757630,0,0,bootstrap(after chain)
0.007000,0.0108185193,0.0074572471,0.68930385,2.9864341232,2.9867437544,-3.0963120405e-04,3.3277332260,193.445601,0.988103949193,0.989178477663,0.09932306,0.013555504143,189.946017,379.889401,0.21494960,0,0,bootstrap(after chain)
0.007000,0.0108185193,0.0077769803,0.71885811,2.9864160829,2.9867437544,-3.2767152321e-04,3.3234786505,193.198277,0.988151032667,0.989178477663,0.09497094,0.013785940260,170.212295,340.421653,0.22298630,0,0,bootstrap(after chain)
0.007000,0.0108185193,0.0080519351,0.74427330,2.9864002567,2.9867437544,-3.4349766881e-04,3.3192046198,192.949822,0.988193860929,0.989178477663,0.09101215,0.013980935895,154.259373,308.515505,0.23018959,0,0,bootstrap(after chain)
0.007000,0.0108185193,0.0082932284,0.76657703,2.9863861420,2.9867437544,-3.5761238670e-04,3.3149179704,192.700633,0.988233290824,0.989178477663,0.08736749,0.014149423043,141.039054,282.074564,0.23675113,0,0,bootstrap(after chain)
0.007000,0.0108185193,0.0085082506,0.78645241,2.9863733935,2.9867437544,-3.7036084914e-04,3.3106226710,192.450942,0.988269941323,0.989178477663,0.08397973,0.014297340024,129.870509,259.737168,0.24280195,0,0,bootstrap(after chain)
0.007000,0.0108185193,0.0087021674,0.80437694,2.9863617636,2.9867437544,-3.8199074190e-04,3.3063211828,192.200891,0.988304274814,0.989178477663,0.08080615,0.014428830608,120.289182,240.574206,0.24843576,0,0,bootstrap(after chain)
0.007000,0.0108185193,0.0088787352,0.82069781,2.9863510682,2.9867437544,-3.9268615873e-04,3.3020151137,191.950573,0.988336646464,0.989178477663,0.07781390,0.014546899203,111.965468,223.926469,0.25372202,0,0,bootstrap(after chain)
0.007000,0.0108185193,0.0090407732,0.83567565,2.9863411665,2.9867437544,-4.0258789463e-04,3.2977055587,191.700053,0.988367335483,0.989178477663,0.07497719,0.014653792710,104.657994,209.311210,0.25871376,0,0,bootstrap(after chain)
0.007000,0.0108185193,0.0091904537,0.84951124,2.9863319482,2.9867437544,-4.1180620395e-04,3.2933932897,191.449375,0.988396565695,0.989178477663,0.07227532,0.014751235031,98.185317,196.365541,0.26345243,0,0,bootstrap(after chain)
0.007000,0.0108185193,0.0093294873,0.86236267,2.9863233252,2.9867437544,-4.2042915453e-04,3.2890788666,191.198572,0.988424519531,0.989178477663,0.06969143,0.014840577464,92.408014,184.810618,0.26797109,0,0,bootstrap(after chain)
0.007000,0.0108185193,0.0094592457,0.87435677,2.9863152261,2.9867437544,-4.2852828924e-04,3.2847627053,190.947667,0.988451347810,0.989178477663,0.06721159,0.014922898706,87.216933,174.428132,0.27229660,0,0,bootstrap(after chain)
0.007000,0.0108185193,0.0095808470,0.88559688,2.9863075918,2.9867437544,-4.3616257680e-04,3.2804451217,190.696680,0.988477176772,0.989178477663,0.06482411,0.014999073459,82.525225,165.044391,0.27645106,0,0,bootstrap(after chain)
0.007000,0.0108185193,0.0096952149,0.89616838,2.9863003731,2.9867437544,-4.4338123924e-04,3.2761263596,190.445625,0.988502113225,0.989178477663,0.06251913,0.015069820730,78.262817,156.519245,0.28045292,0,0,bootstrap(after chain)
0.007000,0.0108185193,0.0098031218,0.90614266,2.9862935286,2.9867437544,-4.5022582047e-04,3.2718066105,190.194512,0.988526248402,0.989178477663,0.06028822,0.015135738660,74.372463,148.738203,0.28431773,0,0,bootstrap(after chain)
0.007000,0.0108185193,0.0099052204,0.91558005,2.9862870227,2.9867437544,-4.5673172902e-04,3.2674860267,189.943351,0.988549660895,0.989178477663,0.05812411,0.015197330131,70.806887,141.606711,0.28805877,0,0,bootstrap(after chain)
0.007000,0.0108185193,0.0100020675,0.92453202,2.9862808250,2.9867437544,-4.6292940849e-04,3.2631647311,189.692148,0.988572418913,0.989178477663,0.05602049,0.015255021934,67.526658,135.045911,0.29168743,0,0,bootstrap(after chain)
0.007000,0.0108185193,0.0100941422,0.93304286,2.9862749091,2.9867437544,-4.6884523907e-04,3.2588428237,189.440910,0.988594582062,0.989178477663,0.05397186,0.015309179360,64.498604,128.989455,0.29521358,0,0,bootstrap(after chain)
0.007000,0.0108185193,0.0101818598,0.94115095,2.9862692521,2.9867437544,-4.7450224142e-04,3.2545203870,189.189641,0.988616202746,0.989178477663,0.05197337,0.015360117448,61.694593,123.381081,0.29864586,0,0,bootstrap(after chain)
0.007000,0.0108185193,0.0102655827,0.94888981,2.9862638337,2.9867437544,-4.7992063317e-04,3.2501974892,188.938345,0.988637327295,0.989178477663,0.05002074,0.015408109783,59.090597,118.172732,0.30199183,0,0,bootstrap(after chain)
0.007000,0.0108185193,0.0103456294,0.95628885,2.9862586361,2.9867437544,-4.8511827353e-04,3.2458741877,188.687026,0.988657996877,0.989178477663,0.04811017,0.015453395446,56.665957,113.323090,0.30525818,0,0,bootstrap(after chain)
0.007000,0.0108185193,0.0104222810,0.96337407,2.9862536434,2.9867437544,-4.9011102243e-04,3.2415505309,188.435686,0.988678248242,0.989178477663,0.04623825,0.015496184573,54.402804,108.796417,0.30845085,0,0,bootstrap(after chain)
0.007000,0.0108185193,0.0104957874,0.97016857,2.9862488413,2.9867437544,-4.9491303306e-04,3.2372265596,188.184327,0.988698114338,0.989178477663,0.04440195,0.015536662834,52.285597,104.561631,0.31157515,0,0,bootstrap(after chain)
0.007000,0.0108185193,0.0105663713,0.97669292,2.9862442174,2.9867437544,-4.9953699230e-04,3.2329023092,187.932953,0.988717624817,0.989178477663,0.04259851,0.015574995085,50.300750,100.591560,0.31463583,0,0,bootstrap(after chain)
0.007000,0.0108185193,0.0106342323,0.98296560,2.9862397601,2.9867437544,-5.0399431988e-04,3.2285778097,187.681564,0.988736806466,0.989178477663,0.04082548,0.015611328356,48.436331,96.862338,0.31763717,0,0,bootstrap(after chain)
0.007000,0.0108185193,0.0106995503,0.98900321,2.9862354590,2.9867437544,-5.0829533446e-04,3.2242530872,187.430162,0.988755683563,0.989178477663,0.03908059,0.015645794331,46.681813,93.352913,0.32058304,0,0,bootstrap(after chain)
0.007000,0.0108185193,0.0107624875,0.99482075,2.9862313050,2.9867437544,-5.1244939313e-04,3.2199281644,187.178748,0.988774278180,0.989178477663,0.03736181,0.015678511406,45.027870,90.044635,0.32347695,0,0,bootstrap(after chain)
0.010000,0.0112253908,0.0005612695,0.05000000,2.9806039428,2.9806769177,-7.2974940602e-05,3.4780578852,202.184176,0.987118612615,0.988771606209,0.14725488,0.009521515977,583.100778,1166.200699,0.11751397,0,0,bootstrap(after chain)
0.010000,0.0112253908,0.0007796502,0.06945417,2.9806025823,2.9806769177,-7.4335488884e-05,3.4781382572,202.188848,0.987118510264,0.988771606209,0.14726400,0.009555660553,579.296503,1158.592142,0.11810536,0,0,bootstrap(after chain)
0.010000,0.0112253908,0.0010573814,0.09419551,2.9806002189,2.9806769177,-7.6698816758e-05,3.4782759112,202.196850,0.987118403511,0.988771606209,0.14727351,0.009614543597,572.736432,1145.471991,0.11912979,0,0,bootstrap(after chain)
0.010000,0.0112253908,0.0013271634,0.11822870,2.9805972518,2.9806769177,-7.9665930667e-05,3.4784451688,202.206689,0.987118394328,0.988771606209,0.14727433,0.009687717594,564.586092,1129.171299,0.12041101,0,0,bootstrap(after chain)
0.010000,0.0112253908,0.0015889227,0.14154721,2.9805937493,2.9806769177,-8.3168404704e-05,3.4786397582,202.218001,0.987118557284,0.988771606209,0.14725981,0.009773044586,555.086941,1110.172982,0.12191664,0,0,bootstrap(after chain)
0.010000,0.0112253908,0.0018431528,0.16419498,2.9805897693,2.9806769177,-8.7148473867e-05,3.4788538780,202.230448,0.987118963353,0.988771606209,0.14722364,0.009868668876,544.450860,1088.900801,0.12361918,0,0,bootstrap(after chain)
0.010000,0.0112253908,0.0020906805,0.18624567,2.9805853566,2.9806769177,-9.1561174862e-05,3.4790823328,202.243728,0.987119678169,0.988771606209,0.14715996,0.009973080096,532.853239,1065.705539,0.12549696,0,0,bootstrap(after chain)
0.010000,0.0112253908,0.0023325024,0.20778808,2.9805805436,2.9806769177,-9.6374136522e-05,3.4793204782,202.257572,0.987120762416,0.988771606209,0.14706337,0.010085105526,520.433814,1040.866667,0.12753411,0,0,bootstrap(after chain)
0.010000,0.0112253908,0.0026401244,0.23519220,2.9805737209,2.9806769177,-1.0319681914e-04,3.4796376374,202.276009,0.987122818365,0.988771606209,0.14688022,0.010240732450,503.233524,1006.466055,0.13040394,0,0,bootstrap(after chain)
0.010000,0.0112253908,0.0029422777,0.26210915,2.9805662773,2.9806769177,-1.1064047287e-04,3.4799551857,202.294468,0.987125717898,0.988771606209,0.14662192,0.010406485270,484.998869,969.996707,0.13351337,0,0,bootstrap(after chain)
0.010000,0.0112253908,0.0033308042,0.29672056,2.9805556623,2.9806769177,-1.2125544892e-04,3.4803537758,202.317639,0.987130957182,0.988771606209,0.14615518,0.010636015238,459.930103,919.859120,0.13791385,0,0,bootstrap(after chain)
0.010000,0.0112253908,0.0038363692,0.34175819,2.9805401711,2.9806769177,-1.3674667200e-04,3.4808124476,202.344302,0.987140731053,0.988771606209,0.14528449,0.010957681382,425.249370,850.497564,0.14427824,0,0,bootstrap(after chain)
0.010000,0.0112253908,0.0043509716,0.38760090,2.9805225643,2.9806769177,-1.5435343118e-04,3.4811391561,202.363294,0.987154578349,0.988771606209,0.14405092,0.011305932731,388.451938,776.902588,0.15145141,0,0,bootstrap(after chain)
0.010000,0.0112253908,0.0048762296,0.43439286,2.9805028077,2.9806769177,-1.7410999968e-04,3.4812300741,202.368579,0.987173165775,0.988771606209,0.14239508,0.011677091827,350.295567,700.589706,0.15945450,0,0,bootstrap(after chain)
0.010000,0.0112253908,0.0053896705,0.48013211,2.9804818764,2.9806769177,-1.9504133619e-04,3.4809668940,202.353280,0.987195937730,0.988771606209,0.14036647,0.012050176240,313.260902,626.520207,0.16791492,0,0,bootstrap(after chain)
0.010000,0.0112253908,0.0058444185,0.52064276,2.9804620965,2.9806769177,-2.1482120736e-04,3.4803325521,202.316405,0.987220017121,0.988771606209,0.13822139,0.012385718021,281.257526,562.513275,0.17592309,0,0,bootstrap(after chain)
0.010000,0.0112253908,0.0062190771,0.55401876,2.9804449823,2.9806769177,-2.3193540005e-04,3.4794427259,202.264678,0.987242643945,0.988771606209,0.13620570,0.012663978301,255.762516,511.523077,0.18288398,0,0,bootstrap(after chain)
0.010000,0.0112253908,0.0065260640,0.58136631,2.9804304401,2.9806769177,-2.4647764895e-04,3.4784100267,202.204646,0.987263063337,0.988771606209,0.13438667,0.012892343737,235.604826,471.207530,0.18883566,0,0,bootstrap(after chain)
0.010000,0.0112253908,0.0067831281,0.60426654,2.9804179201,2.9806769177,-2.5899769230e-04,3.4772977796,202.139990,0.987281462114,0.988771606209,0.13274764,0.013083407374,219.300886,438.599493,0.19399540,0,0,bootstrap(after chain)
0.010000,0.0112253908,0.0070642737,0.62931205,2.9804038847,2.9806769177,-2.7303300855e-04,3.4757834357,202.051959,0.987302939256,0.988771606209,0.13083437,0.013291859828,202.122540,404.242606,0.19982773,0,0,bootstrap(after chain)
0.010000,0.0112253908,0.0073673409,0.65631042,2.9803883710,2.9806769177,-2.8854669771e-04,3.4737501675,201.933762,0.987327677829,0.988771606209,0.12863057,0.013515629059,184.417004,368.831297,0.20634501,0,0,bootstrap(after chain)
0.010000,0.0112253908,0.0076907348,0.68511956,2.9803713965,2.9806769177,-3.0552120214e-04,3.4710483240,201.776701,0.987355902951,0.988771606209,0.12611617,0.013752974311,166.498101,332.993199,0.21357687,0,0,bootstrap(after chain)
0.010000,0.0112253908,0.0080333445,0.71564052,2.9803529609,2.9806769177,-3.2395686425e-04,3.4674841852,201.569512,0.987387897811,0.988771606209,0.12326594,0.014002442431,148.647613,297.291862,0.22157274,0,0,bootstrap(after chain)
0.010000,0.0112253908,0.0083756612,0.74613538,2.9803340957,2.9806769177,-3.4282206345e-04,3.4630735915,201.313119,0.987422087033,0.988771606209,0.12022024,0.014249330272,131.996953,263.990117,0.22993511,0,0,bootstrap(after chain)
0.010000,0.0112253908,0.0086609035,0.77154584,2.9803180483,2.9806769177,-3.5886941073e-04,3.4586384586,201.055298,0.987452360277,0.988771606209,0.11752339,0.014453034029,119.029853,238.055505,0.23721602,0,0,bootstrap(after chain)
0.010000,0.0112253908,0.0089060675,0.79338597,2.9803040246,2.9806769177,-3.7289317919e-04,3.4541887678,200.796632,0.987479763739,0.988771606209,0.11508218,0.014626518945,108.539401,217.074196,0.24372373,0,0,bootstrap(after chain)
0.010000,0.0112253908,0.0091213721,0.81256611,2.9802915361,2.9806769177,-3.8538163395e-04,3.4497296820,200.537419,0.987504964802,0.988771606209,0.11283718,0.014777572091,99.819550,199.634092,0.24964720,0,0,bootstrap(after chain)
0.010000,0.0112253908,0.0093134736,0.82967923,2.9802802591,2.9806769177,-3.9665861751e-04,3.4452641551,200.277832,0.987528419082,0.988771606209,0.11074778,0.014911255232,92.422550,184.839689,0.25511149,0,0,bootstrap(after chain)
0.010000,0.0112253908,0.0094869670,0.84513467,2.9802699666,2.9806769177,-4.0695113096e-04,3.4407940065,200.017976,0.987550453456,0.988771606209,0.10878488,0.015031053461,86.047270,172.088729,0.26020409,0,0,bootstrap(after chain)
0.010000,0.0112253908,0.0096451678,0.85922779,2.9802604926,2.9806769177,-4.1642513374e-04,3.4363204221,199.757921,0.987571311496,0.988771606209,0.10692676,0.015139473751,80.481919,160.957625,0.26498885,0,0,bootstrap(after chain)
0.010000,0.0112253908,0.0097905529,0.87217925,2.9802517117,2.9806769177,-4.2520604405e-04,3.4318442100,199.497713,0.987591180193,0.988771606209,0.10515679,0.015238382759,75.572186,151.137755,0.26951397,0,0,bootstrap(after chain)
0.010000,0.0112253908,0.0099250252,0.88415855,2.9802435265,2.9806769177,-4.3339121192e-04,3.4273659409,199.237385,0.987610206608,0.988771606209,0.10346184,0.015329209667,71.202383,142.397743,0.27381680,0,0,bootstrap(after chain)
0.010000,0.0112253908,0.0100500811,0.89529899,2.9802358599,2.9806769177,-4.4105788598e-04,3.4228860302,198.976962,0.987628508720,0.988771606209,0.10183142,0.015413074181,67.283707,134.559982,0.27792695,0,0,bootstrap(after chain)
0.010000,0.0112253908,0.0101669198,0.90570742,2.9802286492,2.9806769177,-4.4826850889e-04,3.4184047875,198.716461,0.987646182768,0.988771606209,0.10025695,0.015490870667,63.746623,127.485402,0.28186833,0,0,bootstrap(after chain)
0.010000,0.0112253908,0.0102765188,0.91547092,2.9802218434,2.9806769177,-4.5507435612e-04,3.4139224489,198.455897,0.987663308374,0.988771606209,0.09873134,0.015563325359,60.535755,121.063250,0.28566055,0,0,bootstrap(after chain)
0.010000,0.0112253908,0.0103796863,0.92466147,2.9802153996,2.9806769177,-4.6151810808e-04,3.4094391976,198.195279,0.987679952225,0.988771606209,0.09724864,0.015631036398,57.606352,115.204023,0.28931993,0,0,bootstrap(after chain)
0.010000,0.0112253908,0.0104770984,0.93333930,2.9802092820,2.9806769177,-4.6763571277e-04,3.4049551781,197.934617,0.987696170768,0.988771606209,0.09580383,0.015694502563,54.921783,109.834462,0.29286019,0,0,bootstrap(after chain)
0.010000,0.0112253908,0.0105693272,0.94155539,2.9802034600,2.9806769177,-4.7345776335e-04,3.4004705058,197.673917,0.987712012227,0.988771606209,0.09439261,0.015754144324,52.451729,104.893926,0.29629299,0,0,bootstrap(after chain)
0.010000,0.0112253908,0.0106568614,0.94935326,2.9801979072,2.9806769177,-4.7901053602e-04,3.3959852742,197.413185,0.987727518143,0.988771606209,0.09301129,0.015810319575,50.170839,100.331711,0.29962837,0,0,bootstrap(after chain)
0.010000,0.0112253908,0.0107401220,0.95677043,2.9801926010,2.9806769177,-4.8431678473e-04,3.3914995598,197.152424,0.987742724561,0.988771606209,0.09165664,0.015863335585,48.057727,96.105049,0.30287499,0,0,bootstrap(after chain)
0.010000,0.0112253908,0.0108194745,0.96383945,2.9801875214,2.9806769177,-4.8939635866e-04,3.3870134260,196.891639,0.987757662965,0.988771606209,0.09032587,0.015913458204,46.094209,92.177569,0.30604039,0,0,bootstrap(after chain)
0.010000,0.0112253908,0.0108952386,0.97058880,2.9801826511,2.9806769177,-4.9426668827e-04,3.3825269253,196.630833,0.987772361017,0.988771606209,0.08901652,0.015960919061,44.264706,88.518115,0.30913121,0,0,bootstrap(after chain)
0.010000,0.0112253908,0.0109676953,0.97704351,2.9801779746,2.9806769177,-4.9894317231e-04,3.3780401024,196.370008,0.987786843151,0.988771606209,0.08772639,0.016005921257,42.555789,85.099827,0.31215331,0,0,bootstrap(after chain)
0.010000,0.0112253908,0.0110370933,0.98322575,2.9801734783,2.9806769177,-5.0343948951e-04,3.3735529946,196.109166,0.987801131057,0.988771606209,0.08645357,0.016048643912,40.955805,81.899400,0.31511187,0,0,bootstrap(after chain)
0.010000,0.0112253908,0.0111036538,0.98915521,2.9801691499,2.9806769177,-5.0776785169e-04,3.3690656342,195.848310,0.987815244070,0.988771606209,0.08519633,0.016089245835,39.454593,78.896511,0.31801153,0,0,bootstrap(after chain)
0.010000,0.0112253908,0.0111675747,0.99484952,2.9801649785,2.9806769177,-5.1193921149e-04,3.3645780486,195.587440,0.987829199503,0.988771606209,0.08395313,0.016127868516,38.043241,76.073337,0.32085644,0,0,bootstrap(after chain)
0.014000,0.0118118113,0.0005905906,0.05000000,2.9725093160,2.9725837544,-7.4438405915e-05,3.6589611059,212.700323,0.986282218996,0.988185185718,0.16110711,0.009801877874,479.762035,959.523027,0.11920172,0,0,bootstrap(after chain)
0.014000,0.0118118113,0.0008106856,0.06863347,2.9725080362,2.9725837544,-7.5718177066e-05,3.6591221521,212.709685,0.986280982412,0.988185185718,0.16121180,0.009834141841,476.700998,953.400947,0.11974464,0,0,bootstrap(after chain)
0.014000,0.0118118113,0.0010212569,0.08646065,2.9725064393,2.9725837544,-7.7315130855e-05,3.6593219446,212.721299,0.986279473873,0.988185185718,0.16133951,0.009874191246,472.904088,945.807118,0.12042061,0,0,bootstrap(after chain)
0.014000,0.0118118113,0.0012221977,0.10347250,2.9725045782,2.9725837544,-7.9176151673e-05,3.6595531201,212.734738,0.986277763412,0.988185185718,0.16148432,0.009920571847,468.511085,937.021102,0.12120629,0,0,bootstrap(after chain)
0.014000,0.0118118113,0.0014139948,0.11971024,2.9725024975,2.9725837544,-8.1256847221e-05,3.6598094487,212.749638,0.986275910402,0.988185185718,0.16164120,0.009972062271,463.639754,927.278429,0.12208217,0,0,bootstrap(after chain)
0.014000,0.0118118113,0.0015974175,0.13523900,2.9725002324,2.9725837544,-8.3522045149e-05,3.6600859075,212.765709,0.986273962729,0.988185185718,0.16180609,0.010027688635,458.384418,916.767746,0.12303273,0,0,bootstrap(after chain)
0.014000,0.0118118113,0.0017733267,0.15013165,2.9724978097,2.9725837544,-8.5944660305e-05,3.6603785328,212.782720,0.986271958119,0.988185185718,0.16197580,0.010086694674,452.818752,905.636401,0.12404601,0,0,bootstrap(after chain)
0.014000,0.0118118113,0.0019922041,0.16866203,2.9724944575,2.9725837544,-8.9296850025e-05,3.6607781535,212.805950,0.986269314189,0.988185185718,0.16219964,0.010167532757,445.210348,890.419574,0.12544264,0,0,bootstrap(after chain)
0.014000,0.0118118113,0.0022015199,0.18638292,2.9724909064,2.9725837544,-9.2848041817e-05,3.6611946583,212.830162,0.986266672416,0.988185185718,0.16242329,0.010252172621,437.266536,874.531928,0.12691556,0,0,bootstrap(after chain)
0.014000,0.0118118113,0.0024027900,0.20342265,2.9724871783,2.9725837544,-9.6576144839e-05,3.6616241574,212.855130,0.986264068708,0.988185185718,0.16264373,0.010339958248,429.054191,858.107217,0.12845489,0,0,bootstrap(after chain)
0.014000,0.0118118113,0.0026545636,0.22473806,2.9724820899,2.9725837544,-1.0166446197e-04,3.6621971807,212.888440,0.986260783711,0.988185185718,0.16292184,0.010458063087,418.053042,836.104888,0.13054501,0,0,bootstrap(after chain)
0.014000,0.0118118113,0.0028973696,0.24529427,2.9724767448,2.9725837544,-1.0700958577e-04,3.6627822129,212.922449,0.986257651073,0.988185185718,0.16318705,0.010580084217,406.750462,813.499695,0.13272803,0,0,bootstrap(after chain)
0.014000,0.0118118113,0.0032029805,0.27116760,2.9724694210,2.9725837544,-1.1433337400e-04,3.6635545457,212.967346,0.986253857211,0.988185185718,0.16350824,0.010744031737,391.677938,783.354599,0.13569999,0,0,bootstrap(after chain)
0.014000,0.0118118113,0.0035007621,0.29637809,2.9724616638,2.9725837544,-1.2209063723e-04,3.6643339941,213.012656,0.986250425734,0.988185185718,0.16379876,0.010913805048,376.223330,752.445332,0.13882606,0,0,bootstrap(after chain)
0.014000,0.0118118113,0.0038818090,0.32863791,2.9724508741,2.9725837544,-1.3288032709e-04,3.6653482869,213.071618,0.986246574837,0.988185185718,0.16412478,0.011143730553,355.574416,711.147425,0.14314166,0,0,bootstrap(after chain)
0.014000,0.0118118113,0.0043781587,0.37065938,2.9724354287,2.9725837544,-1.4832571709e-04,3.6666480263,213.147174,0.986242735007,0.988185185718,0.16444986,0.011461276170,327.664849,655.328172,0.14926515,0,0,bootstrap(after chain)
0.014000,0.0118118113,0.0048929771,0.41424444,2.9724178348,2.9725837544,-1.6591956429e-04,3.6678888544,213.219305,0.986240447634,0.988185185718,0.16464351,0.011807967010,298.120425,596.239173,0.15618178,0,0,bootstrap(after chain)
0.014000,0.0118118113,0.0054540527,0.46174567,2.9723969489,2.9725837544,-1.8680551967e-04,3.6689907959,213.283362,0.986240166352,0.988185185718,0.16466732,0.012201081795,265.960914,531.919947,0.16434066,0,0,bootstrap(after chain)
0.014000,0.0118118113,0.0061099656,0.51727592,2.9723704270,2.9725837544,-2.1332736054e-04,3.6697260631,213.326104,0.986242920795,0.988185185718,0.16443413,0.012675072722,229.332653,458.663126,0.17466909,0,0,bootstrap(after chain)
0.014000,0.0118118113,0.0068555749,0.58039997,2.9723377348,2.9725837544,-2.4601957576e-04,3.6694282968,213.308795,0.986250069808,0.988185185718,0.16382889,0.013226218551,190.042341,380.082051,0.18743706,0,0,bootstrap(after chain)
0.014000,0.0118118113,0.0073774484,0.62458231,2.9723133578,2.9725837544,-2.7039658471e-04,3.6681824680,213.236373,0.986257511944,0.988185185718,0.16319883,0.013616878337,164.522167,329.041294,0.19704616,0,0,bootstrap(after chain)
0.014000,0.0118118113,0.0077367160,0.65499827,2.9722958997,2.9725837544,-2.8785472645e-04,3.6666665199,213.148249,0.986263754196,0.988185185718,0.16267035,0.013887367732,148.038801,296.074224,0.20400427,0,0,bootstrap(after chain)
0.014000,0.0118118113,0.0080865766,0.68461783,2.9722783866,2.9725837544,-3.0536777082e-04,3.6645563345,213.025581,0.986270696535,0.988185185718,0.16208261,0.014151698040,132.889446,265.775130,0.21106949,0,0,bootstrap(after chain)
0.014000,0.0118118113,0.0084343716,0.71406251,2.9722604877,2.9725837544,-3.2326667640e-04,3.6617200467,212.860704,0.986278455235,0.988185185718,0.16142575,0.014415228802,118.737956,237.471700,0.21839984,0,0,bootstrap(after chain)
0.014000,0.0118118113,0.0087856487,0.74380199,2.9722419221,2.9725837544,-3.4183230489e-04,3.6579663469,212.642496,0.986287207763,0.988185185718,0.16068475,0.014682107158,105.375954,210.747163,0.22614584,0,0,bootstrap(after chain)
0.014000,0.0118118113,0.0091258236,0.77260154,2.9722234794,2.9725837544,-3.6027500632e-04,3.6533184865,212.372310,0.986296656505,0.988185185718,0.15988481,0.014941235285,93.327725,186.650091,0.23401408,0,0,bootstrap(after chain)
0.014000,0.0118118113,0.0094039527,0.79614824,2.9722080605,2.9725837544,-3.7569391777e-04,3.6486454407,212.100659,0.986305203431,0.988185185718,0.15916122,0.015153635360,84.121920,168.237896,0.24074992,0,0,bootstrap(after chain)
0.014000,0.0118118113,0.0096402987,0.81615753,2.9721947150,2.9725837544,-3.8903944433e-04,3.6439581594,211.828182,0.986313151610,0.988185185718,0.15848832,0.015334537717,76.747602,153.488688,0.24671487,0,0,bootstrap(after chain)
0.014000,0.0118118113,0.0098462877,0.83359677,2.9721828986,2.9725837544,-4.0085576653e-04,3.6392619466,211.555184,0.986320684790,0.988185185718,0.15785055,0.015492534025,70.650286,141.293494,0.25211530,0,0,bootstrap(after chain)
0.014000,0.0118118113,0.0100290664,0.84907100,2.9721722668,2.9725837544,-4.1148760413e-04,3.6345597151,211.281837,0.986327924059,0.988185185718,0.15723767,0.015632996414,65.492225,130.976815,0.25708156,0,0,bootstrap(after chain)
0.014000,0.0118118113,0.0101934344,0.86298656,2.9721625854,2.9725837544,-4.2116902811e-04,3.6298532115,211.008242,0.986334953913,0.988185185718,0.15664251,0.015759530365,61.052294,122.096398,0.26170191,0,0,bootstrap(after chain)
0.014000,0.0118118113,0.0103427881,0.87563100,2.9721536871,2.9725837544,-4.3006726843e-04,3.6251435536,210.734463,0.986341835822,0.988185185718,0.15605988,0.015874684595,57.177846,114.346946,0.26603927,0,0,bootstrap(after chain)
0.014000,0.0118118113,0.0104796287,0.88721606,2.9721454479,2.9725837544,-4.3830654247e-04,3.6204314935,210.460545,0.986348615939,0.988185185718,0.15548587,0.015980333893,53.759138,107.508974,0.27014023,0,0,bootstrap(after chain)
0.014000,0.0118118113,0.0106058571,0.89790269,2.9721377724,2.9725837544,-4.4598200178e-04,3.6157175578,210.186517,0.986355329784,0.988185185718,0.15491747,0.016077901438,50.714690,101.419520,0.27404041,0,0,bootstrap(after chain)
0.014000,0.0118118113,0.0107229560,0.90781640,2.9721305860,2.9725837544,-4.5316837558e-04,3.6110021272,209.912403,0.986362005241,0.988185185718,0.15435232,0.016168495574,47.982403,95.954385,0.27776772,0,0,bootstrap(after chain)
0.014000,0.0118118113,0.0108321062,0.91705717,2.9721238288,2.9725837544,-4.5992557927e-04,3.6062854845,209.638218,0.986368664549,0.988185185718,0.15378854,0.016252997948,45.513910,91.016832,0.28134448,0,0,bootstrap(after chain)
0.014000,0.0118118113,0.0109342655,0.92570608,2.9721174519,2.9725837544,-4.6630249382e-04,3.6015678445,209.363976,0.986375325688,0.988185185718,0.15322460,0.016332122525,43.270837,86.530118,0.28478885,0,0,bootstrap(after chain)
0.014000,0.0118118113,0.0110302223,0.93382988,2.9721114148,2.9725837544,-4.7233959433e-04,3.5968493736,209.089685,0.986382003346,0.988185185718,0.15265926,0.016406456376,41.222266,82.432402,0.28811584,0,0,bootstrap(after chain)
0.014000,0.0118118113,0.0111206347,0.94148429,2.9721056836,2.9725837544,-4.7807082797e-04,3.5921302029,208.815353,0.986388709640,0.988185185718,0.15209150,0.016476488646,39.342939,78.673167,0.29133801,0,0,bootstrap(after chain)
0.014000,0.0118118113,0.0112060579,0.94871630,2.9721002294,2.9725837544,-4.8352498712e-04,3.5874104371,208.540986,0.986395454635,0.988185185718,0.15152046,0.016542631625,37.611977,75.210657,0.29446599,0,0,bootstrap(after chain)
0.014000,0.0118118113,0.0112869653,0.95556601,2.9720950277,2.9725837544,-4.8872673377e-04,3.5826901610,208.266590,0.986402246751,0.988185185718,0.15094543,0.016605236370,36.011939,72.009991,0.29750885,0,0,bootstrap(after chain)
0.014000,0.0118118113,0.0113637644,0.96206789,2.9720900570,2.9725837544,-4.9369737734e-04,3.5779694439,207.992169,0.986409093063,0.988185185718,0.15036582,0.016664604516,34.528122,69.041760,0.30047443,0,0,bootstrap(after chain)
0.014000,0.0118118113,0.0114368082,0.96825186,2.9720852989,2.9725837544,-4.9845547464e-04,3.5732483434,207.717725,0.986415999547,0.988185185718,0.14978111,0.016720997336,33.148023,66.280958,0.30336952,0,0,bootstrap(after chain)
0.014000,0.0118118113,0.0115064054,0.97414403,2.9720807371,2.9725837544,-5.0301729922e-04,3.5685269072,207.443262,0.986422971263,0.988185185718,0.14919087,0.016774642791,31.860933,63.706169,0.30620008,0,0,bootstrap(after chain)
0.014000,0.0118118113,0.0115728273,0.97976737,2.9720763572,2.9725837544,-5.0739721290e-04,3.5638051758,207.168781,0.986430012508,0.988185185718,0.14859476,0.016825741096,30.657615,61.298917,0.30897135,0,0,bootstrap(after chain)
0.014000,0.0118118113,0.0116363138,0.98514220,2.9720721464,2.9725837544,-5.1160796359e-04,3.5590831834,206.894285,0.986437126935,0.988185185718,0.14799244,0.016874469147,29.530054,59.043172,0.31168796,0,0,bootstrap(after chain)
0.014000,0.0118118113,0.0116970783,0.99028659,2.9720680935,2.9725837544,-5.1566092612e-04,3.5543609590,206.619776,0.986444317659,0.988185185718,0.14738367,0.016920984094,28.471255,56.924942,0.31435404,0,0,bootstrap(after chain)
0.014000,0.0118118113,0.0117553114,0.99521667,2.9720641881,2.9725837544,-5.1956629908e-04,3.5496385279,206.345255,0.986451587327,0.988185185718,0.14676821,0.016965426251,27.475079,54.931953,0.31697330,0,0,bootstrap(after chain)
0.014000,0.0118118113,0.0118111844,0.99994693,2.9720604211,2.9725837544,-5.2333326694e-04,3.5449159117,206.070723,0.986458938194,0.988185185718,0.14614588,0.017007921472,26.536117,53.053384,0.31954904,0,0,bootstrap(after chain)
0.019000,0.0126197160,0.0006309858,0.05000000,2.9623844472,2.9624601889,-7.5741718816e-05,3.8914905409,226.217571,0.985124716489,0.987377281041,0.17849566,0.010162497104,366.420649,732.839934,0.11886646,0,0,bootstrap(after chain)
0.019000,0.0126197160,0.0008537141,0.06764923,2.9623832457,2.9624601889,-7.6943135315e-05,3.8917219715,226.231025,0.985121940983,0.987377281041,0.17871560,0.010193404811,364.124123,728.246872,0.11934848,0,0,bootstrap(after chain)
0.019000,0.0126197160,0.0010617785,0.08413648,2.9623818008,2.9624601889,-7.8388111751e-05,3.8919990781,226.247133,0.985118628707,0.987377281041,0.17897806,0.010230415570,361.378311,722.755238,0.11992689,0,0,bootstrap(after chain)
0.019000,0.0126197160,0.0012563420,0.09955390,2.9623801694,2.9624601889,-8.0019445975e-05,3.8923102793,226.265224,0.985114922625,0.987377281041,0.17927174,0.010271988826,358.299631,716.597867,0.12057820,0,0,bootstrap(after chain)
0.019000,0.0126197160,0.0014390077,0.11402853,2.9623783933,2.9624601889,-8.1795585468e-05,3.8926471018,226.284804,0.985110927000,0.987377281041,0.17958836,0.010317002011,354.973159,709.944909,0.12128530,0,0,bootstrap(after chain)
0.019000,0.0126197160,0.0016113743,0.12768705,2.9623765018,2.9624601889,-8.3687027754e-05,3.8930034691,226.305520,0.985106716177,0.987377281041,0.17992203,0.010364655118,351.459746,702.918069,0.12203604,0,0,bootstrap(after chain)
0.019000,0.0126197160,0.0018224242,0.14441087,2.9623739037,2.9624601889,-8.6285188459e-05,3.8934890372,226.333747,0.985101004364,0.987377281041,0.18037464,0.010429647936,346.682047,693.362653,0.12306357,0,0,bootstrap(after chain)
0.019000,0.0126197160,0.0020210762,0.16015228,2.9623711773,2.9624601889,-8.9011574461e-05,3.8939935749,226.363076,0.985095097998,0.987377281041,0.18084266,0.010497281692,341.728257,683.455051,0.12413731,0,0,bootstrap(after chain)
0.019000,0.0126197160,0.0022642434,0.17942110,2.9623674741,2.9624601889,-9.2714806373e-05,3.8946705427,226.402429,0.985087213295,0.987377281041,0.18146746,0.010588243978,335.096496,670.191499,0.12558866,0,0,bootstrap(after chain)
0.019000,0.0126197160,0.0024935696,0.19759317,2.9623636180,2.9624601889,-9.6570893755e-05,3.8953650219,226.442800,0.985079164781,0.987377281041,0.18210523,0.010681887326,328.308094,656.614666,0.12709154,0,0,bootstrap(after chain)
0.019000,0.0126197160,0.0027117836,0.21488468,2.9623596263,2.9624601889,-1.0056257495e-04,3.8960724464,226.483924,0.985070998703,0.987377281041,0.18275232,0.010777708464,321.405045,642.808534,0.12863868,0,0,bootstrap(after chain)
0.019000,0.0126197160,0.0029822745,0.23631867,2.9623542497,2.9624601889,-1.0593915113e-04,3.8970063609,226.538213,0.985060251060,0.987377281041,0.18360397,0.010905048827,312.303242,624.604882,0.13070948,0,0,bootstrap(after chain)
0.019000,0.0126197160,0.0032410758,0.25682637,2.9623486701,2.9624601889,-1.1151873458e-04,3.8979518457,226.593176,0.985049384340,0.987377281041,0.18446506,0.011035190429,303.091462,606.181274,0.13284345,0,0,bootstrap(after chain)
0.019000,0.0126197160,0.0035645269,0.28245699,2.9623411124,2.9624601889,-1.1907648177e-04,3.8991926253,226.665304,0.985035095606,0.987377281041,0.18559732,0.011208376744,290.984564,581.967409,0.13571132,0,0,bootstrap(after chain)
0.019000,0.0126197160,0.0039701682,0.31460044,2.9623307429,2.9624601889,-1.2944596267e-04,3.9008167725,226.759718,0.985016220583,0.987377281041,0.18709300,0.011440558865,275.047252,550.092686,0.13960743,0,0,bootstrap(after chain)
0.019000,0.0126197160,0.0043668048,0.34603036,2.9623196772,2.9624601889,-1.4051166488e-04,3.9024443943,226.854333,0.984996899672,0.987377281041,0.18862401,0.011681910180,258.868043,517.734155,0.14372121,0,0,bootstrap(after chain)
0.019000,0.0126197160,0.0048817443,0.38683472,2.9623040000,2.9624601889,-1.5618885937e-04,3.9045500803,226.976740,0.984970759190,0.987377281041,0.19069541,0.012013533442,237.341112,474.680118,0.14948284,0,0,bootstrap(after chain)
0.019000,0.0126197160,0.0055808394,0.44223177,2.9622804638,2.9624601889,-1.7972509165e-04,3.9072271825,227.132363,0.984933666069,0.987377281041,0.19363470,0.012491389331,207.895778,415.789150,0.15801596,0,0,bootstrap(after chain)
0.019000,0.0126197160,0.0063890160,0.50627256,2.9622502159,2.9624601889,-2.0997296461e-04,3.9096985467,227.276027,0.984888668475,0.987377281041,0.19720036,0.013075714030,174.665457,349.328051,0.16884003,0,0,bootstrap(after chain)
0.019000,0.0126197160,0.0077525272,0.61431868,2.9621923229,2.9624601889,-2.6786601139e-04,3.9107093248,227.334785,0.984806788824,0.987377281041,0.20368860,0.014122277795,123.460059,246.916067,0.18939656,0,0,bootstrap(after chain)
0.019000,0.0126197160,0.0085684491,0.67897321,2.9621537510,2.9624601889,-3.0643792141e-04,3.9079870421,227.176535,0.984753081617,0.987377281041,0.20794441,0.014781080981,96.870705,193.736249,0.20320847,0,0,bootstrap(after chain)
0.019000,0.0126197160,0.0089987457,0.71307039,2.9621322273,2.9624601889,-3.2796157524e-04,3.9050137193,227.003692,0.984723014886,0.987377281041,0.21032693,0.015138887997,84.220935,168.435932,0.21103896,0,0,bootstrap(after chain)
0.019000,0.0126197160,0.0093148318,0.73811739,2.9621158826,2.9624601889,-3.4430631579e-04,3.9019547445,226.825869,0.984700110695,0.987377281041,0.21214189,0.015406805726,75.544500,151.082381,0.21707481,0,0,bootstrap(after chain)
0.019000,0.0126197160,0.0096367243,0.76362450,2.9620987566,2.9624601889,-3.6143231008e-04,3.8979245521,226.591589,0.984676078364,0.987377281041,0.21404623,0.015684532320,67.243131,134.478826,0.22350600,0,0,bootstrap(after chain)
0.019000,0.0126197160,0.0099502881,0.78847163,2.9620815865,2.9624601889,-3.7860240224e-04,3.8929454991,226.302150,0.984652024118,0.987377281041,0.21595232,0.015960326546,59.669180,119.329980,0.23008987,0,0,bootstrap(after chain)
0.019000,0.0126197160,0.0102074633,0.80885048,2.9620671261,2.9624601889,-3.9306277686e-04,3.8879448572,226.011456,0.984631886315,0.987377281041,0.21754806,0.016190821592,53.828399,107.647508,0.23576331,0,0,bootstrap(after chain)
0.019000,0.0126197160,0.0104262055,0.82618385,2.9620545431,2.9624601889,-4.0564576756e-04,3.8829317282,225.720036,0.984614538035,0.987377281041,0.21892276,0.016390233838,49.118436,98.226692,0.24081387,0,0,bootstrap(after chain)
0.019000,0.0126197160,0.0106167612,0.84128369,2.9620433568,2.9624601889,-4.1683210770e-04,3.8779106197,225.428152,0.984599328304,0.987377281041,0.22012799,0.016566698508,45.204719,90.398375,0.24540679,0,0,bootstrap(after chain)
0.019000,0.0126197160,0.0107856017,0.85466280,2.9620332603,2.9624601889,-4.2692855811e-04,3.8728840524,225.135951,0.984585840814,0.987377281041,0.22119676,0.016725364130,41.881347,83.750753,0.24964701,0,0,bootstrap(after chain)
0.019000,0.0126197160,0.0109371086,0.86666837,2.9620240441,2.9624601889,-4.3614474018e-04,3.8678535610,224.843522,0.984573789973,0.987377281041,0.22215168,0.016869722692,39.012349,78.011879,0.25360588,0,0,bootstrap(after chain)
0.019000,0.0126197160,0.0110744044,0.87754783,2.9620155576,2.9624601889,-4.4463126376e-04,3.8628201406,224.550922,0.984562969487,0.987377281041,0.22300910,0.017002265998,36.503163,72.992626,0.25733443,0,0,bootstrap(after chain)
0.019000,0.0126197160,0.0111998029,0.88748454,2.9620076883,2.9624601889,-4.5250057529e-04,3.8577844683,224.258192,0.984553224317,0.987377281041,0.22378132,0.017124842701,34.285364,68.556141,0.26087060,0,0,bootstrap(after chain)
0.019000,0.0126197160,0.0113150725,0.89661863,2.9620003497,2.9624601889,-4.5983921703e-04,3.8527470232,223.965359,0.984544434216,0.987377281041,0.22447786,0.017238867241,32.307857,64.600234,0.26424343,0,0,bootstrap(after chain)
0.019000,0.0126197160,0.0114215994,0.90505994,2.9619934734,2.9624601889,-4.6671545629e-04,3.8477081547,223.672442,0.984536503504,0.987377281041,0.22510630,0.017345449269,30.531500,61.046619,0.26747572,0,0,bootstrap(after chain)
0.019000,0.0126197160,0.0115204930,0.91289638,2.9619870046,2.9624601889,-4.7318425461e-04,3.8426681246,223.379459,0.984529354410,0.987377281041,0.22567280,0.017445477595,28.925664,57.834037,0.27058576,0,0,bootstrap(after chain)
0.019000,0.0126197160,0.0116126566,0.92019952,2.9619808982,2.9624601889,-4.7929062784e-04,3.8376271331,223.086419,0.984522922579,0.987377281041,0.22618246,0.017539676707,27.465950,54.913690,0.27358843,0,0,bootstrap(after chain)
0.019000,0.0126197160,0.0116988371,0.92702856,2.9619751169,2.9624601889,-4.8507199055e-04,3.8325853366,222.793333,0.984517153930,0.987377281041,0.22663958,0.017628646059,26.132622,52.246105,0.27649606,0,0,bootstrap(after chain)
0.019000,0.0126197160,0.0117796599,0.93343305,2.9619696290,2.9624601889,-4.9055983599e-04,3.8275428587,222.500207,0.984512002412,0.987377281041,0.22704779,0.017712888114,24.909502,49.798923,0.27931898,0,0,bootstrap(after chain)
0.019000,0.0126197160,0.0118556550,0.93945498,2.9619644079,2.9624601889,-4.9578096776e-04,3.8224997992,222.207047,0.984507428354,0.987377281041,0.22741024,0.017792828827,23.783173,47.545314,0.28206593,0,0,bootstrap(after chain)
0.019000,0.0126197160,0.0119272753,0.94513025,2.9619594305,2.9624601889,-5.0075842118e-04,3.8174562389,221.913858,0.984503397228,0.987377281041,0.22772967,0.017868832917,22.742397,45.462798,0.28474438,0,0,bootstrap(after chain)
0.019000,0.0126197160,0.0119949120,0.95048986,2.9619546767,2.9624601889,-5.0551216465e-04,3.8124122445,221.620644,0.984499878715,0.987377281041,0.22800849,0.017941215452,21.777672,43.532372,0.28736079,0,0,bootstrap(after chain)
0.019000,0.0126197160,0.0120589053,0.95556076,2.9619501292,2.9624601889,-5.1005964182e-04,3.8073678715,221.327408,0.984496845971,0.987377281041,0.22824880,0.018010250772,20.880899,41.737839,0.28992077,0,0,bootstrap(after chain)
0.019000,0.0126197160,0.0121195532,0.96036656,2.9619457727,2.9624601889,-5.1441619673e-04,3.8023231662,221.034152,0.984494275060,0.987377281041,0.22845253,0.018076179467,20.045126,40.065292,0.29242921,0,0,bootstrap(after chain)
0.019000,0.0126197160,0.0121771183,0.96492808,2.9619415935,2.9624601889,-5.1859541116e-04,3.7972781679,220.740880,0.984492144496,0.987377281041,0.22862135,0.018139213895,19.264342,38.502713,0.29489046,0,0,bootstrap(after chain)
0.019000,0.0126197160,0.0122318336,0.96926378,2.9619375795,2.9624601889,-5.2260937547e-04,3.7922329100,220.447592,0.984490434882,0.987377281041,0.22875683,0.018199542600,18.533324,37.039650,0.29730833,0,0,bootstrap(after chain)
0.019000,0.0126197160,0.0122839067,0.97339011,2.9619337200,2.9624601889,-5.2646890821e-04,3.7871874212,220.154291,0.984489128611,0.987377281041,0.22886034,0.018257333881,17.847503,35.666969,0.29968623,0,0,bootstrap(after chain)
0.019000,0.0126197160,0.0123335236,0.97732181,2.9619300051,2.9624601889,-5.3018373585e-04,3.7821417261,219.860978,0.984488209619,0.987377281041,0.22893316,0.018312738705,17.202864,34.376639,0.30202722,0,0,bootstrap(after chain)
0.019000,0.0126197160,0.0123808517,0.98107214,2.9619264262,2.9624601889,-5.3376264120e-04,3.7770958462,219.567654,0.984487663191,0.987377281041,0.22897646,0.018365893110,16.595864,33.161572,0.30433403,0,0,bootstrap(after chain)
0.019000,0.0126197160,0.0124260421,0.98465307,2.9619229753,2.9624601889,-5.3721358678e-04,3.7720498000,219.274321,0.984487475787,0.987377281041,0.22899131,0.018416920193,16.023360,32.015486,0.30660914,0,0,bootstrap(after chain)
0.019000,0.0126197160,0.0124692318,0.98807547,2.9619196451,2.9624601889,-5.4054381828e-04,3.7670036040,218.980978,0.984487634904,0.987377281041,0.22897870,0.018465931769,15.482557,30.932785,0.30885478,0,0,bootstrap(after chain)
0.019000,0.0126197160,0.0125105457,0.99134923,2.9619164289,2.9624601889,-5.4375995180e-04,3.7619572723,218.687628,0.984488128954,0.987377281041,0.22893955,0.018513029778,14.970954,29.908472,0.31107299,0,0,bootstrap(after chain)
0.019000,0.0126197160,0.0125500976,0.99448337,2.9619133208,2.9624601889,-5.4686804791e-04,3.7569108179,218.394271,0.984488947165,0.987377281041,0.22887471,0.018558307460,14.486311,28.938066,0.31326562,0,0,bootstrap(after chain)
0.019000,0.0126197160,0.0125879918,0.99748615,2.9619103152,2.9624601889,-5.4987367481e-04,3.7518642517,218.100908,0.984490079492,0.987377281041,0.22878499,0.018601850373,14.026614,28.017536,0.31543437,0,0,bootstrap(after chain)
0.025000,0.0137047695,0.0006852385,0.05000000,2.9502235624,2.9503003024,-7.6740039280e-05,4.1727390016,242.566922,0.983571097635,0.986292227487,0.19855349,0.010623151278,256.129708,512.257464,0.11465609,0,0,bootstrap(after chain)
0.025000,0.0137047695,0.0009191817,0.06707020,2.9502223795,2.9503003024,-7.7922878277e-05,4.1730196930,242.583239,0.983566113162,0.986292227487,0.19891720,0.010654938638,254.477887,508.953810,0.11508103,0,0,bootstrap(after chain)
0.025000,0.0137047695,0.0011352622,0.08283701,2.9502209831,2.9503003024,-7.9319366437e-05,4.1733495714,242.602415,0.983560250138,0.986292227487,0.19934501,0.010692328271,252.539769,505.077557,0.11558135,0,0,bootstrap(after chain)
0.025000,0.0137047695,0.0013356255,0.09745698,2.9502194288,2.9503003024,-8.0873628840e-05,4.1737147810,242.623645,0.983553751860,0.986292227487,0.19981917,0.010733767235,250.397950,500.793903,0.11613649,0,0,bootstrap(after chain)
0.025000,0.0137047695,0.0015225856,0.11109896,2.9502177548,2.9503003024,-8.2547598201e-05,4.1741058180,242.646377,0.983546784355,0.986292227487,0.20032757,0.010778194769,248.109038,496.216061,0.11673238,0,0,bootstrap(after chain)
0.025000,0.0137047695,0.0017490167,0.12762103,2.9502154404,2.9503003024,-8.4862006926e-05,4.1746425009,242.677575,0.983537203082,0.986292227487,0.20102669,0.010839279328,244.974727,489.947413,0.11755292,0,0,bootstrap(after chain)
0.025000,0.0137047695,0.0019599306,0.14301084,2.9502130041,2.9503003024,-8.7298311442e-05,4.1752024335,242.710125,0.983527180230,0.986292227487,0.20175803,0.010903163075,241.712969,483.423870,0.11841256,0,0,bootstrap(after chain)
0.025000,0.0137047695,0.0022156076,0.16166690,2.9502096917,2.9503003024,-9.0610750741e-05,4.1759553768,242.753894,0.983513652560,0.986292227487,0.20274510,0.010989350588,237.339480,474.676854,0.11957474,0,0,bootstrap(after chain)
0.025000,0.0137047695,0.0024545442,0.17910146,2.9502062445,2.9503003024,-9.4057966520e-05,4.1767285951,242.798842,0.983499690779,0.986292227487,0.20376386,0.011078248988,232.862000,465.721853,0.12077637,0,0,bootstrap(after chain)
0.025000,0.0137047695,0.0027456935,0.20034583,2.9502015910,2.9503003024,-9.8711404060e-05,4.1777553288,242.858528,0.983481021057,0.986292227487,0.20512614,0.011197012496,226.935552,453.868900,0.12238621,0,0,bootstrap(after chain)
0.025000,0.0137047695,0.0030196913,0.22033871,2.9501967641,2.9503003024,-1.0353831362e-04,4.1787992519,242.919212,0.983461856864,0.986292227487,0.20652450,0.011318756241,220.928503,441.854743,0.12404175,0,0,bootstrap(after chain)
0.025000,0.0137047695,0.0033565389,0.24491757,2.9501902459,2.9503003024,-1.1005657284e-04,4.1801740934,242.999134,0.983436276931,0.986292227487,0.20839100,0.011480934050,213.038255,426.074163,0.12625533,0,0,bootstrap(after chain)
0.025000,0.0137047695,0.0037707706,0.27514294,2.9501813657,2.9503003024,-1.1893676766e-04,4.1819807412,243.104157,0.983401924659,0.986292227487,0.21089759,0.011698010968,202.687112,405.371757,0.12923258,0,0,bootstrap(after chain)
0.025000,0.0137047695,0.0041669361,0.30405007,2.9501720026,2.9503003024,-1.2829987042e-04,4.1837997646,243.209899,0.983366245036,0.986292227487,0.21350103,0.011922409893,192.253001,384.503401,0.13232698,0,0,bootstrap(after chain)
0.025000,0.0137047695,0.0046666767,0.34051479,2.9501590123,2.9503003024,-1.4129013525e-04,4.1861709973,243.347742,0.983317508967,0.986292227487,0.21705717,0.012226793923,178.556477,357.110153,0.13655048,0,0,bootstrap(after chain)
0.025000,0.0137047695,0.0053107535,0.38751133,2.9501403926,2.9503003024,-1.5990986899e-04,4.1892429761,243.526320,0.983248846680,0.986292227487,0.22206727,0.012650598883,160.412513,320.821909,0.14247831,0,0,bootstrap(after chain)
0.025000,0.0137047695,0.0061888783,0.45158573,2.9501117308,2.9503003024,-1.8857159789e-04,4.1931556910,243.753772,0.983144889300,0.986292227487,0.22965276,0.013278817934,135.616333,271.228979,0.15135811,0,0,bootstrap(after chain)
0.025000,0.0137047695,0.0072532238,0.52924814,2.9500721094,2.9503003024,-2.2819300964e-04,4.1967372092,243.961970,0.983002356770,0.986292227487,0.24005298,0.014109861586,106.825355,213.646029,0.16325579,0,0,bootstrap(after chain)
0.025000,0.0137047695,0.0080174442,0.58501124,2.9500404096,2.9503003024,-2.5989285427e-04,4.1978622690,244.027371,0.982887648652,0.986292227487,0.24842292,0.014751927534,87.718031,175.430361,0.17255569,0,0,bootstrap(after chain)
0.025000,0.0137047695,0.0089133762,0.65038498,2.9499996966,2.9503003024,-3.0060586701e-04,4.1966702734,243.958079,0.982737757137,0.986292227487,0.25936010,0.015556712958,67.467695,134.927978,0.18435171,0,0,bootstrap(after chain)
0.025000,0.0137047695,0.0093406525,0.68156218,2.9499788504,2.9503003024,-3.2145202212e-04,4.1947514921,243.846538,0.982659483296,0.986292227487,0.26507153,0.015963174088,58.705225,117.401932,0.19038066,0,0,bootstrap(after chain)
0.025000,0.0137047695,0.0096453114,0.70379231,2.9499633788,2.9503003024,-3.3692367217e-04,4.1926848802,243.726403,0.982600630587,0.986292227487,0.26936585,0.016263355330,52.821627,105.633788,0.19487229,0,0,bootstrap(after chain)
0.025000,0.0137047695,0.0099506374,0.72607112,2.9499473303,2.9503003024,-3.5297217491e-04,4.1899119847,243.565211,0.982538873831,0.986292227487,0.27387207,0.016573932492,47.230655,94.450723,0.19956215,0,0,bootstrap(after chain)
0.025000,0.0137047695,0.0102605137,0.74868196,2.9499304438,2.9503003024,-3.6985861108e-04,4.1862426953,243.351910,0.982473109979,0.986292227487,0.27867068,0.016900370182,41.867591,83.723238,0.20454854,0,0,bootstrap(after chain)
0.025000,0.0137047695,0.0105769568,0.77177196,2.9499125173,2.9503003024,-3.8778515413e-04,4.1814217250,243.071660,0.982402445504,0.986292227487,0.28382688,0.017247097670,36.710518,73.407414,0.20992427,0,0,bootstrap(after chain)
0.025000,0.0137047695,0.0108590050,0.79235225,2.9498958921,2.9503003024,-4.0441032721e-04,4.1760080338,242.756955,0.982336189068,0.986292227487,0.28866143,0.017569338500,32.381098,64.746751,0.21501190,0,0,bootstrap(after chain)
0.025000,0.0137047695,0.0110916812,0.80933001,2.9498816610,2.9503003024,-4.1864143619e-04,4.1705748966,242.441120,0.982278994941,0.986292227487,0.29283473,0.017846054515,28.994559,57.971868,0.21946773,0,0,bootstrap(after chain)
0.025000,0.0137047695,0.0112893672,0.82375462,2.9498691575,2.9503003024,-4.3114492376e-04,4.1651298522,242.124592,0.982228451707,0.986292227487,0.29652274,0.018090076078,26.245282,52.471507,0.22347768,0,0,bootstrap(after chain)
0.025000,0.0137047695,0.0114607123,0.83625721,2.9498579762,2.9503003024,-4.4232622313e-04,4.1596768897,241.807604,0.982183089044,0.986292227487,0.29983273,0.018309156157,23.954841,47.888800,0.22715384,0,0,bootstrap(after chain)
0.025000,0.0137047695,0.0116113808,0.84725108,2.9498478489,2.9503003024,-4.5245357195e-04,4.1542183477,241.490292,0.982141931430,0.986292227487,0.30283589,0.018508392743,22.009701,43.996672,0.23056970,0,0,bootstrap(after chain)
0.025000,0.0137047695,0.0117453137,0.85702380,2.9498385871,2.9503003024,-4.6171531269e-04,4.1487557018,241.172741,0.982104291607,0.986292227487,0.30558236,0.018691345180,20.333074,40.641544,0.23377641,0,0,bootstrap(after chain)
0.025000,0.0137047695,0.0118653796,0.86578468,2.9498300527,2.9503003024,-4.7024970466e-04,4.1432899360,240.855008,0.982069663120,0.986292227487,0.30810911,0.018860612689,18.870600,37.714684,0.23681116,0,0,bootstrap(after chain)
0.025000,0.0137047695,0.0119737410,0.87369153,2.9498221406,2.9503003024,-4.7816181246e-04,4.1378217356,240.537134,0.982037659435,0.986292227487,0.31044433,0.019018160897,17.582397,35.136334,0.23970197,0,0,bootstrap(after chain)
0.025000,0.0137047695,0.0120720752,0.88086671,2.9498147687,2.9503003024,-4.8553371553e-04,4.1323515944,240.219148,0.982007977130,0.986292227487,0.31261017,0.019165518541,16.438368,32.846291,0.24247051,0,0,bootstrap(after chain)
0.025000,0.0137047695,0.0121617128,0.88740732,2.9498078714,2.9503003024,-4.9243100566e-04,4.1268798786,239.901070,0.981980372459,0.986292227487,0.31462441,0.019303902231,15.415258,30.798046,0.24513396,0,0,bootstrap(after chain)
0.025000,0.0137047695,0.0122437303,0.89339191,2.9498013953,2.9503003024,-4.9890709837e-04,4.1214068666,239.582916,0.981954645801,0.986292227487,0.31650162,0.019434298971,14.494748,28.954960,0.24770617,0,0,bootstrap(after chain)
0.025000,0.0137047695,0.0123190125,0.89888506,2.9497952962,2.9503003024,-5.0500619447e-04,4.1159327737,239.264700,0.981930630967,0.986292227487,0.31825391,0.019557522661,13.662167,27.287687,0.25019847,0,0,bootstrap(after chain)
0.025000,0.0137047695,0.0123882974,0.90394058,2.9497895371,2.9503003024,-5.1076537450e-04,4.1104577698,238.946430,0.981908187645,0.986292227487,0.31989154,0.019674253938,12.905595,25.772388,0.25262030,0,0,bootstrap(after chain)
0.025000,0.0137047695,0.0124522072,0.90860391,2.9497840863,2.9503003024,-5.1621611761e-04,4.1049819909,238.628116,0.981887195909,0.986292227487,0.32142325,0.019785068977,12.215229,24.389457,0.25497959,0,0,bootstrap(after chain)
0.025000,0.0137047695,0.0125112730,0.91291378,2.9497789170,2.9503003024,-5.2138542684e-04,4.0995055471,238.309763,0.981867552156,0.986292227487,0.32285660,0.019890460769,11.582920,23.122592,0.25728307,0,0,bootstrap(after chain)
0.025000,0.0137047695,0.0125659515,0.91690352,2.9497740057,2.9503003024,-5.2629667886e-04,4.0940285288,237.991377,0.981849166027,0.986292227487,0.32419819,0.019990855144,11.001827,21.958112,0.25953652,0,0,bootstrap(after chain)
0.025000,0.0137047695,0.0126166391,0.92060207,2.9497693322,2.9503003024,-5.3097027635e-04,4.0885510109,237.672961,0.981831958055,0.986292227487,0.32545381,0.020086623031,10.466159,20.884435,0.26174491,0,0,bootstrap(after chain)
0.025000,0.0137047695,0.0126636826,0.92403470,2.9497648783,2.9503003024,-5.3542415634e-04,4.0830730560,237.354520,0.981815857818,0.986292227487,0.32662860,0.020178089990,9.970976,19.891679,0.26391260,0,0,bootstrap(after chain)
0.025000,0.0137047695,0.0127073869,0.92722368,2.9497606282,2.9503003024,-5.3967419151e-04,4.0775947167,237.036057,0.981800802489,0.986292227487,0.32772715,0.020265543717,9.512035,18.971359,0.26604338,0,0,bootstrap(after chain)
0.025000,0.0137047695,0.0127480220,0.93018872,2.9497565679,2.9503003024,-5.4373451100e-04,4.0721160381,236.717574,0.981786735670,0.986292227487,0.32875356,0.020349240017,9.085670,18.116140,0.26814062,0,0,bootstrap(after chain)
0.025000,0.0137047695,0.0127858283,0.93294735,2.9497526847,2.9503003024,-5.4761775936e-04,4.0666370583,236.399074,0.981773606454,0.986292227487,0.32971157,0.020429407628,8.688692,17.319647,0.27020727,0,0,bootstrap(after chain)
0.025000,0.0137047695,0.0128210209,0.93551525,2.9497489671,2.9503003024,-5.5133530787e-04,4.0611578104,236.080558,0.981761368657,0.986292227487,0.33060453,0.020506252134,8.318317,16.576308,0.27224599,0,0,bootstrap(after chain)
0.025000,0.0137047695,0.0128537928,0.93790653,2.9497454050,2.9503003024,-5.5489742848e-04,4.0556783229,235.762028,0.981749980186,0.986292227487,0.33143551,0.020579959181,7.972100,15.881233,0.27425914,0,0,bootstrap(after chain)
0.025000,0.0137047695,0.0128843184,0.94013390,2.9497419890,2.9503003024,-5.5831343807e-04,4.0501986206,235.443485,0.981739402515,0.986292227487,0.33220734,0.020650697141,7.647884,15.230110,0.27624884,0,0,bootstrap(after chain)
0.025000,0.0137047695,0.0129127556,0.94220888,2.9497387106,2.9503003024,-5.6159181911e-04,4.0447187253,235.124931,0.981729600243,0.986292227487,0.33292258,0.020718619330,7.343761,14.619119,0.27821700,0,0,bootstrap(after chain)
0.025000,0.0137047695,0.0129392477,0.94414194,2.9497355621,2.9503003024,-5.6474032128e-04,4.0392386559,234.806368,0.981720540725,0.986292227487,0.33358363,0.020783865872,7.058035,14.044869,0.28016537,0,0,bootstrap(after chain)
0.025000,0.0137047695,0.0129639256,0.94594262,2.9497325364,2.9503003024,-5.6776604756e-04,4.0337584293,234.487795,0.981712193760,0.986292227487,0.33419269,0.020846565274,6.789191,13.504331,0.28209550,0,0,bootstrap(after chain)
0.025000,0.0137047695,0.0129869090,0.94761966,2.9497296269,2.9503003024,-5.7067552762e-04,4.0282780603,234.169213,0.981704531317,0.986292227487,0.33475179,0.020906835768,6.535876,12.994798,0.28400883,0,0,bootstrap(after chain)
0.025000,0.0137047695,0.0130083075,0.94918105,2.9497268276,2.9503003024,-5.7347478076e-04,4.0227975622,233.850625,0.981697527312,0.986292227487,0.33526286,0.020964786456,6.296875,12.513838,0.28590667,0,0,bootstrap(after chain)
0.025000,0.0137047695,0.0130282219,0.95063415,2.9497241331,2.9503003024,-5.7616937016e-04,4.0173169465,233.532029,0.981691157402,0.986292227487,0.33572765,0.021020518292,6.071094,12.059264,0.28779021,0,0,bootstrap(after chain)
0.025000,0.0137047695,0.0130467454,0.95198576,2.9497215380,2.9503003024,-5.7876444986e-04,4.0118362240,233.213427,0.981685398818,0.986292227487,0.33614784,0.021074124939,5.857546,11.629101,0.28966055,0,0,bootstrap(after chain)
0.025000,0.0137047695,0.0130639637,0.95324213,2.9497190376,2.9503003024,-5.8126480567e-04,4.0063554038,232.894820,0.981680230212,0.986292227487,0.33652498,0.021125693503,5.655337,11.221560,0.29151869,0,0,bootstrap(after chain)
0.025000,0.0137047695,0.0130799564,0.95440907,2.9497166275,2.9503003024,-5.8367489083e-04,4.0008744946,232.576207,0.981675631528,0.986292227487,0.33686053,0.021175305181,5.463657,10.835021,0.29336557,0,0,bootstrap(after chain)
0.025000,0.0137047695,0.0130947971,0.95549196,2.9497143036,2.9503003024,-5.8599885742e-04,3.9953935039,232.257590,0.981671583881,0.986292227487,0.33715588,0.021223035822,5.281770,10.468011,0.29520204,0,0,bootstrap(after chain)
0.025000,0.0137047695,0.0131085545,0.95649580,2.9497120618,2.9503003024,-5.8824058394e-04,3.9899124387,231.938968,0.981668069463,0.986292227487,0.33741232,0.021268956421,5.109004,10.119185,0.29702890,0,0,bootstrap(after chain)
0.025000,0.0137047695,0.0131212923,0.95742525,2.9497098987,2.9503003024,-5.9040369973e-04,3.9844313050,231.620343,0.981665071445,0.986292227487,0.33763107,0.021313133563,4.944746,9.787319,0.29884688,0,0,bootstrap(after chain)
0.025000,0.0137047695,0.0131330701,0.95828464,2.9497078108,2.9503003024,-5.9249160663e-04,3.9789501087,231.301713,0.981662573902,0.986292227487,0.33781331,0.021355629801,4.788437,9.471291,0.30065668,0,0,bootstrap(after chain)
0.025000,0.0137047695,0.0131439433,0.95907802,2.9497057949,2.9503003024,-5.9450749822e-04,3.9734688547,230.983081,0.981660561739,0.986292227487,0.33796013,0.021396504008,4.639561,9.170072,0.30245891,0,0,bootstrap(after chain)
0.025000,0.0137047695,0.0131539639,0.95980920,2.9497038480,2.9503003024,-5.9645437707e-04,3.9679875479,230.664445,0.981659020626,0.986292227487,0.33807259,0.021435811675,4.497649,8.882720,0.30425419,0,0,bootstrap(after chain)
0.025000,0.0137047695,0.0131631807,0.96048173,2.9497019674,2.9503003024,-5.9833507012e-04,3.9625061923,230.345806,0.981657936945,0.986292227487,0.33815166,0.021473605192,4.362266,8.608366,0.30604305,0,0,bootstrap(after chain)
0.025000,0.0137047695,0.0131716393,0.96109893,2.9497001502,2.9503003024,-6.0015224249e-04,3.9570247921,230.027165,0.981657297733,0.986292227487,0.33819830,0.021509934086,4.233013,8.346211,0.30782603,0,0,bootstrap(after chain)
0.025000,0.0137047695,0.0131793825,0.96166393,2.9496983940,2.9503003024,-6.0190840998e-04,3.9515433506,229.708522,0.981657090637,0.986292227487,0.33821341,0.021544845248,4.109522,8.095518,0.30960359,0,0,bootstrap(after chain)
0.025000,0.0137047695,0.0131864507,0.96217967,2.9496966965,2.9503003024,-6.0360595024e-04,3.9460618712,229.389876,0.981657303873,0.986292227487,0.33819785,0.021578383125,3.991452,7.855606,0.31137621,0,0,bootstrap(after chain)
0.025000,0.0137047695,0.0131928817,0.96264893,2.9496950553,2.9503003024,-6.0524711301e-04,3.9405803568,229.071228,0.981657926189,0.986292227487,0.33815244,0.021610589904,3.878488,7.625844,0.31314429,0,0,bootstrap(after chain)
0.025000,0.0137047695,0.0131987114,0.96307431,2.9496934684,2.9503003024,-6.0683402545e-04,3.9350988103,228.752579,0.981658946859,0.986292227487,0.33807797,0.021641505543,3.770340,7.405648,0.31490824,0,0,bootstrap(after chain)
0.032000,0.0151338167,0.0007566908,0.05000000,2.9360180495,2.9360957298,-7.7680248750e-05,4.4914066256,261.091499,0.981538920966,0.984863180280,0.21965770,0.011226882436,162.357687,324.712295,0.10502122,0,0,bootstrap(after chain)
0.032000,0.0151338167,0.0010170971,0.06720691,2.9360167809,2.9360957298,-7.8948891686e-05,4.4917085913,261.109053,0.981530442235,0.984863180280,0.22021795,0.011263388526,161.201577,322.400052,0.10539610,0,0,bootstrap(after chain)
0.032000,0.0151338167,0.0012582590,0.08314221,2.9360152759,2.9360957298,-8.0453823049e-05,4.4920648651,261.129763,0.981520408119,0.984863180280,0.22088097,0.011306549635,159.839780,319.676432,0.10583909,0,0,bootstrap(after chain)
0.032000,0.0151338167,0.0015467829,0.10220706,2.9360130606,2.9360957298,-8.2669209684e-05,4.4925855087,261.160029,0.981505682718,0.984863180280,0.22185399,0.011369806614,157.854003,315.704838,0.10648789,0,0,bootstrap(after chain)
0.032000,0.0151338167,0.0018115604,0.11970281,2.9360106322,2.9360957298,-8.5097566005e-05,4.4931509402,261.192898,0.981489602247,0.984863180280,0.22291654,0.011438769580,155.702922,311.402633,0.10719457,0,0,bootstrap(after chain)
0.032000,0.0151338167,0.0021278009,0.14059909,2.9360072399,2.9360957298,-8.8489871950e-05,4.4939315689,261.238277,0.981467239772,0.984863180280,0.22439419,0.011534469631,152.742227,305.481180,0.10817410,0,0,bootstrap(after chain)
0.032000,0.0151338167,0.0024191725,0.15985211,2.9360036445,2.9360957298,-9.2085294323e-05,4.4947470808,261.285684,0.981443660592,0.984863180280,0.22595223,0.011635113660,149.659734,299.316127,0.10920271,0,0,bootstrap(after chain)
0.032000,0.0151338167,0.0027697525,0.18301744,2.9359987274,2.9360957298,-9.7002363676e-05,4.4958424628,261.349360,0.981411604210,0.984863180280,0.22807043,0.011771496792,145.534848,291.066261,0.11059395,0,0,bootstrap(after chain)
0.032000,0.0151338167,0.0030960028,0.20457515,2.9359935783,2.9360957298,-1.0215147224e-04,4.4969646609,261.414595,0.981378252865,0.984863180280,0.23027419,0.011912830516,141.325203,282.646868,0.11203230,0,0,bootstrap(after chain)
0.032000,0.0151338167,0.0034932296,0.23082278,2.9359865728,2.9360957298,-1.0915697027e-04,4.4984501234,261.500947,0.981333200760,0.984863180280,0.23325111,0.012102816009,135.773559,271.543436,0.11395991,0,0,bootstrap(after chain)
0.032000,0.0151338167,0.0039771354,0.26279791,2.9359769630,2.9360957298,-1.1876676817e-04,4.5004092493,261.614834,0.981271930650,0.984863180280,0.23729966,0.012359415236,128.476261,256.948630,0.11655177,0,0,bootstrap(after chain)
0.032000,0.0151338167,0.0045705750,0.30201073,2.9359635945,2.9360957298,-1.3213528378e-04,4.5029806680,261.764314,0.981187533564,0.984863180280,0.24287639,0.012709392191,118.908112,237.812020,0.12006294,0,0,bootstrap(after chain)
0.032000,0.0151338167,0.0053110608,0.35093994,2.9359445164,2.9360957298,-1.5121338316e-04,4.5063319804,261.959130,0.981068329575,0.984863180280,0.25075305,0.013196597135,106.352039,212.699376,0.12489899,0,0,bootstrap(after chain)
0.032000,0.0151338167,0.0062727838,0.41448790,2.9359158388,2.9360957298,-1.7989093318e-04,4.5106392768,262.209519,0.980890677537,0.984863180280,0.26249180,0.013906873166,89.679792,179.354009,0.13182462,0,0,bootstrap(after chain)
0.032000,0.0151338167,0.0075818699,0.50098862,2.9358697442,2.9360957298,-2.2598558017e-04,4.5156202991,262.499072,0.980605326067,0.984863180280,0.28134702,0.015008607626,67.639910,135.272428,0.14222637,0,0,bootstrap(after chain)
0.032000,0.0151338167,0.0084051136,0.55538624,2.9358364457,2.9360957298,-2.5928409056e-04,4.5176272359,262.615738,0.980396844640,0.984863180280,0.29512288,0.015784970559,54.772652,109.536174,0.14927989,0,0,bootstrap(after chain)
0.032000,0.0151338167,0.0090701095,0.59932730,2.9358069199,2.9360957298,-2.8880986126e-04,4.5182055194,262.649355,0.980208950977,0.984863180280,0.30753837,0.016466149373,45.149852,90.288629,0.15527309,0,0,bootstrap(after chain)
0.032000,0.0151338167,0.0098992008,0.65411132,2.9357663941,2.9360957298,-3.2933568198e-04,4.5170025395,262.579424,0.979944774425,0.984863180280,0.32499441,0.017398144213,34.246313,68.478023,0.16318609,0,0,bootstrap(after chain)
0.032000,0.0151338167,0.0104943106,0.69343450,2.9357342960,2.9360957298,-3.6143376897e-04,4.5142394723,262.418803,0.979729213900,0.984863180280,0.33923804,0.018139947663,27.208037,54.397691,0.16927069,0,0,bootstrap(after chain)
0.032000,0.0151338167,0.0108852208,0.71926475,2.9357115292,2.9360957298,-3.8420053080e-04,4.5111947293,262.241808,0.979572395669,0.984863180280,0.34960015,0.018670992311,22.946415,45.871030,0.17353032,0,0,bootstrap(after chain)
0.032000,0.0151338167,0.0112550522,0.74370216,2.9356884718,2.9360957298,-4.0725791296e-04,4.5070854405,262.002930,0.979409902889,0.984863180280,0.36033722,0.019215030085,19.173808,38.321521,0.17783126,0,0,bootstrap(after chain)
0.032000,0.0151338167,0.0116082948,0.76704344,2.9356647134,2.9360957298,-4.3101636356e-04,4.5016360188,261.686147,0.979238279284,0.984863180280,0.37167762,0.019784206360,15.797044,31.562404,0.18228867,0,0,bootstrap(after chain)
0.032000,0.0151338167,0.0118937525,0.78590568,2.9356438955,2.9360957298,-4.5183428206e-04,4.4957022114,261.341207,0.979084144956,0.984863180280,0.38186238,0.020291906909,13.219723,26.401569,0.18625553,0,0,bootstrap(after chain)
0.032000,0.0151338167,0.0121159233,0.80058610,2.9356263516,2.9360957298,-4.6937820071e-04,4.4897334976,260.994238,0.978951366564,0.984863180280,0.39063601,0.020727585234,11.297843,22.551344,0.18967628,0,0,bootstrap(after chain)
0.032000,0.0151338167,0.0122938335,0.81234190,2.9356111612,2.9360957298,-4.8456851766e-04,4.4837436715,260.646041,0.978834174652,0.984863180280,0.39837972,0.021111530000,9.803232,19.555327,0.19272271,0,0,bootstrap(after chain)
0.032000,0.0151338167,0.0124387765,0.82191933,2.9355977703,2.9360957298,-4.9795946056e-04,4.4777399112,260.297034,0.978729097499,0.984863180280,0.40532292,0.021455855424,8.606727,17.155163,0.19549607,0,0,bootstrap(after chain)
0.032000,0.0151338167,0.0125580965,0.82980366,2.9355858137,2.9360957298,-5.0991608544e-04,4.4717263808,259.947460,0.978633848477,0.984863180280,0.41161671,0.021768479065,7.628195,15.190560,0.19806169,0,0,bootstrap(after chain)
0.032000,0.0151338167,0.0126568843,0.83633128,2.9355750353,2.9360957298,-5.2069447688e-04,4.4657056904,259.597469,0.978546822298,0.984863180280,0.41736715,0.022054916170,6.814622,13.555473,0.20046437,0,0,bootstrap(after chain)
0.032000,0.0151338167,0.0127388402,0.84174670,2.9355652469,2.9360957298,-5.3048286977e-04,4.4596795727,259.247163,0.978466836989,0.984863180280,0.42265236,0.022319195703,6.129230,12.176333,0.20273630,0,0,bootstrap(after chain)
0.032000,0.0151338167,0.0128067531,0.84623419,2.9355563051,2.9360957298,-5.3942470174e-04,4.4536492309,258.896611,0.978392989436,0.984863180280,0.42753199,0.022564371600,5.545552,11.000197,0.20490145,0,0,bootstrap(after chain)
0.032000,0.0151338167,0.0128627863,0.84993671,2.9355480973,2.9360957298,-5.4763244322e-04,4.4476155302,258.545864,0.978324568865,0.984863180280,0.43205303,0.022792828126,5.043979,9.987836,0.20697820,0,0,bootstrap(after chain)
0.032000,0.0151338167,0.0129086578,0.85296776,2.9355405334,2.9360957298,-5.5519635102e-04,4.4415791116,258.194959,0.978261002168,0.984863180280,0.43625334,0.023006472246,4.609632,9.109488,0.20898090,0,0,bootstrap(after chain)
0.032000,0.0151338167,0.0129457577,0.85541922,2.9355335395,2.9360957298,-5.6219025465e-04,4.4355404611,257.843924,0.978201817851,0.984863180280,0.44016407,0.023206860188,4.230999,8.342124,0.21092103,0,0,bootstrap(after chain)
0.032000,0.0151338167,0.0129752294,0.85736662,2.9355270542,2.9360957298,-5.6867552136e-04,4.4294999550,257.492781,0.978146621375,0.984863180280,0.44381130,0.023395283736,3.899023,7.667628,0.21280791,0,0,bootstrap(after chain)
0.032000,0.0151338167,0.0129980259,0.85887296,2.9355210259,2.9360957298,-5.7470385698e-04,4.4234578898,257.141548,0.978095077787,0.984863180280,0.44721716,0.023572830879,3.606476,7.071540,0.21464918,0,0,bootstrap(after chain)
0.032000,0.0151338167,0.0130149510,0.85999132,2.9355154104,2.9360957298,-5.8031933641e-04,4.4174145022,256.790237,0.978046899158,0.984863180280,0.45040067,0.023740429543,3.347517,6.542179,0.21645118,0,0,bootstrap(after chain)
0.032000,0.0151338167,0.0130266890,0.86076693,2.9355101699,2.9360957298,-5.8555990914e-04,4.4113699841,256.438861,0.978001835293,0.984863180280,0.45337836,0.023898879844,3.117375,6.070006,0.21821927,0,0,bootstrap(after chain)
0.032000,0.0151338167,0.0130338279,0.86123865,2.9355052712,2.9360957298,-5.9045853777e-04,4.4053244927,256.087429,0.977959666725,0.984863180280,0.45616474,0.024048878346,2.912118,5.647156,0.21995796,0,0,bootstrap(after chain)
0.032000,0.0151338167,0.0130368765,0.86144010,2.9355006857,2.9360957298,-5.9504407392e-04,4.3992781580,255.735947,0.977920199343,0.984863180280,0.45877263,0.024191036620,2.728473,5.267087,0.22167110,0,0,bootstrap(after chain)
0.032000,0.0151338167,0.0130362783,0.86140056,2.9354963878,2.9360957298,-5.9934194280e-04,4.3932310887,255.384423,0.977883260196,0.984863180280,0.46121347,0.024325895668,2.563697,4.924319,0.22336202,0,1,bootstrap(after chain)
0.032000,0.0151338167,0.0130324217,0.86114573,2.9354923551,2.9360957298,-6.0337468545e-04,4.3871833761,255.032861,0.977848694189,0.984863180280,0.46349749,0.024453937281,2.415474,4.614226,0.22503358,0,0,bootstrap(after chain)
0.032000,0.0151338167,0.0130256491,0.86069822,2.9354885674,2.9360957298,-6.0716239375e-04,4.3811350977,254.681267,0.977816361424,0.984863180280,0.46563395,0.024575593113,2.281837,4.332881,0.22668828,0,0,bootstrap(after chain)
0.032000,0.0151338167,0.0130162636,0.86007805,2.9354850067,2.9360957298,-6.1072306326e-04,4.3750863197,254.329643,0.977786135064,0.984863180280,0.46763122,0.024691251987,2.161106,4.076929,0.22832830,0,0,bootstrap(after chain)
0.032000,0.0151338167,0.0130045345,0.85930302,2.9354816569,2.9360957298,-6.1407288239e-04,4.3690370988,253.977994,0.977757899571,0.984863180280,0.46949694,0.024801265866,2.051835,3.843490,0.22995554,0,0,bootstrap(after chain)
0.032000,0.0151338167,0.0129907020,0.85838901,2.9354785033,2.9360957298,-6.1722647151e-04,4.3629874841,253.626322,0.977731549258,0.984863180280,0.47123810,0.024905954754,1.952777,3.630077,0.23157171,0,0,bootstrap(after chain)
0.032000,0.0151338167,0.0129749813,0.85735024,2.9354755327,2.9360957298,-6.2019708244e-04,4.3569375180,253.274629,0.977706987084,0.984863180280,0.47286110,0.025005610774,1.862848,3.434536,0.23317829,0,0,bootstrap(after chain)
0.032000,0.0151338167,0.0129575657,0.85619946,2.9354727330,2.9360957298,-6.2299676611e-04,4.3508872377,252.922918,0.977684123635,0.984863180280,0.47437185,0.025100501580,1.781106,3.254991,0.23477661,0,0,bootstrap(after chain)
0.032000,0.0151338167,0.0129386291,0.85494818,2.9354700932,2.9360957298,-6.2563651447e-04,4.3448366756,252.571191,0.977662876269,0.984863180280,0.47577582,0.025190873226,1.706723,3.089801,0.23636785,0,0,bootstrap(after chain)
0.032000,0.0151338167,0.0129183285,0.85360678,2.9354676034,2.9360957298,-6.2812638145e-04,4.3387858603,252.219449,0.977643168380,0.984863180280,0.47707806,0.025276952611,1.638975,2.937527,0.23795307,0,0,bootstrap(after chain)
0.032000,0.0151338167,0.0128968064,0.85218465,2.9354652542,2.9360957298,-6.3047558662e-04,4.3327348168,251.867694,0.977624928775,0.984863180280,0.47828328,0.025358949563,1.577220,2.796902,0.23953321,0,0,bootstrap(after chain)
0.032000,0.0151338167,0.0128741915,0.85069033,2.9354630372,2.9360957298,-6.3269260460e-04,4.3266835674,251.515926,0.977608091126,0.984863180280,0.47939586,0.025437058632,1.520893,2.666807,0.24110913,0,0,bootstrap(after chain)
0.032000,0.0151338167,0.0128506011,0.84913154,2.9354609445,2.9360957298,-6.3478524243e-04,4.3206321319,251.164148,0.977592593507,0.984863180280,0.48041990,0.025511460638,1.469491,2.546248,0.24268160,0,0,bootstrap(after chain)
0.032000,0.0151338167,0.0128261421,0.84751536,2.9354589691,2.9360957298,-6.3676070707e-04,4.3145805278,250.812360,0.977578377975,0.984863180280,0.48135923,0.025582324017,1.422566,2.434344,0.24425130,0,0,bootstrap(after chain)
0.032000,0.0151338167,0.0128009117,0.84584821,2.9354571041,2.9360957298,-6.3862566432e-04,4.3085287708,250.460564,0.977565390217,0.984863180280,0.48221742,0.025649805996,1.379718,2.330307,0.24581885,0,0,bootstrap(after chain)
0.032000,0.0151338167,0.0127749989,0.84413596,2.9354553435,2.9360957298,-6.4038629064e-04,4.3024768751,250.108759,0.977553579229,0.984863180280,0.48299786,0.025714053626,1.340588,2.233435,0.24738484,0,0,bootstrap(after chain)
0.032000,0.0151338167,0.0127484851,0.84238400,2.9354536814,2.9360957298,-6.4204831877e-04,4.2964248531,249.756947,0.977542897037,0.984863180280,0.48370371,0.025775204686,1.304855,2.143095,0.24894978,0,0,bootstrap(after chain)
0.032000,0.0151338167,0.0127214448,0.84059725,2.9354521127,2.9360957298,-6.4361707814e-04,4.2903727162,249.405128,0.977533298449,0.984863180280,0.48433795,0.025833388487,1.272229,2.058719,0.25051413,0,0,bootstrap(after chain)
0.032000,0.0151338167,0.0126939464,0.83878024,2.9354506322,2.9360957298,-6.4509753074e-04,4.2843204747,249.053303,0.977524740830,0.984863180280,0.48490342,0.025888726588,1.242450,1.979797,0.25207833,0,0,bootstrap(after chain)
0.032000,0.0151338167,0.0126660527,0.83693710,2.9354492355,2.9360957298,-6.4649430306e-04,4.2782681377,248.701472,0.977517183904,0.984863180280,0.48540276,0.025941333425,1.215281,1.905865,0.25364276,0,0,bootstrap(after chain)
0.032000,0.0151338167,0.0126378214,0.83507165,2.9354479180,2.9360957298,-6.4781171460e-04,4.2722157136,248.349637,0.977510589578,0.984863180280,0.48583849,0.025991316884,1.190508,1.836501,0.25520779,0,0,bootstrap(after chain)
0.032000,0.0151338167,0.0126093056,0.83318741,2.9354466760,2.9360957298,-6.4905380348e-04,4.2661632099,247.997797,0.977504921779,0.984863180280,0.48621300,0.026038778808,1.167937,1.771324,0.25677373,0,0,bootstrap(after chain)
0.032000,0.0151338167,0.0125805544,0.83128761,2.9354455054,2.9360957298,-6.5022434933e-04,4.2601106335,247.645952,0.977500146308,0.984863180280,0.48652855,0.026083815453,1.147391,1.709981,0.25834091,0,0,bootstrap(after chain)
0.032000,0.0151338167,0.0125516127,0.82937523,2.9354444029,2.9360957298,-6.5132689403e-04,4.2540579906,247.294104,0.977496230710,0.984863180280,0.48678729,0.026126517906,1.128711,1.652150,0.25990958,0,0,bootstrap(after chain)
0.032000,0.0151338167,0.0125225223,0.82745302,2.9354433650,2.9360957298,-6.5236476031e-04,4.2480052870,246.942252,0.977493144154,0.984863180280,0.48699124,0.026166972453,1.111749,1.597533,0.26148001,0,0,bootstrap(after chain)
0.032000,0.0151338167,0.0124933215,0.82552351,2.9354423887,2.9360957298,-6.5334106868e-04,4.2419525277,246.590397,0.977490857326,0.984863180280,0.48714234,0.026205260922,1.096371,1.545849,0.26305242,0,0,bootstrap(after chain)
0.032000,0.0151338167,0.0124640459,0.82358906,2.9354414710,2.9360957298,-6.5425875268e-04,4.2358997175,246.238539,0.977489342325,0.984863180280,0.48724245,0.026241460988,1.082456,1.496836,0.26462705,0,0,bootstrap(after chain)
0.032000,0.0151338167,0.0124347282,0.82165183,2.9354406092,2.9360957298,-6.5512057283e-04,4.2298468608,245.886679,0.977488572576,0.984863180280,0.48729331,0.026275646457,1.069890,1.450239,0.26620407,0,0,bootstrap(after chain)
0.032000,0.0151338167,0.0124053989,0.81971383,2.9354398006,2.9360957298,-6.5592912922e-04,4.2237939614,245.534815,0.977488522746,0.984863180280,0.48729661,0.026307887518,1.058572,1.405810,0.26778370,0,0,bootstrap(after chain)
0.032000,0.0151338167,0.0123760859,0.81777691,2.9354390429,2.9360957298,-6.5668687308e-04,4.2177410230,245.182950,0.977489168668,0.984863180280,0.48725393,0.026338250982,1.048406,1.363295,0.26936608,0,0,bootstrap(after chain)
0.040000,0.0169763061,0.0008488153,0.05000000,2.9197556387,2.9198349985,-7.9359734413e-05,4.8263992669,280.565071,0.978948848051,0.983020690872,0.23985446,0.012043140041,93.739747,187.474160,0.08981189,0,0,chained
0.040000,0.0169763061,0.0011532665,0.06793389,2.9197541533,2.9198349985,-8.0845142332e-05,4.8266868143,280.581787,0.978934714283,0.983020690872,0.24068702,0.012089539769,92.962432,185.919486,0.09013252,0,0,chained
0.040000,0.0169763061,0.0015222739,0.08967050,2.9197517502,2.9198349985,-8.3248305670e-05,4.8271487289,280.608638,0.978911904470,0.983020690872,0.24203065,0.012164320058,91.717409,183.429367,0.09064751,0,0,chained
0.040000,0.0169763061,0.0018627869,0.10972864,2.9197489488,2.9198349985,-8.6049692562e-05,4.8276820531,280.639641,0.978885400022,0.983020690872,0.24359191,0.012251054185,90.285439,180.565340,0.09124205,0,0,chained
0.040000,0.0169763061,0.0022698395,0.13370632,2.9197448683,2.9198349985,-9.0130127416e-05,4.8284490415,280.684227,0.978846950195,0.983020690872,0.24585682,0.012376574051,88.236377,176.467086,0.09209717,0,0,chained
0.040000,0.0169763061,0.0026440442,0.15574909,2.9197404182,2.9198349985,-9.4580219728e-05,4.8292722648,280.732082,0.978805215520,0.983020690872,0.24831523,0.012512407124,86.050368,172.094925,0.09301536,0,0,chained
0.040000,0.0169763061,0.0030926982,0.18217733,2.9197342060,2.9198349985,-1.0079247415e-04,4.8303985033,280.797552,0.978747273915,0.983020690872,0.25172832,0.012700277204,83.081586,166.157154,0.09427276,0,0,chained
0.040000,0.0169763061,0.0036280780,0.21371422,2.9197255508,2.9198349985,-1.0944768273e-04,4.8319233909,280.886196,0.978667103510,0.983020690872,0.25645080,0.012958852395,79.101112,158.195903,0.09597901,0,0,chained
0.040000,0.0169763061,0.0041239345,0.24292296,2.9197163377,2.9198349985,-1.1866073683e-04,4.8334905740,280.977298,0.978582384627,0.983020690872,0.26144122,0.013230365879,75.055406,150.104151,0.09773940,0,0,chained
0.040000,0.0169763061,0.0047269862,0.27844610,2.9197035916,2.9198349985,-1.3140682460e-04,4.8355649454,281.097884,0.978466046870,0.983020690872,0.26829417,0.013600317385,69.767117,139.527066,0.10008490,0,0,chained
0.040000,0.0169763061,0.0054636510,0.32183980,2.9196857332,2.9198349985,-1.4926530081e-04,4.8382918489,281.256403,0.978304334903,0.983020690872,0.27781992,0.014109034355,62.921698,125.835450,0.10320657,0,0,chained
0.040000,0.0169763061,0.0063741306,0.37547218,2.9196601668,2.9198349985,-1.7483166556e-04,4.8418421237,281.462785,0.978074437706,0.983020690872,0.29136216,0.014821426978,54.164254,108.319275,0.10736813,0,0,chained
0.040000,0.0169763061,0.0075256544,0.44330341,2.9196221541,2.9198349985,-2.1284435733e-04,4.8463874201,281.727009,0.977733508634,0.983020690872,0.31144480,0.015855594815,43.124966,86.238336,0.11295507,0,0,chained
0.040000,0.0169763061,0.0089555384,0.52753163,2.9195653930,2.9198349985,-2.6960545346e-04,4.8516660240,282.033862,0.977219497126,0.983020690872,0.34172297,0.017369249852,30.259452,60.502376,0.12013121,0,0,chained
0.040000,0.0169763061,0.0104674796,0.61659347,2.9194912770,2.9198349985,-3.4372147617e-04,4.8561495447,282.294495,0.976525006548,0.983020690872,0.38263237,0.019341623828,18.425393,36.823630,0.12770187,0,0,chained
0.040000,0.0169763061,0.0119937602,0.70650000,2.9193925888,2.9198349985,-4.4240965556e-04,4.8585454800,282.433774,0.975526057300,0.983020690872,0.44147611,0.022068864223,8.749190,17.441045,0.13508517,0,0,chained
0.040000,0.0169763061,0.0129807555,0.76463957,2.9192904544,2.9198349985,-5.4454409902e-04,4.8572965484,282.361172,0.974340375792,0.983020690872,0.51131942,0.025192804595,3.537889,6.931510,0.13986718,0,0,chained
0.040000,0.0169763061,0.0131744818,0.77605114,2.9192148806,2.9198349985,-6.2011783945e-04,4.8535419501,282.142912,0.973291446332,0.983020690872,0.57310727,0.027892245189,1.729569,3.140742,0.14167333,0,1,chained
0.040000,0.0169763061,0.0128655461,0.75785309,2.9191644247,2.9198349985,-6.7057373269e-04,4.8485030277,281.849992,0.972450718078,0.983020690872,0.62263090,0.030030679622,1.165358,1.763739,0.14215069,0,0,chained
0.040000,0.0169763061,0.0123224469,0.72586149,2.9191319209,2.9198349985,-7.0307759970e-04,4.8427474829,281.515415,0.971810188263,0.983020690872,0.66036171,0.031653911564,1.101368,1.562901,0.14228376,0,0,chained
0.040000,0.0169763061,0.0117025091,0.68934366,2.9191107799,2.9198349985,-7.2421853097e-04,4.8365986646,281.157976,0.971327475434,0.983020690872,0.68879622,0.032879311859,1.055001,1.391198,0.14245429,0,0,chained
0.040000,0.0169763061,0.0110748581,0.65237149,2.9190965893,2.9198349985,-7.3840916642e-04,4.8302326419,280.787910,0.970958627509,0.983020690872,0.71052344,0.033820823007,1.006190,1.117631,0.14276133,0,0,chained
0.040000,0.0169763061,0.0104647891,0.61643499,2.9190867489,2.9198349985,-7.4824960356e-04,4.8237411720,280.410552,0.970671002164,0.983020690872,0.72746619,0.034561208731,0.961856,1.000000,0.14321051,1,0,chained
0.040000,0.0169763061,0.0098796633,0.58196779,2.9190797477,2.9198349985,-7.5525078328e-04,4.8171731088,280.028742,0.970442463829,0.983020690872,0.74092838,0.035155968183,0.954259,1.000000,0.14378425,1,0,chained
0.040000,0.0169763061,0.0093199551,0.54899782,2.9190746805,2.9198349985,-7.6031800201e-04,4.8105557967,279.644069,0.970258109406,0.983020690872,0.75178790,0.035642207222,0.963484,1.000000,0.14446251,1,0,chained
0.040000,0.0169763061,0.0087835996,0.51740346,2.9190709815,2.9198349985,-7.6401695809e-04,4.8039054158,279.257473,0.970107700394,0.983020690872,0.76064783,0.036045292535,0.971829,1.000000,0.14522784,1,0,chained
0.040000,0.0169763061,0.0082676786,0.48701281,2.9190682823,2.9198349985,-7.6671613542e-04,4.7972320621,278.869542,0.969984006803,0.983020690872,0.76793408,0.036383069700,0.978973,1.000000,0.14606614,1,0,chained
0.040000,0.0169763061,0.0077690597,0.45764135,2.9190663338,2.9198349985,-7.6866471251e-04,4.7905423519,278.480660,0.969881779942,0.983020690872,0.77395582,0.036668454650,0.984906,1.000000,0.14696618,1,0,chained
0.040000,0.0169763061,0.0072846096,0.42910451,2.9190649617,2.9198349985,-7.7003679274e-04,4.7838408273,278.091092,0.969797111111,0.983020690872,0.77894329,0.036911041426,0.989729,1.000000,0.14791905,1,0,chained
0.040000,0.0169763061,0.0068112249,0.40121949,2.9190640409,2.9198349985,-7.7095751804e-04,4.7771307558,277.701026,0.969727022558,0.983020690872,0.78307190,0.037118122916,0.993575,1.000000,0.14891762,1,0,chained
0.040000,0.0169763061,0.0063457755,0.37380190,2.9190634794,2.9198349985,-7.7151907227e-04,4.7704146122,277.310608,0.969669199815,0.983020690872,0.78647799,0.037295356387,0.996574,1.000000,0.14995612,1,0,chained
0.040000,0.0169763061,0.0058849874,0.34665889,2.9190632076,2.9198349985,-7.7179082870e-04,4.7636943916,276.919952,0.969621811930,0.983020690872,0.78926940,0.037447209061,0.998846,1.000001,0.15102981,1,0,chained
0.040000,0.0169763061,0.0054252654,0.31957867,2.9190631725,2.9198349985,-7.7182598617e-04,4.7569718356,276.529161,0.969583387766,0.983020690872,0.79153280,0.037577263848,1.000502,1.032197,0.15213475,0,0,chained
0.040000,0.0169763061,0.0049624185,0.29231439,2.9190633324,2.9198349985,-7.7166603109e-04,4.7502486302,276.138332,0.969552728663,0.983020690872,0.79333879,0.037688434477,1.001621,1.058583,0.15326763,0,0,chained
0.040000,0.0169763061,0.0044912171,0.26455797,2.9190636546,2.9198349985,-7.7134382411e-04,4.7435266269,275.747573,0.969528845991,0.983020690872,0.79474562,0.037783118574,1.002286,1.069945,0.15442556,0,0,chained
0.040000,0.0169763061,0.0040045981,0.23589337,2.9190641127,2.9198349985,-7.7088579085e-04,4.7368081780,275.357021,0.969510914785,0.983020690872,0.79580187,0.037863310168,1.002561,1.074169,0.15560595,0,0,chained
0.040000,0.0169763061,0.0034920871,0.20570359,2.9190646849,2.9198349985,-7.7031355616e-04,4.7300967822,274.966878,0.969498238917,0.983020690872,0.79654855,0.037930681914,1.002499,1.073238,0.15680628,0,0,chained
0.040000,0.0169763061,0.0029361667,0.17295675,2.9190653532,2.9198349985,-7.6964528825e-04,4.7233986457,274.577507,0.969490223643,0.983020690872,0.79702069,0.037986644052,1.002148,1.067727,0.15802379,0,0,chained
0.040000,0.0169763061,0.0023018617,0.13559261,2.9190661012,2.9198349985,-7.6889722741e-04,4.7167276016,274.189710,0.969486350752,0.983020690872,0.79724883,0.038032378544,1.001549,1.057237,0.15925445,0,0,chained
0.040000,0.0169763061,0.0014917289,0.08787123,2.9190669108,2.9198349985,-7.6808771332e-04,4.7101294113,273.806148,0.969486140575,0.983020690872,0.79726121,0.038068799651,1.000744,1.039336,0.16048828,0,0,chained
0.050000,0.0195614360,0.0009780718,0.05000000,2.8993798670,2.8994633710,-8.3503932651e-05,5.1825069202,301.266087,0.975364758868,0.980435561001,0.25922443,0.013286727784,47.282399,94.554222,0.06882119,0,0,chained
0.050000,0.0195614360,0.0013459559,0.06880660,2.8993779883,2.8994633710,-8.5382644826e-05,5.1827394799,301.279606,0.975341201452,0.980435561001,0.26042871,0.013350394013,46.820079,93.629477,0.06906123,0,0,chained
0.050000,0.0195614360,0.0018027428,0.09215800,2.8993748289,2.8994633710,-8.8542091842e-05,5.1831291841,301.302260,0.975301696491,0.980435561001,0.26244824,0.013457029031,46.052068,92.093277,0.06945968,0,0,chained
0.050000,0.0195614360,0.0023584968,0.12056869,2.8993697511,2.8994633710,-9.3619895233e-05,5.1837519933,301.338465,0.975238485437,0.980435561001,0.26567965,0.013627312749,44.842227,89.673302,0.07008655,0,0,chained
0.050000,0.0195614360,0.0030207906,0.15442581,2.8993619325,2.8994633710,-1.0143847567e-04,5.1847030578,301.393752,0.975141784497,0.980435561001,0.27062310,0.013887006332,43.036870,86.062121,0.07102018,0,0,chained
0.050000,0.0195614360,0.0036243472,0.18528022,2.8993531333,2.8994633710,-1.1023766174e-04,5.1857630130,301.455368,0.975033780362,0.980435561001,0.27614438,0.014175906997,41.085564,82.158956,0.07202673,0,0,chained
0.050000,0.0195614360,0.0043389670,0.22181230,2.8993406459,2.8994633710,-1.2272503737e-04,5.1872510294,301.541869,0.974881812494,0.980435561001,0.28391313,0.014580376501,38.455880,76.898755,0.07337862,0,0,chained
0.050000,0.0195614360,0.0051754047,0.26457182,2.8993231601,2.8994633710,-1.4021092438e-04,5.1893096754,301.661540,0.974671138335,0.980435561001,0.29468300,0.015137235924,35.031931,70.049587,0.07512934,0,0,chained
0.050000,0.0195614360,0.0061433734,0.31405534,2.8992989948,2.8994633710,-1.6437616010e-04,5.1921253959,301.825222,0.974383021297,0.980435561001,0.30941183,0.015891735493,30.755018,61.493774,0.07729519,0,0,chained
0.050000,0.0195614360,0.0072467027,0.37045863,2.8992661186,2.8994633710,-1.9725238239e-04,5.1959496240,302.047530,0.973994439724,0.980435561001,0.32927650,0.016896980360,25.689774,51.360077,0.07981016,0,0,chained
0.050000,0.0195614360,0.0082076279,0.41958208,2.8992325521,2.8994633710,-2.3081892391e-04,5.1999164073,302.278124,0.973599028569,0.980435561001,0.34949032,0.017906221856,21.295904,42.568316,0.08191077,0,0,chained
0.050000,0.0195614360,0.0092759986,0.47419825,2.8991892327,2.8994633710,-2.7413827825e-04,5.2052575172,302.588610,0.973086617470,0.980435561001,0.37568528,0.019195202963,16.606800,33.183465,0.08398598,0,0,chained
0.050000,0.0195614360,0.0103436527,0.52877778,2.8991384932,2.8994633710,-3.2487773817e-04,5.2120534676,302.983668,0.972477501206,0.980435561001,0.40682391,0.020702359221,12.275689,24.510580,0.08557791,0,0,chained
0.050000,0.0195614360,0.0111861264,0.57184587,2.8990917742,2.8994633710,-3.7159675496e-04,5.2190736994,303.391763,0.971902395628,0.980435561001,0.43622387,0.022102988150,9.187396,18.320207,0.08629336,0,0,chained
0.050000,0.0195614360,0.0118466556,0.60561278,2.8990495532,2.8994633710,-4.1381776180e-04,5.2262668292,303.809909,0.971366292374,0.980435561001,0.46363000,0.023391049421,7.001587,13.931394,0.08634459,0,0,chained
0.050000,0.0195614360,0.0123637133,0.63204528,2.8990116524,2.8994633710,-4.5171854989e-04,5.2335880565,304.235502,0.970868295485,0.980435561001,0.48908810,0.024573692973,5.446966,10.801352,0.08591649,0,0,chained
0.050000,0.0195614360,0.0127685995,0.65274346,2.8989776120,2.8994633710,-4.8575897333e-04,5.2410029779,304.666542,0.970404792348,0.980435561001,0.51278284,0.025663318606,4.329421,8.541771,0.08514958,0,0,chained
0.050000,0.0195614360,0.0130854770,0.66894256,2.8989469087,2.8994633710,-5.1646224229e-04,5.2484867533,305.101583,0.969971415477,0.980435561001,0.53493749,0.026673050187,3.516022,6.886840,0.08414438,0,0,chained
0.050000,0.0195614360,0.0133325911,0.68157528,2.8989190528,2.8994633710,-5.4431814855e-04,5.2560218260,305.539607,0.969563960182,0.980435561001,0.55576701,0.027614822242,2.916639,5.656490,0.08297123,0,0,chained
0.050000,0.0195614360,0.0135236640,0.69134311,2.8988936194,2.8994633710,-5.6975154294e-04,5.2635957830,305.979892,0.969178714538,0.980435561001,0.57546115,0.028498833900,2.469767,4.728028,0.08167935,0,0,chained
0.050000,0.0195614360,0.0136690743,0.69877663,2.8988702517,2.8994633710,-5.9311928347e-04,5.2711997499,306.421920,0.968812520426,0.980435561001,0.59418136,0.029333579340,2.132905,4.016860,0.08030337,0,0,chained
0.050000,0.0195614360,0.0137767522,0.70428123,2.8988486535,2.8994633710,-6.1471749091e-04,5.2788272805,306.865319,0.968462730181,0.980435561001,0.61206298,0.030126071718,1.876298,3.463905,0.07886802,0,0,chained
0.050000,0.0195614360,0.0138528296,0.70817038,2.8988285797,2.8994633710,-6.3479131791e-04,5.2864736092,307.309810,0.968127132455,0.980435561001,0.62921907,0.030882100801,1.678868,3.027422,0.07739118,0,0,chained
0.050000,0.0195614360,0.0139021064,0.71068946,2.8988098267,2.8994633710,-6.5354426966e-04,5.2941351493,307.755186,0.967803876889,0.980435561001,0.64574421,0.031606466796,1.525534,2.677600,0.07588591,0,0,chained
0.050000,0.0195614360,0.0139283836,0.71203278,2.8987922248,2.8994633710,-6.7114616425e-04,5.3018091549,308.201286,0.967491407762,0.980435561001,0.66171795,0.032303175200,1.405410,2.392921,0.07436193,0,0,chained
0.050000,0.0195614360,0.0139347040,0.71235588,2.8987756314,2.8994633710,-6.8773962251e-04,5.3094934894,308.647987,0.967188408883,0.980435561001,0.67720755,0.032975593319,1.310564,2.157665,0.07282650,0,1,chained
0.050000,0.0195614360,0.0139235271,0.71178451,2.8987599257,2.8994633710,-7.0344525316e-04,5.3171864648,309.095190,0.966893758987,0.980435561001,0.69227034,0.033626574097,1.235164,1.960169,0.07128510,0,0,chained
0.050000,0.0195614360,0.0138968574,0.71042113,2.8987450052,2.8994633710,-7.1836576400e-04,5.3248867287,309.542817,0.966606496023,0.980435561001,0.70695551,0.034258553587,1.174878,1.791594,0.06974194,0,0,chained
0.050000,0.0195614360,0.0138563404,0.70834986,2.8987307818,2.8994633710,-7.3258921844e-04,5.3325931830,309.990803,0.966325788667,0.980435561001,0.72130555,0.034873627753,1.126454,1.645009,0.06820022,0,0,chained
0.050000,0.0195614360,0.0138033347,0.70564015,2.8987171794,2.8994633710,-7.4619162198e-04,5.3403049250,310.439097,0.966050913549,0.980435561001,0.73535744,0.035473613196,1.087427,1.514626,0.06666242,0,0,chained
0.050000,0.0195614360,0.0137389669,0.70234961,2.8987041320,2.8994633710,-7.5923898599e-04,5.3480212042,310.887655,0.965781236998,0.980435561001,0.74914357,0.036060095445,1.055908,1.394939,0.06513046,0,0,chained
0.050000,0.0195614360,0.0136641737,0.69852611,2.8986915820,2.8994633710,-7.7178898418e-04,5.3557413894,311.336440,0.965516200323,0.980435561001,0.76269251,0.036634467612,1.030434,1.279016,0.06360580,0,0,chained
0.050000,0.0195614360,0.0135797349,0.69420951,2.8986794787,2.8994633710,-7.8389229032e-04,5.3634649444,311.785420,0.965255307889,0.980435561001,0.77602959,0.037197961517,1.009860,1.150634,0.06208959,0,0,chained
0.050000,0.0195614360,0.0134862987,0.68943296,2.8986677773,2.8994633710,-7.9559366583e-04,5.3711914087,312.234570,0.964998117385,0.980435561001,0.78917742,0.037751672959,0.993286,1.000000,0.06058271,1,0,chained
0.050000,0.0195614360,0.0133844018,0.68422389,2.8986564381,2.8994633710,-8.0693284962e-04,5.3789203833,312.683866,0.964744231843,0.980435561001,0.80215630,0.038296582343,0.979993,1.000000,0.05908584,1,0,chained
0.050000,0.0195614360,0.0132744860,0.67860489,2.8986454257,2.8994633710,-8.1794529101e-04,5.3866515189,313.133287,0.964493293045,0.980435561001,0.81498454,0.038833571654,0.969405,1.000000,0.05759947,1,0,chained
0.050000,0.0195614360,0.0131569101,0.67259429,2.8986347082,2.8994633710,-8.2866275702e-04,5.3943845066,313.582816,0.964244976046,0.980435561001,0.82767875,0.039363438493,0.961058,1.000000,0.05612399,1,0,chained
0.050000,0.0195614360,0.0130319601,0.66620672,2.8986242571,2.8994633710,-8.3911383874e-04,5.4021190708,314.032436,0.963998984601,0.980435561001,0.84025408,0.039886907782,0.954574,1.000000,0.05465967,1,0,chained
0.050000,0.0195614360,0.0128998574,0.65945350,2.8986140466,2.8994633710,-8.4932437593e-04,5.4098549632,314.482134,0.963755047316,0.980435561001,0.85272440,0.040404641557,0.949643,1.000000,0.05320669,1,0,chained
0.050000,0.0195614360,0.0127607647,0.65234294,2.8986040532,2.8994633710,-8.5931781500e-04,5.4175919575,314.931896,0.963512914404,0.980435561001,0.86510247,0.040917247230,0.946010,1.000000,0.05176518,1,0,chained
0.050000,0.0195614360,0.0126147911,0.64488063,2.8985942555,2.8994633710,-8.6911551254e-04,5.4253298459,315.381710,0.963272354919,0.980435561001,0.87740011,0.041425284582,0.943464,1.000000,0.05033520,1,0,chained
0.050000,0.0195614360,0.0124619951,0.63706955,2.8985846340,2.8994633710,-8.7873699382e-04,5.4330684350,315.831565,0.963033154406,0.980435561001,0.88962828,0.041929271722,0.941830,1.000000,0.04891677,1,0,chained
0.050000,0.0195614360,0.0123023875,0.62891024,2.8985751708,2.8994633710,-8.8820017412e-04,5.4408075432,316.281449,0.962795112879,0.980435561001,0.90179720,0.042429690181,0.940962,1.000000,0.04750988,1,0,chained
0.050000,0.0195614360,0.0121359324,0.62040090,2.8985658494,2.8994633710,-8.9752154905e-04,5.4485469979,316.731354,0.962558043082,0.980435561001,0.91391644,0.042926989299,0.940738,1.000000,0.04611448,1,0,chained
0.050000,0.0195614360,0.0119625484,0.61153733,2.8985566546,2.8994633710,-9.0671635886e-04,5.4562866330,317.181270,0.962321768986,0.980435561001,0.92599500,0.043421590003,0.941053,1.000000,0.04473051,1,0,chained
0.050000,0.0195614360,0.0117821075,0.60231302,2.8985475722,2.8994633710,-9.1579873095e-04,5.4640262868,317.631186,0.962086124482,0.980435561001,0.93804139,0.043913888086,0.941821,1.000000,0.04335788,1,0,chained
0.050000,0.0195614360,0.0115944343,0.59271898,2.8985385892,2.8994633710,-9.2478180383e-04,5.4717658001,318.081094,0.961850952251,0.980435561001,0.95006362,0.044404257052,0.942968,1.000000,0.04199650,1,0,chained
0.050000,0.0195614360,0.0113993035,0.58274370,2.8985296931,2.8994633710,-9.3367783534e-04,5.4795050136,318.530985,0.961616102767,0.980435561001,0.96206936,0.044893050601,0.944431,1.000000,0.04064624,1,0,chained
0.050000,0.0195614360,0.0111964367,0.57237294,2.8985208727,2.8994633710,-9.4249829744e-04,5.4872437662,318.980849,0.961381433442,0.980435561001,0.97406589,0.045380604790,0.946157,1.000000,0.03930700,1,0,chained
0.050000,0.0195614360,0.0109854975,0.56158952,2.8985121170,2.8994633710,-9.5125395936e-04,5.4949818926,319.430677,0.961146807866,0.980435561001,0.98606018,0.045867239924,0.948100,1.000000,0.03797864,1,0,chained
0.050000,0.0195614360,0.0107660857,0.55037298,2.8985034160,2.8994633710,-9.5995496057e-04,5.5027192204,319.880458,0.960912095157,0.980435561001,0.99805893,0.046353262204,0.950220,1.000000,0.03666103,1,0,chained
0.050000,0.0195614360,0.0105377294,0.53869917,2.8984947601,2.8994633710,-9.6861087503e-04,5.5104555679,320.330183,0.960677169398,0.980435561001,1.01006857,0.046838965147,0.952485,1.000000,0.03535403,1,0,chained
0.050000,0.0195614360,0.0102998745,0.52653979,2.8984861402,2.8994633710,-9.7723076738e-04,5.5181907398,320.779838,0.960441909155,0.980435561001,1.02209530,0.047324630806,0.954864,1.000000,0.03405751,1,0,chained
0.050000,0.0195614360,0.0100518721,0.51386166,2.8984775477,2.8994633710,-9.8582324204e-04,5.5259245239,321.229414,0.960206197086,0.980435561001,1.03414514,0.047810530799,0.957334,1.000000,0.03277133,1,0,chained
0.050000,0.0195614360,0.0097929614,0.50062589,2.8984689745,2.8994633710,-9.9439648549e-04,5.5336566852,321.678895,0.959969919630,0.980435561001,1.04622387,0.048296927128,0.959872,1.000000,0.03149535,1,0,chained
0.050000,0.0195614360,0.0095222482,0.48678677,2.8984604127,2.8994633710,-1.0029583021e-03,5.5413869595,322.128266,0.959732966794,0.980435561001,1.05833714,0.048784072796,0.962460,1.000000,0.03022944,1,0,chained
0.050000,0.0195614360,0.0092386764,0.47229030,2.8984518548,2.8994633710,-1.0115161431e-03,5.5491150447,322.577510,0.959495232047,0.980435561001,1.07049037,0.049272212175,0.965081,1.000000,0.02897347,1,0,chained
0.050000,0.0195614360,0.0089409899,0.45707227,2.8984432938,2.8994633710,-1.0200771283e-03,5.5568405885,323.026606,0.959256612357,0.980435561001,1.08268885,0.049761581083,0.967721,1.000000,0.02772730,1,0,chained
0.050000,0.0195614360,0.0086276817,0.44105564,2.8984347229,2.8994633710,-1.0286480592e-03,5.5645631726,323.475530,0.959017008409,0.980435561001,1.09493764,0.050252406467,0.970368,1.000000,0.02649084,1,0,chained
0.050000,0.0195614360,0.0082969234,0.42414695,2.8984261356,2.8994633710,-1.0372354206e-03,5.5722822892,323.924253,0.958776325094,0.980435561001,1.10724161,0.050744905543,0.973012,1.000000,0.02526397,1,0,chained
0.050000,0.0195614360,0.0079464663,0.40623123,2.8984175256,2.8994633710,-1.0458453667e-03,5.5799973072,324.372737,0.958534472377,0.980435561001,1.11960536,0.051239284131,0.975642,1.000000,0.02404661,1,0,chained
0.050000,0.0195614360,0.0075734965,0.38716465,2.8984088873,2.8994633710,-1.0544836837e-03,5.5877074212,324.820936,0.958291366808,0.980435561001,1.13203316,0.051735733714,0.978250,1.000000,0.02283869,1,0,chained
0.050000,0.0195614360,0.0071744197,0.36676345,2.8984002153,2.8994633710,-1.0631557146e-03,5.5954115707,325.268789,0.958046934041,0.980435561001,1.14452880,0.052234426406,0.980829,1.000000,0.02164020,1,0,chained
0.050000,0.0195614360,0.0067445220,0.34478665,2.8983915048,2.8994633710,-1.0718662180e-03,5.6031083082,325.716211,0.957801113199,0.980435561001,1.15709541,0.052735506212,0.983372,1.000000,0.02045116,1,0,chained
0.050000,0.0195614360,0.0062774144,0.32090765,2.8983827519,2.8994633710,-1.0806191042e-03,5.6107955685,326.163081,0.957553864646,0.980435561001,1.16973500,0.053239073357,0.985874,1.000000,0.01927169,1,0,chained
0.050000,0.0195614360,0.0057640560,0.29466426,2.8983739541,2.8994633710,-1.0894169229e-03,5.6184702359,326.609220,0.957305184763,0.980435561001,1.18244776,0.053745154421,0.988328,1.000000,0.01810207,1,0,chained
0.050000,0.0195614360,0.0051908912,0.26536351,2.8983651112,2.8994633710,-1.0982597886e-03,5.6261272550,327.054333,0.957055136552,0.980435561001,1.19523048,0.054253640400,0.990729,1.000000,0.01694284,1,0,chained
0.050000,0.0195614360,0.0045358535,0.23187733,2.8983562281,2.8994633710,-1.1071428461e-03,5.6337575474,327.497892,0.956803921114,0.980435561001,1.20807286,0.054764141979,0.993072,1.000000,0.01579515,1,0,chained
0.050000,0.0195614360,0.0037582030,0.19212306,2.8983473219,2.8994633710,-1.1160490885e-03,5.6413421193,327.938794,0.956552081090,0.980435561001,1.22094717,0.055275577233,0.995347,1.000000,0.01466158,1,0,chained
0.050000,0.0195614360,0.0027639349,0.14129509,2.8983384495,2.8994633710,-1.1249214741e-03,5.6488291518,328.374025,0.956301286759,0.980435561001,1.23376802,0.055784578593,0.997539,1.000000,0.01354949,1,0,chained
0.050000,0.0195614360,0.0011674151,0.05967942,2.8983299358,2.8994633710,-1.1334352078e-03,5.6559462600,328.787752,0.956060762608,0.980435561001,1.24606386,0.056272466083,0.999570,1.000000,0.01249858,1,0,chained
